{
"type": "FeatureCollection",
"name": "bay_area_zcta",
"crs": { "type": "name", "properties": { "name": "urn:ogc:def:crs:OGC:1.3:CRS84" } },
"features": [
{ "type": "Feature", "properties": { "zip": "94019" }, "geometry": { "type": "Polygon", "coordinates": [ [ [ -122.495581, 37.500064 ], [ -122.493541, 37.501564 ], [ -122.486968, 37.503612 ], [ -122.48741, 37.504141 ], [ -122.493342, 37.502518 ], [ -122.491711, 37.504059 ], [ -122.49289, 37.505129 ], [ -122.490152, 37.505784 ], [ -122.487042, 37.504743 ], [ -122.488181, 37.509951 ], [ -122.487796, 37.511594 ], [ -122.489093, 37.512973 ], [ -122.488924, 37.51727 ], [ -122.489642, 37.518484 ], [ -122.4885, 37.521521 ], [ -122.48627, 37.519966 ], [ -122.482292, 37.52554 ], [ -122.478821, 37.527944 ], [ -122.472305, 37.530618 ], [ -122.458538, 37.533331 ], [ -122.452907, 37.531745 ], [ -122.451565, 37.535284 ], [ -122.448632, 37.539344 ], [ -122.444945, 37.538176 ], [ -122.441032, 37.538607 ], [ -122.434685, 37.534033 ], [ -122.402067, 37.534012 ], [ -122.400007, 37.53626 ], [ -122.390386, 37.528531 ], [ -122.383751, 37.525635 ], [ -122.379837, 37.521338 ], [ -122.377684, 37.517567 ], [ -122.376301, 37.512964 ], [ -122.371955, 37.507924 ], [ -122.373827, 37.505631 ], [ -122.371633, 37.502041 ], [ -122.369401, 37.500682 ], [ -122.368438, 37.49841 ], [ -122.370163, 37.497445 ], [ -122.369171, 37.49541 ], [ -122.364962, 37.492358 ], [ -122.364758, 37.491201 ], [ -122.366261, 37.490811 ], [ -122.365737, 37.489893 ], [ -122.363044, 37.48954 ], [ -122.363887, 37.488088 ], [ -122.362895, 37.484406 ], [ -122.359862, 37.485052 ], [ -122.358617, 37.483691 ], [ -122.35972, 37.481168 ], [ -122.359476, 37.47882 ], [ -122.362591, 37.477548 ], [ -122.363934, 37.478332 ], [ -122.368881, 37.478714 ], [ -122.369114, 37.447807 ], [ -122.351511, 37.447749 ], [ -122.351467, 37.444985 ], [ -122.353883, 37.445407 ], [ -122.36563, 37.441446 ], [ -122.370416, 37.437628 ], [ -122.354606, 37.436456 ], [ -122.350664, 37.43425 ], [ -122.34423, 37.43401 ], [ -122.335978, 37.43002 ], [ -122.33094, 37.428674 ], [ -122.320627, 37.431131 ], [ -122.319929, 37.429814 ], [ -122.317512, 37.428788 ], [ -122.316598, 37.429691 ], [ -122.313779, 37.428562 ], [ -122.313093, 37.430054 ], [ -122.310722, 37.427214 ], [ -122.315224, 37.424387 ], [ -122.318329, 37.425126 ], [ -122.3204, 37.424296 ], [ -122.320012, 37.421248 ], [ -122.321606, 37.420088 ], [ -122.321545, 37.421048 ], [ -122.325248, 37.423667 ], [ -122.325818, 37.421541 ], [ -122.329045, 37.422867 ], [ -122.328203, 37.421692 ], [ -122.33006, 37.421064 ], [ -122.330244, 37.420095 ], [ -122.331892, 37.421193 ], [ -122.334948, 37.421093 ], [ -122.338732, 37.422896 ], [ -122.342818, 37.422848 ], [ -122.335537, 37.419515 ], [ -122.340005, 37.403624 ], [ -122.348983, 37.403691 ], [ -122.348978, 37.400209 ], [ -122.358165, 37.399991 ], [ -122.358173, 37.392082 ], [ -122.34926, 37.392062 ], [ -122.349257, 37.389147 ], [ -122.341705, 37.389184 ], [ -122.341678, 37.385845 ], [ -122.334598, 37.385861 ], [ -122.335606, 37.383719 ], [ -122.334286, 37.379331 ], [ -122.336803, 37.377328 ], [ -122.33605, 37.375326 ], [ -122.338035, 37.375296 ], [ -122.341275, 37.372459 ], [ -122.343244, 37.372388 ], [ -122.346098, 37.366014 ], [ -122.348712, 37.363353 ], [ -122.349125, 37.36165 ], [ -122.351739, 37.359486 ], [ -122.359261, 37.357605 ], [ -122.365319, 37.352397 ], [ -122.370574, 37.350451 ], [ -122.372084, 37.348549 ], [ -122.374173, 37.348843 ], [ -122.376287, 37.346222 ], [ -122.38012, 37.34512 ], [ -122.38344, 37.347097 ], [ -122.383665, 37.348982 ], [ -122.384933, 37.349482 ], [ -122.389095, 37.347056 ], [ -122.391219, 37.347575 ], [ -122.394974, 37.346725 ], [ -122.39597, 37.345373 ], [ -122.394602, 37.343175 ], [ -122.394889, 37.340082 ], [ -122.391295, 37.330046 ], [ -122.392714, 37.328948 ], [ -122.395273, 37.329057 ], [ -122.39753, 37.327943 ], [ -122.404008977882, 37.318563799196099 ], [ -122.401323, 37.337009 ], [ -122.40085, 37.359225 ], [ -122.407752, 37.363931 ], [ -122.409258, 37.374805 ], [ -122.415677250894007, 37.3829214993657 ], [ -122.41627, 37.383976 ], [ -122.415409, 37.385372 ], [ -122.41872, 37.387092 ], [ -122.422879, 37.392516 ], [ -122.422134, 37.396219 ], [ -122.423718050355006, 37.396813238966402 ], [ -122.424163, 37.401212 ], [ -122.428441, 37.405932 ], [ -122.427412, 37.409617 ], [ -122.431871, 37.412144 ], [ -122.434123, 37.416551 ], [ -122.435514, 37.421699 ], [ -122.438606, 37.425134 ], [ -122.443687, 37.435941 ], [ -122.445987, 37.461541 ], [ -122.452087, 37.48054 ], [ -122.459577, 37.492731 ], [ -122.472388, 37.50054 ], [ -122.485888, 37.494641 ], [ -122.493146511674993, 37.492528029888298 ], [ -122.496227, 37.498189 ], [ -122.495581, 37.500064 ] ], [ [ -122.485232, 37.50851 ], [ -122.48186, 37.505534 ], [ -122.467397, 37.499756 ], [ -122.466926, 37.500487 ], [ -122.462572, 37.500107 ], [ -122.463112, 37.503212 ], [ -122.465941, 37.505214 ], [ -122.46386, 37.50497 ], [ -122.463631, 37.506804 ], [ -122.464961, 37.506807 ], [ -122.467151, 37.509648 ], [ -122.46942, 37.510315 ], [ -122.469989, 37.508283 ], [ -122.473452, 37.507196 ], [ -122.472373, 37.508594 ], [ -122.474086, 37.508819 ], [ -122.473969, 37.510858 ], [ -122.475334, 37.511542 ], [ -122.475345, 37.509591 ], [ -122.48187, 37.512416 ], [ -122.485232, 37.50851 ] ] ] } },
{ "type": "Feature", "properties": { "zip": "95431" }, "geometry": { "type": "Polygon", "coordinates": [ [ [ -122.521116, 38.348886 ], [ -122.517408, 38.349414 ], [ -122.519348, 38.351343 ], [ -122.517479, 38.351609 ], [ -122.514957, 38.349788 ], [ -122.511068, 38.352365 ], [ -122.509963, 38.350038 ], [ -122.512725, 38.34856 ], [ -122.514676, 38.349119 ], [ -122.517045, 38.346171 ], [ -122.518764, 38.345812 ], [ -122.518287, 38.345122 ], [ -122.518955, 38.344484 ], [ -122.518775, 38.345079 ], [ -122.520843, 38.347002 ], [ -122.519943, 38.347682 ], [ -122.521116, 38.348886 ] ] ] } },
{ "type": "Feature", "properties": { "zip": "95472" }, "geometry": { "type": "Polygon", "coordinates": [ [ [ -123.008761, 38.458527 ], [ -123.00646, 38.460073 ], [ -123.003484, 38.458569 ], [ -123.000985, 38.459003 ], [ -122.996349, 38.456277 ], [ -122.992218, 38.455962 ], [ -122.988241, 38.453559 ], [ -122.979776, 38.455751 ], [ -122.975224, 38.459634 ], [ -122.975108, 38.461471 ], [ -122.969963, 38.461583 ], [ -122.969281, 38.462804 ], [ -122.965113, 38.464795 ], [ -122.963473, 38.464502 ], [ -122.960818, 38.461347 ], [ -122.957293, 38.459894 ], [ -122.95636, 38.460247 ], [ -122.956569, 38.461625 ], [ -122.955004, 38.461454 ], [ -122.953762, 38.462445 ], [ -122.954178, 38.463634 ], [ -122.953234, 38.466245 ], [ -122.948922, 38.466667 ], [ -122.949264, 38.464378 ], [ -122.948441, 38.462401 ], [ -122.94809, 38.462983 ], [ -122.945841, 38.462594 ], [ -122.944991, 38.461444 ], [ -122.944797, 38.463536 ], [ -122.941975, 38.464378 ], [ -122.942232, 38.47328 ], [ -122.936103, 38.473297 ], [ -122.936055, 38.461105 ], [ -122.935054, 38.458728 ], [ -122.901913, 38.459362 ], [ -122.900413, 38.453033 ], [ -122.899116, 38.452512 ], [ -122.897475, 38.452794 ], [ -122.897499, 38.454045 ], [ -122.893809, 38.454606 ], [ -122.896696, 38.463381 ], [ -122.89353, 38.464457 ], [ -122.889883, 38.467343 ], [ -122.889195, 38.467549 ], [ -122.886818, 38.465688 ], [ -122.883931, 38.460991 ], [ -122.880072, 38.462653 ], [ -122.87851, 38.462674 ], [ -122.876917, 38.461123 ], [ -122.876317, 38.462039 ], [ -122.867474, 38.462065 ], [ -122.874024, 38.468275 ], [ -122.868983, 38.471238 ], [ -122.866792, 38.470674 ], [ -122.864803, 38.474623 ], [ -122.862143, 38.474249 ], [ -122.86128, 38.475782 ], [ -122.859495, 38.47671 ], [ -122.860695, 38.478755 ], [ -122.85966, 38.479404 ], [ -122.851614, 38.482013 ], [ -122.850545, 38.47866 ], [ -122.853207, 38.478619 ], [ -122.853191, 38.476773 ], [ -122.85554, 38.476748 ], [ -122.855519, 38.472181 ], [ -122.852627, 38.472211 ], [ -122.851831, 38.4695 ], [ -122.848907, 38.469466 ], [ -122.848572, 38.463177 ], [ -122.846819, 38.460223 ], [ -122.846771, 38.458232 ], [ -122.853948, 38.45821 ], [ -122.856804, 38.456815 ], [ -122.856848, 38.454446 ], [ -122.850224, 38.454569 ], [ -122.847575, 38.450989 ], [ -122.834645, 38.452169 ], [ -122.836006, 38.44735 ], [ -122.838716, 38.444663 ], [ -122.838838, 38.434801 ], [ -122.83471, 38.433401 ], [ -122.834654, 38.431401 ], [ -122.833522, 38.430567 ], [ -122.830302, 38.430562 ], [ -122.829715, 38.429902 ], [ -122.829515, 38.42581 ], [ -122.827683, 38.423066 ], [ -122.82387, 38.420362 ], [ -122.824736, 38.416573 ], [ -122.822478, 38.415482 ], [ -122.82032, 38.415976 ], [ -122.815076, 38.41218 ], [ -122.817115, 38.409319 ], [ -122.812599, 38.409342 ], [ -122.812579, 38.41962 ], [ -122.810519, 38.423254 ], [ -122.809628, 38.423256 ], [ -122.80963, 38.420598 ], [ -122.808874, 38.420583 ], [ -122.808556, 38.42326 ], [ -122.795009, 38.423319 ], [ -122.794997, 38.419752 ], [ -122.797283, 38.419652 ], [ -122.796827, 38.414578 ], [ -122.798297, 38.414329 ], [ -122.799142, 38.411384 ], [ -122.798018, 38.409922 ], [ -122.816385, 38.403468 ], [ -122.816383, 38.401089 ], [ -122.815612, 38.401193 ], [ -122.815666, 38.399905 ], [ -122.813972, 38.397984 ], [ -122.81229, 38.397231 ], [ -122.808276, 38.396171 ], [ -122.800392, 38.395801 ], [ -122.798978, 38.394584 ], [ -122.797147, 38.390653 ], [ -122.797077, 38.386709 ], [ -122.798058, 38.385166 ], [ -122.794108, 38.382336 ], [ -122.787571, 38.383124 ], [ -122.787665, 38.386855 ], [ -122.781106, 38.386971 ], [ -122.779984, 38.387701 ], [ -122.784981, 38.392885 ], [ -122.780752, 38.395553 ], [ -122.768845, 38.385671 ], [ -122.768786, 38.366079 ], [ -122.766479, 38.3655 ], [ -122.761729, 38.362075 ], [ -122.756146, 38.360084 ], [ -122.753433, 38.356348 ], [ -122.750559, 38.354357 ], [ -122.750837, 38.340118 ], [ -122.748571, 38.338047 ], [ -122.749564, 38.334575 ], [ -122.751739, 38.335007 ], [ -122.758527, 38.333621 ], [ -122.760224, 38.331369 ], [ -122.7607, 38.328578 ], [ -122.763497, 38.328576 ], [ -122.76475, 38.326029 ], [ -122.768467, 38.326083 ], [ -122.768507, 38.32962 ], [ -122.76959, 38.329688 ], [ -122.769562, 38.325946 ], [ -122.777651, 38.325946 ], [ -122.777707, 38.329091 ], [ -122.805373, 38.328426 ], [ -122.805423, 38.331259 ], [ -122.809457, 38.332484 ], [ -122.809998, 38.33231 ], [ -122.809885, 38.326431 ], [ -122.814338, 38.326446 ], [ -122.815028, 38.327959 ], [ -122.823704, 38.328019 ], [ -122.823666, 38.328736 ], [ -122.824914, 38.328735 ], [ -122.824951, 38.335535 ], [ -122.833068, 38.336194 ], [ -122.836113, 38.337591 ], [ -122.834232, 38.338063 ], [ -122.840727, 38.33865 ], [ -122.844658, 38.344178 ], [ -122.847104, 38.344252 ], [ -122.845504, 38.33976 ], [ -122.85705, 38.342313 ], [ -122.855827, 38.341139 ], [ -122.869929, 38.344421 ], [ -122.86986, 38.341618 ], [ -122.870671, 38.339691 ], [ -122.880781, 38.338598 ], [ -122.881309, 38.332029 ], [ -122.882891, 38.327973 ], [ -122.887614, 38.328029 ], [ -122.888196, 38.345845 ], [ -122.891012, 38.350032 ], [ -122.888487, 38.350609 ], [ -122.88821, 38.356127 ], [ -122.894177, 38.354829 ], [ -122.896697, 38.353389 ], [ -122.909629, 38.349316 ], [ -122.912402, 38.350152 ], [ -122.91632, 38.349518 ], [ -122.92129, 38.354636 ], [ -122.920825, 38.35681 ], [ -122.916538, 38.360899 ], [ -122.916258, 38.363684 ], [ -122.914728, 38.364487 ], [ -122.921398, 38.3645 ], [ -122.923402, 38.363437 ], [ -122.9256, 38.364508 ], [ -122.929223, 38.364516 ], [ -122.929039, 38.379777 ], [ -122.926387, 38.378035 ], [ -122.92307, 38.37909 ], [ -122.925096, 38.378619 ], [ -122.932243, 38.381228 ], [ -122.933017, 38.384914 ], [ -122.932026, 38.385806 ], [ -122.931334, 38.391339 ], [ -122.932423, 38.392178 ], [ -122.933741, 38.391386 ], [ -122.937673, 38.393326 ], [ -122.940214, 38.396983 ], [ -122.940708, 38.399552 ], [ -122.943801, 38.402645 ], [ -122.947316, 38.404026 ], [ -122.947738, 38.407936 ], [ -122.95129, 38.41283 ], [ -122.951817, 38.419261 ], [ -122.954722, 38.423201 ], [ -122.959295, 38.425295 ], [ -122.95972, 38.427169 ], [ -122.962424, 38.430309 ], [ -122.972101, 38.434128 ], [ -122.976107, 38.440048 ], [ -122.975887, 38.442851 ], [ -122.980006, 38.444583 ], [ -122.980922, 38.44584 ], [ -122.98095, 38.448776 ], [ -123.000328, 38.448701 ], [ -122.999608, 38.450899 ], [ -123.000536, 38.453632 ], [ -123.002263, 38.454031 ], [ -123.005198, 38.456417 ], [ -123.007954, 38.457026 ], [ -123.008761, 38.458527 ] ], [ [ -122.87395, 38.43358 ], [ -122.873395, 38.429504 ], [ -122.869577, 38.425995 ], [ -122.865108, 38.427638 ], [ -122.865761, 38.432026 ], [ -122.8657, 38.434297 ], [ -122.864894, 38.434261 ], [ -122.865201, 38.436245 ], [ -122.867248, 38.436463 ], [ -122.867821, 38.44123 ], [ -122.869857, 38.441395 ], [ -122.868927, 38.43906 ], [ -122.870052, 38.43893 ], [ -122.869784, 38.436271 ], [ -122.87258, 38.436195 ], [ -122.87395, 38.43358 ] ] ] } },
{ "type": "Feature", "properties": { "zip": "95053" }, "geometry": { "type": "Polygon", "coordinates": [ [ [ -121.94184, 37.35074 ], [ -121.94112, 37.34947 ], [ -121.938223, 37.350501 ], [ -121.93736, 37.35202 ], [ -121.9325, 37.34855 ], [ -121.93365, 37.34533 ], [ -121.935804, 37.345622 ], [ -121.93844, 37.34749 ], [ -121.94124, 37.34651 ], [ -121.94335, 37.3502 ], [ -121.94184, 37.35074 ] ] ] } },
{ "type": "Feature", "properties": { "zip": "94559" }, "geometry": { "type": "Polygon", "coordinates": [ [ [ -122.389896, 38.260695 ], [ -122.389272, 38.267867 ], [ -122.377088, 38.27962 ], [ -122.378547, 38.284181 ], [ -122.386773, 38.298092 ], [ -122.37863, 38.301464 ], [ -122.372556, 38.292398 ], [ -122.372493, 38.290488 ], [ -122.360014, 38.289705 ], [ -122.347433, 38.27992 ], [ -122.335046, 38.278878 ], [ -122.333766, 38.276797 ], [ -122.334715, 38.274009 ], [ -122.331258, 38.270086 ], [ -122.330022, 38.272197 ], [ -122.326457, 38.274696 ], [ -122.324784, 38.278048 ], [ -122.325337, 38.281254 ], [ -122.324752, 38.279869 ], [ -122.321754, 38.277332 ], [ -122.320771, 38.275134 ], [ -122.321127, 38.272937 ], [ -122.318457, 38.267322 ], [ -122.319872, 38.265833 ], [ -122.318533, 38.261592 ], [ -122.312145, 38.258826 ], [ -122.306384, 38.258362 ], [ -122.306452, 38.259828 ], [ -122.302424, 38.260798 ], [ -122.300661, 38.262186 ], [ -122.299349, 38.266188 ], [ -122.29899, 38.274647 ], [ -122.302226, 38.292202 ], [ -122.301844, 38.296276 ], [ -122.304783, 38.306787 ], [ -122.301531, 38.307337 ], [ -122.301269, 38.306417 ], [ -122.298245, 38.30734 ], [ -122.298379, 38.307908 ], [ -122.295013, 38.308515 ], [ -122.294737, 38.307988 ], [ -122.294378, 38.308624 ], [ -122.289391, 38.309524 ], [ -122.287881, 38.307697 ], [ -122.285082, 38.308557 ], [ -122.285145, 38.310231 ], [ -122.276446, 38.310652 ], [ -122.274439, 38.311629 ], [ -122.275727, 38.313158 ], [ -122.271794, 38.313734 ], [ -122.270364, 38.314668 ], [ -122.269544, 38.312268 ], [ -122.270894, 38.311153 ], [ -122.266333, 38.311747 ], [ -122.267461, 38.310905 ], [ -122.266458, 38.307646 ], [ -122.264295, 38.306336 ], [ -122.262376, 38.308059 ], [ -122.259628, 38.307363 ], [ -122.259098, 38.304243 ], [ -122.257649, 38.303556 ], [ -122.258195, 38.302669 ], [ -122.260435, 38.3025 ], [ -122.259894, 38.30184 ], [ -122.261228, 38.298234 ], [ -122.263482, 38.297934 ], [ -122.265396, 38.29863 ], [ -122.264675, 38.300501 ], [ -122.26612, 38.300511 ], [ -122.267392, 38.296968 ], [ -122.271657, 38.297712 ], [ -122.271667, 38.297089 ], [ -122.269439, 38.29712 ], [ -122.268622, 38.295931 ], [ -122.261222, 38.296382 ], [ -122.256939, 38.295256 ], [ -122.258104, 38.292531 ], [ -122.263349, 38.293933 ], [ -122.264074, 38.289418 ], [ -122.260205, 38.288645 ], [ -122.261231, 38.289565 ], [ -122.25729, 38.292118 ], [ -122.251845, 38.293423 ], [ -122.251474, 38.294834 ], [ -122.250109, 38.291951 ], [ -122.248902, 38.293269 ], [ -122.247466, 38.293359 ], [ -122.247674, 38.290477 ], [ -122.244133, 38.288697 ], [ -122.24451, 38.293352 ], [ -122.24232, 38.293225 ], [ -122.242216, 38.294592 ], [ -122.241138, 38.294492 ], [ -122.240365, 38.293509 ], [ -122.24049, 38.291291 ], [ -122.239026, 38.291429 ], [ -122.23898, 38.292624 ], [ -122.236703, 38.29217 ], [ -122.23694, 38.289628 ], [ -122.234433, 38.289389 ], [ -122.234636, 38.287042 ], [ -122.22729, 38.28694 ], [ -122.227179, 38.279874 ], [ -122.217917, 38.27993 ], [ -122.217954, 38.282537 ], [ -122.213782, 38.279671 ], [ -122.210401, 38.280052 ], [ -122.208811, 38.278912 ], [ -122.208482, 38.272214 ], [ -122.210982, 38.271914 ], [ -122.212282, 38.272814 ], [ -122.216482, 38.266015 ], [ -122.216882, 38.262315 ], [ -122.212982, 38.259115 ], [ -122.208481, 38.258415 ], [ -122.202981, 38.259215 ], [ -122.196781, 38.258415 ], [ -122.193281, 38.256415 ], [ -122.19518, 38.250716 ], [ -122.199481, 38.250915 ], [ -122.2008, 38.249411 ], [ -122.204367, 38.249302 ], [ -122.20649, 38.250933 ], [ -122.209081, 38.251115 ], [ -122.211081, 38.252215 ], [ -122.212481, 38.248715 ], [ -122.210181, 38.247415 ], [ -122.209582, 38.244816 ], [ -122.208284, 38.244216 ], [ -122.205389, 38.24462 ], [ -122.204379, 38.241019 ], [ -122.201772, 38.240323 ], [ -122.197187, 38.232817 ], [ -122.194981, 38.225222 ], [ -122.193582, 38.223524 ], [ -122.193374, 38.221215 ], [ -122.196177, 38.21892 ], [ -122.196281, 38.216116 ], [ -122.194681, 38.215214 ], [ -122.19398, 38.213614 ], [ -122.19498, 38.212317 ], [ -122.199573, 38.210622 ], [ -122.201478, 38.21162 ], [ -122.204167, 38.209699 ], [ -122.219911, 38.215059 ], [ -122.222224, 38.216132 ], [ -122.222653, 38.219149 ], [ -122.223774, 38.220916 ], [ -122.222269, 38.221726 ], [ -122.222267, 38.225701 ], [ -122.226245, 38.225662 ], [ -122.226192, 38.22151 ], [ -122.232627, 38.221525 ], [ -122.234117, 38.220115 ], [ -122.237073, 38.221152 ], [ -122.245209, 38.221258 ], [ -122.253264, 38.222599 ], [ -122.25349, 38.229208 ], [ -122.267193, 38.240141 ], [ -122.268671, 38.243544 ], [ -122.271431, 38.253791 ], [ -122.270769, 38.263959 ], [ -122.271483, 38.268807 ], [ -122.254932, 38.268013 ], [ -122.255283, 38.272515 ], [ -122.251432, 38.274803 ], [ -122.252151, 38.27754 ], [ -122.265604, 38.277947 ], [ -122.265537, 38.279268 ], [ -122.267142, 38.279358 ], [ -122.267879, 38.27927 ], [ -122.268191, 38.278091 ], [ -122.273701, 38.27831 ], [ -122.274013, 38.28048 ], [ -122.285211, 38.281676 ], [ -122.281909, 38.278298 ], [ -122.283057, 38.274562 ], [ -122.286491, 38.272134 ], [ -122.286973, 38.270604 ], [ -122.284502, 38.265074 ], [ -122.286685, 38.261517 ], [ -122.286175, 38.259829 ], [ -122.283932, 38.258661 ], [ -122.283658, 38.256721 ], [ -122.28471, 38.253911 ], [ -122.284668, 38.245635 ], [ -122.285398, 38.24385 ], [ -122.300225, 38.248407 ], [ -122.301814, 38.249791 ], [ -122.303576, 38.254006 ], [ -122.306374, 38.258017 ], [ -122.30533, 38.248844 ], [ -122.295991, 38.245814 ], [ -122.308289, 38.238698 ], [ -122.306031, 38.236464 ], [ -122.307196, 38.235721 ], [ -122.303416, 38.231917 ], [ -122.304932, 38.228745 ], [ -122.303329, 38.22698 ], [ -122.306832, 38.225939 ], [ -122.310444, 38.220613 ], [ -122.309937, 38.215497 ], [ -122.306755, 38.209041 ], [ -122.307464, 38.208575 ], [ -122.307806, 38.206053 ], [ -122.313181, 38.201394 ], [ -122.315353, 38.19784 ], [ -122.314316, 38.192747 ], [ -122.314935, 38.192247 ], [ -122.317761, 38.193472 ], [ -122.323686, 38.199933 ], [ -122.324299, 38.201806 ], [ -122.323729, 38.203712 ], [ -122.320129, 38.205487 ], [ -122.319774, 38.207333 ], [ -122.320721, 38.207817 ], [ -122.320102, 38.206981 ], [ -122.320923, 38.205432 ], [ -122.32414, 38.204223 ], [ -122.325058, 38.20129 ], [ -122.326033, 38.201383 ], [ -122.326005, 38.20385 ], [ -122.326673, 38.198845 ], [ -122.326144, 38.198103 ], [ -122.325559, 38.200526 ], [ -122.320915, 38.196637 ], [ -122.317218, 38.192066 ], [ -122.317295, 38.18661 ], [ -122.32335, 38.185544 ], [ -122.324847, 38.186967 ], [ -122.325523, 38.190615 ], [ -122.325836, 38.187209 ], [ -122.328928, 38.193719 ], [ -122.333947, 38.192778 ], [ -122.33744, 38.191102 ], [ -122.34081, 38.191612 ], [ -122.342355, 38.190255 ], [ -122.346302, 38.190562 ], [ -122.350292, 38.192522 ], [ -122.349032, 38.19355 ], [ -122.350377, 38.196076 ], [ -122.350352, 38.201625 ], [ -122.352205, 38.202877 ], [ -122.353536, 38.205124 ], [ -122.356336, 38.206892 ], [ -122.357075, 38.208606 ], [ -122.359018, 38.209583 ], [ -122.358037, 38.214706 ], [ -122.359924, 38.230501 ], [ -122.366787, 38.247015 ], [ -122.370387, 38.246915 ], [ -122.370481, 38.245318 ], [ -122.374587, 38.244515 ], [ -122.373865, 38.247438 ], [ -122.377187, 38.248415 ], [ -122.377287, 38.249915 ], [ -122.382487, 38.254115 ], [ -122.384342, 38.2545 ], [ -122.385587, 38.256715 ], [ -122.388157, 38.258345 ], [ -122.389896, 38.260695 ] ] ] } },
{ "type": "Feature", "properties": { "zip": "95448" }, "geometry": { "type": "Polygon", "coordinates": [ [ [ -123.114135, 38.642637 ], [ -123.109901, 38.645751 ], [ -123.1088, 38.645249 ], [ -123.107901, 38.651442 ], [ -123.105811, 38.650796 ], [ -123.104233, 38.65175 ], [ -123.080451, 38.65058 ], [ -123.075232, 38.660371 ], [ -123.075437, 38.662431 ], [ -123.077539, 38.664398 ], [ -123.08018, 38.669541 ], [ -123.07647, 38.673567 ], [ -123.076241, 38.675151 ], [ -123.073666, 38.675132 ], [ -123.066499, 38.677884 ], [ -123.066231, 38.676715 ], [ -123.064527, 38.675755 ], [ -123.063061, 38.677189 ], [ -123.060035, 38.677982 ], [ -123.058141, 38.677472 ], [ -123.05356, 38.673664 ], [ -123.04843, 38.673103 ], [ -123.044577, 38.671024 ], [ -123.04025, 38.670236 ], [ -123.037279, 38.668009 ], [ -123.032765, 38.669773 ], [ -123.029361, 38.668505 ], [ -123.026996, 38.666144 ], [ -123.026121, 38.66769 ], [ -123.026885, 38.668441 ], [ -123.025046, 38.670675 ], [ -123.021639, 38.672607 ], [ -123.022447, 38.673527 ], [ -123.025195, 38.672581 ], [ -123.025999, 38.673125 ], [ -123.024416, 38.676759 ], [ -123.022538, 38.677594 ], [ -123.020783, 38.67966 ], [ -123.018365, 38.679273 ], [ -123.015566, 38.681728 ], [ -123.014112, 38.686551 ], [ -123.011056, 38.686859 ], [ -123.009096, 38.685572 ], [ -123.007418, 38.686036 ], [ -123.006539, 38.688529 ], [ -123.008211, 38.689958 ], [ -123.00843, 38.691391 ], [ -123.006214, 38.690908 ], [ -122.997979, 38.692895 ], [ -122.997207, 38.694356 ], [ -122.999058, 38.695184 ], [ -122.997943, 38.696066 ], [ -122.995212, 38.695885 ], [ -122.994659, 38.697266 ], [ -122.993513, 38.696682 ], [ -122.994509, 38.695912 ], [ -122.991232, 38.694003 ], [ -122.988637, 38.695222 ], [ -122.987716, 38.69704 ], [ -122.984044, 38.698508 ], [ -122.982358, 38.700868 ], [ -122.983908, 38.703435 ], [ -122.983784, 38.705998 ], [ -122.9801, 38.706444 ], [ -122.972247, 38.701187 ], [ -122.968416, 38.696915 ], [ -122.963745, 38.695174 ], [ -122.958801, 38.69831 ], [ -122.956574, 38.702228 ], [ -122.952224, 38.701027 ], [ -122.95012, 38.698147 ], [ -122.950008, 38.695864 ], [ -122.939626, 38.699419 ], [ -122.903522, 38.675118 ], [ -122.900557, 38.679217 ], [ -122.891302, 38.679025 ], [ -122.891388, 38.671643 ], [ -122.882061, 38.671643 ], [ -122.881975, 38.664361 ], [ -122.876348, 38.664306 ], [ -122.874658, 38.659592 ], [ -122.87172, 38.658972 ], [ -122.868032, 38.65941 ], [ -122.868023, 38.662993 ], [ -122.854407, 38.663852 ], [ -122.854161, 38.661453 ], [ -122.852153, 38.661934 ], [ -122.842992, 38.660883 ], [ -122.831756, 38.657674 ], [ -122.829222, 38.658628 ], [ -122.808397, 38.675431 ], [ -122.811817, 38.678193 ], [ -122.805375, 38.682685 ], [ -122.803852, 38.680834 ], [ -122.805542, 38.679981 ], [ -122.806086, 38.67919 ], [ -122.805366, 38.677853 ], [ -122.80525, 38.679937 ], [ -122.797567, 38.684452 ], [ -122.795372, 38.690264 ], [ -122.792428, 38.690951 ], [ -122.792561, 38.693335 ], [ -122.791558, 38.693604 ], [ -122.790352, 38.695806 ], [ -122.790709, 38.696861 ], [ -122.789334, 38.698608 ], [ -122.790098, 38.700212 ], [ -122.789733, 38.701168 ], [ -122.79349, 38.704893 ], [ -122.793314, 38.706377 ], [ -122.791911, 38.70803 ], [ -122.797154, 38.708156 ], [ -122.796714, 38.728401 ], [ -122.802818, 38.729061 ], [ -122.800713, 38.733341 ], [ -122.801814, 38.736796 ], [ -122.801035, 38.737818 ], [ -122.798454, 38.735253 ], [ -122.794964, 38.733957 ], [ -122.79105, 38.735854 ], [ -122.78809, 38.739406 ], [ -122.780736, 38.740095 ], [ -122.775904, 38.738376 ], [ -122.773914, 38.73653 ], [ -122.769425, 38.734307 ], [ -122.764063, 38.733381 ], [ -122.761889, 38.733754 ], [ -122.761135, 38.732992 ], [ -122.759657, 38.734153 ], [ -122.757275, 38.733876 ], [ -122.761458, 38.735453 ], [ -122.766952, 38.738988 ], [ -122.767883, 38.741513 ], [ -122.766853, 38.745081 ], [ -122.768074, 38.747285 ], [ -122.767113, 38.748193 ], [ -122.770631, 38.755216 ], [ -122.769876, 38.755984 ], [ -122.770613, 38.75825 ], [ -122.768641, 38.760173 ], [ -122.763892, 38.759487 ], [ -122.763222, 38.758528 ], [ -122.761567, 38.758333 ], [ -122.758697, 38.75977 ], [ -122.755779, 38.75972 ], [ -122.755021, 38.759026 ], [ -122.753766, 38.761429 ], [ -122.752097, 38.76177 ], [ -122.754708, 38.764125 ], [ -122.754419, 38.764995 ], [ -122.752136, 38.765398 ], [ -122.75223, 38.766568 ], [ -122.754026, 38.768032 ], [ -122.751624, 38.767313 ], [ -122.74818, 38.764838 ], [ -122.746368, 38.764698 ], [ -122.743687, 38.767844 ], [ -122.742282, 38.768488 ], [ -122.740437, 38.767263 ], [ -122.739835, 38.769031 ], [ -122.738016, 38.768555 ], [ -122.736634, 38.770218 ], [ -122.73366, 38.771711 ], [ -122.732685, 38.770897 ], [ -122.729543, 38.770704 ], [ -122.728354, 38.7686 ], [ -122.728204, 38.766084 ], [ -122.727136, 38.766076 ], [ -122.723884, 38.763117 ], [ -122.722693, 38.763013 ], [ -122.723641, 38.760645 ], [ -122.723037, 38.758642 ], [ -122.724158, 38.756561 ], [ -122.721509, 38.756585 ], [ -122.720085, 38.753545 ], [ -122.7117, 38.750763 ], [ -122.711403, 38.749906 ], [ -122.709321, 38.74902 ], [ -122.708774, 38.746401 ], [ -122.712332, 38.742226 ], [ -122.711116, 38.74021 ], [ -122.711996, 38.737634 ], [ -122.71038, 38.732082 ], [ -122.707164, 38.731746 ], [ -122.700924, 38.728866 ], [ -122.700716, 38.726306 ], [ -122.698619, 38.724738 ], [ -122.697238, 38.721503 ], [ -122.75796, 38.721142 ], [ -122.759219, 38.707423 ], [ -122.762574, 38.707452 ], [ -122.76368, 38.706724 ], [ -122.762738, 38.706171 ], [ -122.762314, 38.703352 ], [ -122.765963, 38.700019 ], [ -122.767606, 38.70099 ], [ -122.770226, 38.701012 ], [ -122.771726, 38.699961 ], [ -122.771536, 38.698603 ], [ -122.769384, 38.697618 ], [ -122.766738, 38.694245 ], [ -122.767278, 38.693469 ], [ -122.76579, 38.69247 ], [ -122.765816, 38.691609 ], [ -122.763818, 38.691229 ], [ -122.76425, 38.68974 ], [ -122.765533, 38.689182 ], [ -122.764777, 38.687919 ], [ -122.763027, 38.688035 ], [ -122.761548, 38.687109 ], [ -122.762156, 38.686662 ], [ -122.760394, 38.685352 ], [ -122.759906, 38.683779 ], [ -122.752795, 38.682416 ], [ -122.749969, 38.680329 ], [ -122.750731, 38.679728 ], [ -122.749387, 38.678909 ], [ -122.750933, 38.677641 ], [ -122.748156, 38.676283 ], [ -122.744897, 38.672828 ], [ -122.746093, 38.672077 ], [ -122.744369, 38.670879 ], [ -122.745293, 38.670235 ], [ -122.741005, 38.669013 ], [ -122.741143, 38.670932 ], [ -122.743296, 38.673766 ], [ -122.735917, 38.676624 ], [ -122.742273, 38.673508 ], [ -122.73954, 38.667848 ], [ -122.737482, 38.657455 ], [ -122.735614, 38.655978 ], [ -122.73522, 38.653767 ], [ -122.736516, 38.650375 ], [ -122.740525, 38.648582 ], [ -122.744468, 38.645041 ], [ -122.744254, 38.642982 ], [ -122.745249, 38.641592 ], [ -122.752133, 38.642697 ], [ -122.752031, 38.637281 ], [ -122.742417, 38.637295 ], [ -122.742411, 38.634305 ], [ -122.743923, 38.633546 ], [ -122.733806, 38.633723 ], [ -122.732795, 38.627149 ], [ -122.728649, 38.626622 ], [ -122.721387, 38.621372 ], [ -122.716731, 38.607889 ], [ -122.707095, 38.599034 ], [ -122.704392, 38.593451 ], [ -122.687392, 38.592361 ], [ -122.687163, 38.583422 ], [ -122.724339, 38.583268 ], [ -122.724361, 38.568953 ], [ -122.729493, 38.560206 ], [ -122.729932, 38.558098 ], [ -122.733687, 38.558086 ], [ -122.737354, 38.556845 ], [ -122.737328, 38.555266 ], [ -122.740806, 38.557015 ], [ -122.739965, 38.558313 ], [ -122.753742, 38.554035 ], [ -122.757366, 38.553613 ], [ -122.758412, 38.551937 ], [ -122.762013, 38.54984 ], [ -122.762427, 38.547841 ], [ -122.7669, 38.545297 ], [ -122.769788, 38.545302 ], [ -122.769933, 38.546241 ], [ -122.772881, 38.54662 ], [ -122.772906, 38.55186 ], [ -122.774788, 38.554662 ], [ -122.782608, 38.554879 ], [ -122.782555, 38.562055 ], [ -122.784486, 38.562084 ], [ -122.783805, 38.565981 ], [ -122.788582, 38.565972 ], [ -122.795837, 38.574819 ], [ -122.792139, 38.574385 ], [ -122.782708, 38.570912 ], [ -122.779656, 38.571069 ], [ -122.77992, 38.590977 ], [ -122.789201, 38.591043 ], [ -122.807772, 38.576757 ], [ -122.815753, 38.576747 ], [ -122.816983, 38.572228 ], [ -122.818459, 38.571893 ], [ -122.819831, 38.569306 ], [ -122.825935, 38.565318 ], [ -122.817818, 38.570275 ], [ -122.817927, 38.561774 ], [ -122.823176, 38.561819 ], [ -122.83108, 38.570172 ], [ -122.836941, 38.5779 ], [ -122.842787, 38.57796 ], [ -122.84149, 38.57488 ], [ -122.833108, 38.565468 ], [ -122.836713, 38.564823 ], [ -122.835898, 38.564201 ], [ -122.834984, 38.558294 ], [ -122.83948, 38.558331 ], [ -122.839501, 38.554701 ], [ -122.838391, 38.554695 ], [ -122.838399, 38.552099 ], [ -122.839699, 38.552131 ], [ -122.839697, 38.54798 ], [ -122.844606, 38.547686 ], [ -122.844619, 38.546927 ], [ -122.841443, 38.545504 ], [ -122.841815, 38.543687 ], [ -122.835293, 38.543761 ], [ -122.835222, 38.532878 ], [ -122.844465, 38.532656 ], [ -122.844422, 38.525249 ], [ -122.846381, 38.523945 ], [ -122.847917, 38.524211 ], [ -122.849192, 38.521937 ], [ -122.855621, 38.515933 ], [ -122.853718, 38.515936 ], [ -122.853535, 38.50383 ], [ -122.858644, 38.502387 ], [ -122.861023, 38.503229 ], [ -122.860367, 38.507805 ], [ -122.858178, 38.513051 ], [ -122.86226, 38.51278 ], [ -122.865429, 38.513787 ], [ -122.865829, 38.514774 ], [ -122.868801, 38.513402 ], [ -122.870391, 38.513609 ], [ -122.877371, 38.516747 ], [ -122.879731, 38.516269 ], [ -122.882658, 38.514209 ], [ -122.883848, 38.512002 ], [ -122.882455, 38.507278 ], [ -122.882591, 38.505 ], [ -122.881444, 38.50271 ], [ -122.861459, 38.502799 ], [ -122.865159, 38.501471 ], [ -122.866844, 38.497653 ], [ -122.869821, 38.496324 ], [ -122.877775, 38.496926 ], [ -122.878282, 38.49427 ], [ -122.879201, 38.493749 ], [ -122.881449, 38.494181 ], [ -122.885288, 38.491577 ], [ -122.888287, 38.49197 ], [ -122.889592, 38.49337 ], [ -122.893045, 38.493786 ], [ -122.890911, 38.493771 ], [ -122.88623, 38.497816 ], [ -122.884439, 38.505841 ], [ -122.88339, 38.507429 ], [ -122.886436, 38.508128 ], [ -122.886879, 38.505384 ], [ -122.888542, 38.503665 ], [ -122.892206, 38.501954 ], [ -122.895615, 38.501708 ], [ -122.899309, 38.502388 ], [ -122.901348, 38.505844 ], [ -122.903224, 38.505845 ], [ -122.905362, 38.50767 ], [ -122.912865, 38.510755 ], [ -122.917961, 38.51006 ], [ -122.918085, 38.525068 ], [ -122.927137, 38.524139 ], [ -122.927183, 38.535582 ], [ -122.928956, 38.537153 ], [ -122.936643, 38.535715 ], [ -122.937071, 38.536542 ], [ -122.938618, 38.536437 ], [ -122.942298, 38.538179 ], [ -122.946406, 38.538137 ], [ -122.947329, 38.544882 ], [ -122.954532, 38.544928 ], [ -122.954254, 38.547198 ], [ -122.95316, 38.548429 ], [ -122.955207, 38.549833 ], [ -122.955249, 38.555154 ], [ -122.957109, 38.555532 ], [ -122.962249, 38.572738 ], [ -122.966079, 38.57177 ], [ -122.971003, 38.573028 ], [ -122.977685, 38.570801 ], [ -122.981933, 38.572134 ], [ -122.990251, 38.576905 ], [ -123.008839, 38.576762 ], [ -123.020745, 38.57767 ], [ -123.028123, 38.576614 ], [ -123.028978, 38.57523 ], [ -123.03252, 38.573276 ], [ -123.034948, 38.573771 ], [ -123.039917, 38.573058 ], [ -123.046104, 38.570982 ], [ -123.049767, 38.570806 ], [ -123.050973, 38.573134 ], [ -123.058902, 38.578049 ], [ -123.062773, 38.577906 ], [ -123.065792, 38.580549 ], [ -123.066334, 38.58271 ], [ -123.065143, 38.58624 ], [ -123.062232, 38.58845 ], [ -123.061982, 38.589865 ], [ -123.064159, 38.592854 ], [ -123.067953, 38.593843 ], [ -123.071229, 38.591777 ], [ -123.073924, 38.591958 ], [ -123.08376, 38.596841 ], [ -123.086056, 38.595093 ], [ -123.089396, 38.597471 ], [ -123.090573, 38.600207 ], [ -123.089678, 38.60224 ], [ -123.090982, 38.606475 ], [ -123.089303, 38.607689 ], [ -123.08872, 38.609519 ], [ -123.093096, 38.615023 ], [ -123.09252, 38.618385 ], [ -123.093172, 38.620808 ], [ -123.094853, 38.62295 ], [ -123.101444, 38.625101 ], [ -123.102692, 38.627155 ], [ -123.107863, 38.631483 ], [ -123.107767, 38.634323 ], [ -123.110391, 38.637275 ], [ -123.1093, 38.638205 ], [ -123.109829, 38.641801 ], [ -123.112594, 38.641176 ], [ -123.114135, 38.642637 ] ] ] } },
{ "type": "Feature", "properties": { "zip": "95032" }, "geometry": { "type": "MultiPolygon", "coordinates": [ [ [ [ -121.918792, 37.245723 ], [ -121.917461, 37.245781 ], [ -121.917022, 37.246904 ], [ -121.917151, 37.243529 ], [ -121.918789, 37.243516 ], [ -121.918792, 37.245723 ] ] ], [ [ [ -121.922048, 37.246681 ], [ -121.920678, 37.246778 ], [ -121.920598, 37.243484 ], [ -121.922169, 37.243473 ], [ -121.922048, 37.246681 ] ] ], [ [ [ -121.99514, 37.25092 ], [ -121.992893, 37.253449 ], [ -121.991962, 37.263629 ], [ -121.990655, 37.266632 ], [ -121.990821, 37.269843 ], [ -121.97989, 37.2648 ], [ -121.97349, 37.26527 ], [ -121.97188, 37.26394 ], [ -121.96263, 37.26411 ], [ -121.96086, 37.26301 ], [ -121.96196, 37.26158 ], [ -121.956227, 37.260799 ], [ -121.953844, 37.258209 ], [ -121.953424, 37.258809 ], [ -121.951156, 37.256971 ], [ -121.94861, 37.25786 ], [ -121.95247, 37.25321 ], [ -121.950034, 37.246505 ], [ -121.948142, 37.247878 ], [ -121.94623, 37.243588 ], [ -121.940332, 37.243395 ], [ -121.940263, 37.236836 ], [ -121.938513, 37.236128 ], [ -121.934756, 37.236159 ], [ -121.933807, 37.243417 ], [ -121.927624, 37.243451 ], [ -121.927543, 37.24114 ], [ -121.925493, 37.241154 ], [ -121.925161, 37.243474 ], [ -121.922654, 37.243488 ], [ -121.923326, 37.239834 ], [ -121.925109, 37.240095 ], [ -121.925111, 37.236147 ], [ -121.911221, 37.23631 ], [ -121.909732, 37.227555 ], [ -121.912871, 37.22669 ], [ -121.912855, 37.225321 ], [ -121.910516, 37.225031 ], [ -121.906795, 37.226453 ], [ -121.906213, 37.225487 ], [ -121.905911, 37.22451 ], [ -121.90711, 37.22203 ], [ -121.90968, 37.21989 ], [ -121.90937, 37.21834 ], [ -121.91266, 37.21707 ], [ -121.91346, 37.21555 ], [ -121.912428, 37.213567 ], [ -121.90966, 37.21304 ], [ -121.90696, 37.21061 ], [ -121.904995, 37.21098 ], [ -121.89985, 37.20675 ], [ -121.897038, 37.206555 ], [ -121.896, 37.20503 ], [ -121.88384, 37.201823 ], [ -121.880084, 37.198476 ], [ -121.878279, 37.198594 ], [ -121.87296, 37.195114 ], [ -121.873274, 37.19289 ], [ -121.871306, 37.184527 ], [ -121.873524, 37.181133 ], [ -121.8696, 37.18271 ], [ -121.86665, 37.18185 ], [ -121.86365, 37.17993 ], [ -121.86593, 37.17846 ], [ -121.863326, 37.176123 ], [ -121.863627, 37.175296 ], [ -121.866417, 37.172543 ], [ -121.866001, 37.171719 ], [ -121.870379, 37.167332 ], [ -121.875195, 37.166272 ], [ -121.873854, 37.162358 ], [ -121.875503, 37.162042 ], [ -121.875008, 37.160269 ], [ -121.876644, 37.158891 ], [ -121.88721, 37.15458 ], [ -121.89094, 37.15573 ], [ -121.89248, 37.15303 ], [ -121.89296, 37.15468 ], [ -121.89349, 37.15172 ], [ -121.89457, 37.1511 ], [ -121.89516, 37.14944 ], [ -121.89441, 37.14567 ], [ -121.89189, 37.14341 ], [ -121.89515, 37.14334 ], [ -121.89515, 37.14627 ], [ -121.89684, 37.1474 ], [ -121.89597, 37.15008 ], [ -121.8989, 37.15134 ], [ -121.89921, 37.15477 ], [ -121.90089, 37.15607 ], [ -121.90163, 37.1579 ], [ -121.90463, 37.15837 ], [ -121.90476, 37.15916 ], [ -121.91134, 37.15868 ], [ -121.912049, 37.160385 ], [ -121.913921, 37.16034 ], [ -121.913225, 37.175718 ], [ -121.935842, 37.195357 ], [ -121.928242, 37.194693 ], [ -121.92798, 37.196874 ], [ -121.923432, 37.201137 ], [ -121.922092, 37.204533 ], [ -121.913534, 37.211056 ], [ -121.921825, 37.211921 ], [ -121.921073, 37.214073 ], [ -121.922829, 37.21446 ], [ -121.925754, 37.213338 ], [ -121.93089, 37.213192 ], [ -121.930968, 37.199261 ], [ -121.947616, 37.19929 ], [ -121.947309, 37.206834 ], [ -121.951079, 37.206932 ], [ -121.950524, 37.208317 ], [ -121.951438, 37.210079 ], [ -121.955046, 37.21111 ], [ -121.950155, 37.211977 ], [ -121.952312, 37.212265 ], [ -121.952288, 37.214308 ], [ -121.953157, 37.214365 ], [ -121.952637, 37.21553 ], [ -121.956127, 37.218343 ], [ -121.953622, 37.220003 ], [ -121.954326, 37.222461 ], [ -121.95967, 37.223965 ], [ -121.96041, 37.22551 ], [ -121.96822, 37.22678 ], [ -121.970047, 37.224664 ], [ -121.97082, 37.2256 ], [ -121.98001, 37.22856 ], [ -121.976, 37.23701 ], [ -121.97707, 37.23749 ], [ -121.97573, 37.23737 ], [ -121.972737, 37.242467 ], [ -121.96937, 37.2459 ], [ -121.96709, 37.24697 ], [ -121.96617, 37.2528 ], [ -121.96734, 37.25322 ], [ -121.96918, 37.25084 ], [ -121.973908, 37.251445 ], [ -121.976723, 37.249334 ], [ -121.978095, 37.253865 ], [ -121.979979, 37.254317 ], [ -121.980388, 37.256128 ], [ -121.98091, 37.252416 ], [ -121.986692, 37.250183 ], [ -121.98788, 37.250286 ], [ -121.988526, 37.252309 ], [ -121.989558, 37.252396 ], [ -121.989792, 37.250425 ], [ -121.991732, 37.251765 ], [ -121.991834, 37.250988 ], [ -121.99514, 37.25092 ] ] ] ] } },
{ "type": "Feature", "properties": { "zip": "95404" }, "geometry": { "type": "MultiPolygon", "coordinates": [ [ [ [ -122.695034, 38.378858 ], [ -122.694416, 38.378864 ], [ -122.694413, 38.377266 ], [ -122.693267, 38.377269 ], [ -122.693246, 38.37579 ], [ -122.694983, 38.375722 ], [ -122.695034, 38.378858 ] ] ], [ [ [ -122.740067, 38.517404 ], [ -122.72661, 38.518306 ], [ -122.728744, 38.520667 ], [ -122.72802, 38.525227 ], [ -122.730253, 38.529232 ], [ -122.725444, 38.532927 ], [ -122.725614, 38.536333 ], [ -122.72355, 38.53779 ], [ -122.72351, 38.547215 ], [ -122.728086, 38.547254 ], [ -122.728086, 38.550852 ], [ -122.732687, 38.550823 ], [ -122.737304, 38.554531 ], [ -122.737354, 38.556845 ], [ -122.733687, 38.558086 ], [ -122.729932, 38.558098 ], [ -122.729493, 38.560206 ], [ -122.724361, 38.568953 ], [ -122.724339, 38.583268 ], [ -122.687163, 38.583422 ], [ -122.687012, 38.576161 ], [ -122.681981, 38.576206 ], [ -122.681167, 38.571528 ], [ -122.680053, 38.570465 ], [ -122.675251, 38.569033 ], [ -122.671163, 38.569002 ], [ -122.671669, 38.567885 ], [ -122.670704, 38.560956 ], [ -122.665259, 38.560656 ], [ -122.666309, 38.554362 ], [ -122.663856, 38.555035 ], [ -122.661377, 38.553319 ], [ -122.656899, 38.55449 ], [ -122.650482, 38.551405 ], [ -122.644838, 38.553175 ], [ -122.64469, 38.549295 ], [ -122.63219, 38.552887 ], [ -122.632022, 38.549469 ], [ -122.627525, 38.549377 ], [ -122.627274, 38.547096 ], [ -122.626248, 38.546858 ], [ -122.625824, 38.545221 ], [ -122.624262, 38.544337 ], [ -122.624573, 38.542401 ], [ -122.609168, 38.542092 ], [ -122.609089, 38.538669 ], [ -122.573674, 38.538725 ], [ -122.569819, 38.533103 ], [ -122.569473, 38.529659 ], [ -122.566629, 38.528625 ], [ -122.566644, 38.525543 ], [ -122.563608, 38.525368 ], [ -122.561899, 38.526786 ], [ -122.557133, 38.525485 ], [ -122.552782, 38.525689 ], [ -122.550623, 38.522132 ], [ -122.5482, 38.522047 ], [ -122.553128, 38.517852 ], [ -122.555035, 38.51741 ], [ -122.557532, 38.515504 ], [ -122.558469, 38.514004 ], [ -122.566265, 38.511076 ], [ -122.561329, 38.507137 ], [ -122.561252, 38.504632 ], [ -122.563306, 38.498232 ], [ -122.562607, 38.497925 ], [ -122.562761, 38.496952 ], [ -122.564131, 38.495749 ], [ -122.564488, 38.502908 ], [ -122.56905, 38.502965 ], [ -122.56903, 38.499851 ], [ -122.573402, 38.499453 ], [ -122.573487, 38.495412 ], [ -122.577859, 38.495666 ], [ -122.578536, 38.502863 ], [ -122.608973, 38.502637 ], [ -122.608803, 38.495135 ], [ -122.615636, 38.494803 ], [ -122.615624, 38.492161 ], [ -122.620842, 38.492034 ], [ -122.625059, 38.493147 ], [ -122.627374, 38.494673 ], [ -122.630534, 38.494801 ], [ -122.631933, 38.493978 ], [ -122.64073, 38.494453 ], [ -122.642778, 38.495458 ], [ -122.643562, 38.496973 ], [ -122.649037, 38.498888 ], [ -122.653975, 38.498055 ], [ -122.654281, 38.497578 ], [ -122.652458, 38.495975 ], [ -122.646403, 38.494549 ], [ -122.644901, 38.493673 ], [ -122.645344, 38.49248 ], [ -122.642595, 38.491966 ], [ -122.640214, 38.489165 ], [ -122.634706, 38.486959 ], [ -122.641641, 38.486006 ], [ -122.6422, 38.485028 ], [ -122.644665, 38.485337 ], [ -122.644655, 38.48589 ], [ -122.649215, 38.48595 ], [ -122.649279, 38.48947 ], [ -122.657711, 38.491101 ], [ -122.65799, 38.491605 ], [ -122.656058, 38.492542 ], [ -122.656723, 38.494009 ], [ -122.655428, 38.496832 ], [ -122.663087, 38.496761 ], [ -122.663025, 38.50036 ], [ -122.667654, 38.500316 ], [ -122.667588, 38.50392 ], [ -122.669903, 38.503895 ], [ -122.669971, 38.496729 ], [ -122.672448, 38.496722 ], [ -122.67249, 38.489497 ], [ -122.673821, 38.489485 ], [ -122.673785, 38.485364 ], [ -122.677081, 38.485395 ], [ -122.677083, 38.484255 ], [ -122.672652, 38.484396 ], [ -122.673469, 38.482161 ], [ -122.677048, 38.482161 ], [ -122.678958, 38.47846 ], [ -122.677459, 38.477762 ], [ -122.679016, 38.475902 ], [ -122.677618, 38.47661 ], [ -122.677789, 38.47229 ], [ -122.680179, 38.471443 ], [ -122.67979, 38.466319 ], [ -122.67732, 38.467961 ], [ -122.676602, 38.462416 ], [ -122.67832, 38.459288 ], [ -122.681536, 38.457709 ], [ -122.680408, 38.454767 ], [ -122.681646, 38.452841 ], [ -122.686256, 38.456178 ], [ -122.687026, 38.46016 ], [ -122.689632, 38.461776 ], [ -122.688989, 38.463757 ], [ -122.691811, 38.464894 ], [ -122.691498, 38.46361 ], [ -122.693233, 38.463098 ], [ -122.691067, 38.461411 ], [ -122.693423, 38.461077 ], [ -122.695108, 38.459698 ], [ -122.690021, 38.457499 ], [ -122.690094, 38.455755 ], [ -122.68745, 38.453723 ], [ -122.688962, 38.452105 ], [ -122.690334, 38.452662 ], [ -122.692691, 38.449831 ], [ -122.696296, 38.45052 ], [ -122.698068, 38.449366 ], [ -122.698014, 38.447746 ], [ -122.700145, 38.445208 ], [ -122.70245, 38.444043 ], [ -122.702814, 38.442843 ], [ -122.701693, 38.44285 ], [ -122.700033, 38.438827 ], [ -122.696344, 38.439302 ], [ -122.693655, 38.438654 ], [ -122.691028, 38.439421 ], [ -122.688342, 38.437353 ], [ -122.687369, 38.437758 ], [ -122.688034, 38.434017 ], [ -122.683524, 38.433243 ], [ -122.683369, 38.432161 ], [ -122.681576, 38.431888 ], [ -122.679798, 38.433177 ], [ -122.681752, 38.434844 ], [ -122.681801, 38.436445 ], [ -122.677855, 38.4347 ], [ -122.677511, 38.434183 ], [ -122.67796, 38.434676 ], [ -122.679485, 38.431094 ], [ -122.674834, 38.426854 ], [ -122.672875, 38.422919 ], [ -122.661621, 38.416914 ], [ -122.657816, 38.416903 ], [ -122.655637, 38.419886 ], [ -122.648343, 38.419878 ], [ -122.648746, 38.440468 ], [ -122.646731, 38.435114 ], [ -122.643785, 38.433657 ], [ -122.638781, 38.427524 ], [ -122.63791, 38.425298 ], [ -122.634997, 38.425182 ], [ -122.624678, 38.413413 ], [ -122.591429, 38.398352 ], [ -122.591419, 38.397372 ], [ -122.588537, 38.395789 ], [ -122.584809, 38.394245 ], [ -122.576927, 38.393093 ], [ -122.56832, 38.387776 ], [ -122.565363, 38.38672 ], [ -122.570816, 38.386986 ], [ -122.57427, 38.388553 ], [ -122.575735, 38.387909 ], [ -122.582162, 38.38855 ], [ -122.585525, 38.387794 ], [ -122.583472, 38.383023 ], [ -122.583453, 38.379384 ], [ -122.578995, 38.379486 ], [ -122.578977, 38.372245 ], [ -122.569889, 38.372305 ], [ -122.569934, 38.37404 ], [ -122.569015, 38.374082 ], [ -122.568969, 38.372426 ], [ -122.565395, 38.373048 ], [ -122.565381, 38.371163 ], [ -122.57013, 38.36981 ], [ -122.570145, 38.367499 ], [ -122.568722, 38.366157 ], [ -122.563819, 38.365916 ], [ -122.556549, 38.362033 ], [ -122.555642, 38.361331 ], [ -122.55704, 38.358894 ], [ -122.556735, 38.357866 ], [ -122.568048, 38.358447 ], [ -122.568198, 38.35775 ], [ -122.582648, 38.357793 ], [ -122.583663, 38.355349 ], [ -122.583595, 38.350312 ], [ -122.589205, 38.350078 ], [ -122.59321, 38.350753 ], [ -122.596454, 38.352274 ], [ -122.599498, 38.355866 ], [ -122.599499, 38.357536 ], [ -122.620214, 38.357743 ], [ -122.620259, 38.350835 ], [ -122.637639, 38.35078 ], [ -122.638597, 38.348494 ], [ -122.64175, 38.347365 ], [ -122.645107, 38.342292 ], [ -122.644739, 38.341044 ], [ -122.64803, 38.335184 ], [ -122.650875, 38.334672 ], [ -122.651502, 38.333189 ], [ -122.654433, 38.332228 ], [ -122.654727, 38.338277 ], [ -122.657317, 38.339514 ], [ -122.66686, 38.338581 ], [ -122.667295, 38.354248 ], [ -122.685711, 38.354005 ], [ -122.685787, 38.365002 ], [ -122.676383, 38.36509 ], [ -122.676448, 38.372367 ], [ -122.688106, 38.372176 ], [ -122.68797, 38.376568 ], [ -122.686959, 38.379473 ], [ -122.687398, 38.381227 ], [ -122.695114, 38.381398 ], [ -122.695084, 38.379919 ], [ -122.695923, 38.379919 ], [ -122.699608, 38.380288 ], [ -122.699638, 38.381369 ], [ -122.705845, 38.381863 ], [ -122.71105, 38.383406 ], [ -122.707746, 38.383116 ], [ -122.705059, 38.386864 ], [ -122.699647, 38.386854 ], [ -122.699556, 38.4018 ], [ -122.706859, 38.401826 ], [ -122.706944, 38.404849 ], [ -122.704121, 38.40502 ], [ -122.70407, 38.409201 ], [ -122.707267, 38.409172 ], [ -122.707468, 38.41042 ], [ -122.713475, 38.409705 ], [ -122.713491, 38.420906 ], [ -122.71555, 38.420097 ], [ -122.714848, 38.424245 ], [ -122.715536, 38.431305 ], [ -122.71119, 38.431082 ], [ -122.712744, 38.4373 ], [ -122.71562, 38.436463 ], [ -122.712498, 38.438268 ], [ -122.714597, 38.438272 ], [ -122.713786, 38.441434 ], [ -122.717699, 38.445642 ], [ -122.716878, 38.446098 ], [ -122.716746, 38.447508 ], [ -122.717646, 38.447885 ], [ -122.717586, 38.448838 ], [ -122.715928, 38.44879 ], [ -122.715882, 38.449731 ], [ -122.717545, 38.449777 ], [ -122.717501, 38.4507 ], [ -122.716183, 38.451132 ], [ -122.717278, 38.456583 ], [ -122.717184, 38.458801 ], [ -122.71618, 38.458778 ], [ -122.715825, 38.460522 ], [ -122.717158, 38.461007 ], [ -122.722171, 38.469468 ], [ -122.720179, 38.46979 ], [ -122.716467, 38.473708 ], [ -122.714482, 38.473245 ], [ -122.713296, 38.471539 ], [ -122.710159, 38.473163 ], [ -122.709381, 38.472617 ], [ -122.708734, 38.47617 ], [ -122.707132, 38.477434 ], [ -122.709087, 38.477999 ], [ -122.709124, 38.47886 ], [ -122.704867, 38.479623 ], [ -122.704762, 38.482801 ], [ -122.707094, 38.48581 ], [ -122.710896, 38.486122 ], [ -122.709602, 38.489074 ], [ -122.703609, 38.489626 ], [ -122.704492, 38.490949 ], [ -122.704226, 38.492528 ], [ -122.703017, 38.492924 ], [ -122.704906, 38.492936 ], [ -122.704985, 38.496632 ], [ -122.713393, 38.496575 ], [ -122.714556, 38.504405 ], [ -122.718426, 38.506503 ], [ -122.7193, 38.508176 ], [ -122.723495, 38.506974 ], [ -122.723425, 38.503837 ], [ -122.732926, 38.503799 ], [ -122.734066, 38.501908 ], [ -122.733439, 38.501732 ], [ -122.732525, 38.496956 ], [ -122.738209, 38.501477 ], [ -122.735606, 38.503086 ], [ -122.736294, 38.503814 ], [ -122.737669, 38.503271 ], [ -122.740522, 38.504188 ], [ -122.740067, 38.517404 ] ] ] ] } },
{ "type": "Feature", "properties": { "zip": "94707" }, "geometry": { "type": "Polygon", "coordinates": [ [ [ -122.291041, 37.904153 ], [ -122.288456, 37.905623 ], [ -122.289055, 37.909076 ], [ -122.287181, 37.909913 ], [ -122.289084, 37.914253 ], [ -122.282552, 37.918903 ], [ -122.281207, 37.918697 ], [ -122.278502, 37.915322 ], [ -122.281388, 37.913232 ], [ -122.279943, 37.911285 ], [ -122.28047, 37.908235 ], [ -122.27937, 37.906919 ], [ -122.278784, 37.907549 ], [ -122.277915, 37.906023 ], [ -122.27787, 37.90315 ], [ -122.27279, 37.904195 ], [ -122.270871, 37.90138 ], [ -122.269734, 37.902105 ], [ -122.269163, 37.901529 ], [ -122.269872, 37.899959 ], [ -122.26853, 37.89479 ], [ -122.267737, 37.893131 ], [ -122.266814, 37.893104 ], [ -122.267174, 37.890428 ], [ -122.265503, 37.886186 ], [ -122.274963, 37.885341 ], [ -122.281976, 37.881606 ], [ -122.281762, 37.880556 ], [ -122.283053, 37.881046 ], [ -122.281971, 37.884575 ], [ -122.280452, 37.885763 ], [ -122.284357, 37.887014 ], [ -122.283114, 37.888682 ], [ -122.284468, 37.891062 ], [ -122.287047, 37.890918 ], [ -122.286693, 37.898513 ], [ -122.287089, 37.899561 ], [ -122.288053, 37.899312 ], [ -122.28865, 37.903596 ], [ -122.291041, 37.904153 ] ] ] } },
{ "type": "Feature", "properties": { "zip": "94158" }, "geometry": { "type": "Polygon", "coordinates": [ [ [ -122.39925, 37.773145 ], [ -122.398493, 37.772462 ], [ -122.399075, 37.773284 ], [ -122.393944, 37.77626 ], [ -122.392346, 37.775027 ], [ -122.390215, 37.776723 ], [ -122.391707, 37.77802 ], [ -122.388399, 37.780766 ], [ -122.387669, 37.782791029411797 ], [ -122.387669, 37.776799 ], [ -122.385216, 37.768773 ], [ -122.386756030236995, 37.764004086793904 ], [ -122.392714, 37.764084 ], [ -122.394473, 37.766582 ], [ -122.400367, 37.771683 ], [ -122.39925, 37.773145 ] ] ] } },
{ "type": "Feature", "properties": { "zip": "94018" }, "geometry": { "type": "Polygon", "coordinates": [ [ [ -122.485232, 37.50851 ], [ -122.48187, 37.512416 ], [ -122.475345, 37.509591 ], [ -122.475334, 37.511542 ], [ -122.473969, 37.510858 ], [ -122.474086, 37.508819 ], [ -122.472373, 37.508594 ], [ -122.473452, 37.507196 ], [ -122.469989, 37.508283 ], [ -122.46942, 37.510315 ], [ -122.467151, 37.509648 ], [ -122.464961, 37.506807 ], [ -122.463631, 37.506804 ], [ -122.46386, 37.50497 ], [ -122.465941, 37.505214 ], [ -122.463112, 37.503212 ], [ -122.462572, 37.500107 ], [ -122.466926, 37.500487 ], [ -122.467397, 37.499756 ], [ -122.48186, 37.505534 ], [ -122.485232, 37.50851 ] ] ] } },
{ "type": "Feature", "properties": { "zip": "94525" }, "geometry": { "type": "Polygon", "coordinates": [ [ [ -122.260209, 38.042684 ], [ -122.256582, 38.049007 ], [ -122.255319, 38.049756 ], [ -122.250753, 38.048217 ], [ -122.248536, 38.04955 ], [ -122.247814, 38.048767 ], [ -122.245504, 38.050474 ], [ -122.241582, 38.05186 ], [ -122.241317, 38.05533 ], [ -122.235611, 38.055084 ], [ -122.234383, 38.056951 ], [ -122.22669, 38.056982 ], [ -122.224737, 38.056117 ], [ -122.224224, 38.057708 ], [ -122.213905, 38.056886 ], [ -122.202897, 38.053987 ], [ -122.205895, 38.049289 ], [ -122.206125, 38.046181 ], [ -122.212398, 38.045937 ], [ -122.215781, 38.041855 ], [ -122.214207, 38.040028 ], [ -122.209365, 38.038038 ], [ -122.208721, 38.036084 ], [ -122.210067, 38.034902 ], [ -122.212472, 38.035257 ], [ -122.215194, 38.036943 ], [ -122.216365, 38.036545 ], [ -122.223573, 38.043352 ], [ -122.2264, 38.044617 ], [ -122.232531, 38.043552 ], [ -122.238234, 38.045168 ], [ -122.24764, 38.038456 ], [ -122.251603, 38.034281 ], [ -122.250557, 38.036796 ], [ -122.254321, 38.038884 ], [ -122.251883, 38.040928 ], [ -122.255412, 38.04322 ], [ -122.258864, 38.042289 ], [ -122.260209, 38.042684 ] ] ] } },
{ "type": "Feature", "properties": { "zip": "95419" }, "geometry": { "type": "Polygon", "coordinates": [ [ [ -122.961451, 38.424598 ], [ -122.962188, 38.425371 ], [ -122.959295, 38.425295 ], [ -122.954722, 38.423201 ], [ -122.954242, 38.422112 ], [ -122.957646, 38.421361 ], [ -122.962241, 38.424206 ], [ -122.961451, 38.424598 ] ] ] } },
{ "type": "Feature", "properties": { "zip": "95425" }, "geometry": { "type": "Polygon", "coordinates": [ [ [ -123.244459, 38.911783 ], [ -123.233026, 38.912552 ], [ -123.137538, 38.912546 ], [ -123.137562, 38.911608 ], [ -123.11885, 38.91152 ], [ -123.115115, 38.908979 ], [ -123.109636, 38.907355 ], [ -123.103264, 38.903227 ], [ -123.099517, 38.902323 ], [ -123.099423, 38.896818 ], [ -123.0921, 38.897682 ], [ -123.08305, 38.897304 ], [ -123.081348, 38.895305 ], [ -123.079689, 38.894657 ], [ -123.078546, 38.889339 ], [ -123.081082, 38.886024 ], [ -123.082724, 38.885809 ], [ -123.081024, 38.862379 ], [ -123.077089, 38.859424 ], [ -123.074932, 38.858952 ], [ -123.070824, 38.852344 ], [ -123.027674, 38.852916 ], [ -123.006918, 38.851247 ], [ -122.996249, 38.85126 ], [ -122.997172, 38.852162 ], [ -122.99728, 38.855694 ], [ -122.995802, 38.856428 ], [ -122.99578, 38.858262 ], [ -122.99226, 38.859093 ], [ -122.98831, 38.857101 ], [ -122.985753, 38.858234 ], [ -122.980575, 38.85873 ], [ -122.978221, 38.85755 ], [ -122.975727, 38.858528 ], [ -122.974534, 38.861622 ], [ -122.97805, 38.866619 ], [ -122.976379, 38.86807 ], [ -122.973889, 38.865954 ], [ -122.970496, 38.866683 ], [ -122.968983, 38.865704 ], [ -122.965438, 38.865391 ], [ -122.965091, 38.864338 ], [ -122.963258, 38.863886 ], [ -122.961324, 38.861473 ], [ -122.961257, 38.859416 ], [ -122.959777, 38.856177 ], [ -122.956875, 38.854864 ], [ -122.952968, 38.854765 ], [ -122.955299, 38.852432 ], [ -122.95286, 38.851985 ], [ -122.953151, 38.850804 ], [ -122.940026, 38.850477 ], [ -122.939981, 38.85413 ], [ -122.938665, 38.853929 ], [ -122.937048, 38.855093 ], [ -122.933193, 38.853422 ], [ -122.932371, 38.854079 ], [ -122.929897, 38.853109 ], [ -122.927612, 38.853554 ], [ -122.925697, 38.852935 ], [ -122.921969, 38.85387 ], [ -122.919433, 38.858928 ], [ -122.917464, 38.860117 ], [ -122.91414, 38.859641 ], [ -122.913268, 38.860257 ], [ -122.918223, 38.86766 ], [ -122.920601, 38.868417 ], [ -122.920301, 38.870205 ], [ -122.9224, 38.870878 ], [ -122.923336, 38.873136 ], [ -122.921376, 38.875239 ], [ -122.92061, 38.877445 ], [ -122.922714, 38.8777 ], [ -122.925854, 38.883578 ], [ -122.926904, 38.88394 ], [ -122.928084, 38.88591 ], [ -122.927854, 38.888365 ], [ -122.929041, 38.889992 ], [ -122.930523, 38.890181 ], [ -122.93266, 38.88869 ], [ -122.938374, 38.88955 ], [ -122.942816, 38.888524 ], [ -122.944428, 38.889082 ], [ -122.945933, 38.888251 ], [ -122.953697, 38.891321 ], [ -122.955374, 38.893437 ], [ -122.958006, 38.894849 ], [ -122.960804, 38.894416 ], [ -122.960432, 38.893572 ], [ -122.962775, 38.893334 ], [ -122.962815, 38.894126 ], [ -122.964243, 38.892314 ], [ -122.963216, 38.890704 ], [ -122.964349, 38.88797 ], [ -122.963857, 38.890365 ], [ -122.965165, 38.892012 ], [ -122.964836, 38.89544 ], [ -122.963986, 38.897286 ], [ -122.962686, 38.896979 ], [ -122.956816, 38.898655 ], [ -122.954215, 38.897606 ], [ -122.953653, 38.898656 ], [ -122.948892, 38.901175 ], [ -122.948865, 38.90022 ], [ -122.93369, 38.90142 ], [ -122.911386, 38.901529 ], [ -122.911355, 38.895171 ], [ -122.89389, 38.895524 ], [ -122.894633, 38.880832 ], [ -122.8757, 38.880837 ], [ -122.876495, 38.87313 ], [ -122.85776, 38.873261 ], [ -122.858487, 38.865849 ], [ -122.839994, 38.866024 ], [ -122.840099, 38.857993 ], [ -122.821388, 38.85792 ], [ -122.821592, 38.85014 ], [ -122.819716, 38.849011 ], [ -122.817651, 38.849839 ], [ -122.816886, 38.846823 ], [ -122.818314, 38.844585 ], [ -122.812874, 38.843274 ], [ -122.811058, 38.841316 ], [ -122.812089, 38.838412 ], [ -122.808983, 38.83755 ], [ -122.808674, 38.836643 ], [ -122.804711, 38.836735 ], [ -122.799796, 38.836978 ], [ -122.798313, 38.839335 ], [ -122.795989, 38.838952 ], [ -122.795382, 38.835849 ], [ -122.791393, 38.830429 ], [ -122.78937, 38.830329 ], [ -122.786138, 38.827339 ], [ -122.780193, 38.826843 ], [ -122.774916, 38.821747 ], [ -122.77248, 38.82153 ], [ -122.772035, 38.82026 ], [ -122.770294, 38.819573 ], [ -122.76883, 38.816604 ], [ -122.766356, 38.815065 ], [ -122.767613, 38.813871 ], [ -122.760548, 38.810535 ], [ -122.758839, 38.807842 ], [ -122.747756, 38.803344 ], [ -122.746198, 38.799248 ], [ -122.746699, 38.794225 ], [ -122.748116, 38.791918 ], [ -122.74822, 38.787795 ], [ -122.743959, 38.784758 ], [ -122.742246, 38.78234 ], [ -122.73891, 38.781857 ], [ -122.735338, 38.777888 ], [ -122.736417, 38.776831 ], [ -122.735885, 38.774501 ], [ -122.73366, 38.771711 ], [ -122.736634, 38.770218 ], [ -122.738016, 38.768555 ], [ -122.739835, 38.769031 ], [ -122.740437, 38.767263 ], [ -122.744195, 38.769874 ], [ -122.744501, 38.772769 ], [ -122.745747, 38.774681 ], [ -122.743601, 38.775355 ], [ -122.743236, 38.776783 ], [ -122.744742, 38.777941 ], [ -122.744507, 38.778815 ], [ -122.748745, 38.779847 ], [ -122.757265, 38.777626 ], [ -122.760085, 38.780143 ], [ -122.763492, 38.780077 ], [ -122.763195, 38.781053 ], [ -122.764682, 38.781171 ], [ -122.767289, 38.783694 ], [ -122.76863, 38.782009 ], [ -122.768604, 38.783716 ], [ -122.772823, 38.783096 ], [ -122.774803, 38.785904 ], [ -122.777187, 38.78531 ], [ -122.782056, 38.787059 ], [ -122.783176, 38.786398 ], [ -122.791842, 38.790253 ], [ -122.793375, 38.789865 ], [ -122.795949, 38.792143 ], [ -122.797818, 38.792151 ], [ -122.799837, 38.794434 ], [ -122.802202, 38.795695 ], [ -122.802431, 38.797596 ], [ -122.804885, 38.798972 ], [ -122.810993, 38.799974 ], [ -122.817848, 38.799884 ], [ -122.819491, 38.801232 ], [ -122.821926, 38.801343 ], [ -122.824574, 38.801047 ], [ -122.827026, 38.799697 ], [ -122.862319, 38.799545 ], [ -122.876377, 38.783551 ], [ -122.880015, 38.785221 ], [ -122.89509, 38.783027 ], [ -122.901045, 38.785882 ], [ -122.906795, 38.791402 ], [ -122.912167, 38.790001 ], [ -122.912273, 38.787469 ], [ -122.904835, 38.784154 ], [ -122.904148, 38.781968 ], [ -122.902407, 38.782154 ], [ -122.904038, 38.776914 ], [ -122.902308, 38.774819 ], [ -122.905899, 38.773189 ], [ -122.911383, 38.773686 ], [ -122.913435, 38.773143 ], [ -122.918757, 38.777461 ], [ -122.924031, 38.778538 ], [ -122.925928, 38.778196 ], [ -122.924571, 38.774912 ], [ -122.924477, 38.768771 ], [ -122.920304, 38.766171 ], [ -122.919213, 38.763711 ], [ -122.90943, 38.763791 ], [ -122.910109, 38.762264 ], [ -122.911808, 38.76183 ], [ -122.912175, 38.759292 ], [ -122.914396, 38.75716 ], [ -122.915651, 38.74894 ], [ -122.916603, 38.748193 ], [ -122.918239, 38.749723 ], [ -122.939908, 38.733594 ], [ -122.94267, 38.737153 ], [ -122.945227, 38.736745 ], [ -122.942723, 38.731637 ], [ -122.949535, 38.726546 ], [ -122.964494, 38.725075 ], [ -122.964127, 38.721653 ], [ -122.972672, 38.713129 ], [ -122.976215, 38.714199 ], [ -122.976641, 38.712316 ], [ -122.979863, 38.713051 ], [ -122.983654, 38.716194 ], [ -122.985637, 38.718928 ], [ -122.992779, 38.720337 ], [ -122.993634, 38.726485 ], [ -123.001419, 38.728773 ], [ -123.005043, 38.73167 ], [ -123.009433, 38.732216 ], [ -123.011122, 38.733321 ], [ -123.010258, 38.731547 ], [ -123.010466, 38.729083 ], [ -123.009513, 38.728545 ], [ -123.010234, 38.727143 ], [ -123.008925, 38.726841 ], [ -123.008218, 38.725033 ], [ -123.006918, 38.724244 ], [ -123.011602, 38.725778 ], [ -123.012401, 38.725064 ], [ -123.014684, 38.727501 ], [ -123.015486, 38.726625 ], [ -123.018988, 38.726557 ], [ -123.021053, 38.728143 ], [ -123.023087, 38.726044 ], [ -123.025675, 38.72634 ], [ -123.026066, 38.727733 ], [ -123.029468, 38.729485 ], [ -123.030568, 38.731535 ], [ -123.032168, 38.731267 ], [ -123.041432, 38.734234 ], [ -123.042382, 38.733166 ], [ -123.046501, 38.735549 ], [ -123.054359, 38.736897 ], [ -123.055051, 38.738255 ], [ -123.055907, 38.737694 ], [ -123.063767, 38.741002 ], [ -123.064472, 38.740269 ], [ -123.069995, 38.741599 ], [ -123.072161, 38.740919 ], [ -123.073585, 38.742231 ], [ -123.073403, 38.728172 ], [ -123.0795, 38.729292 ], [ -123.082562, 38.731306 ], [ -123.089515, 38.733493 ], [ -123.091849, 38.735446 ], [ -123.093941, 38.735409 ], [ -123.099446, 38.73743 ], [ -123.103327, 38.740328 ], [ -123.107946, 38.741011 ], [ -123.115614, 38.745898 ], [ -123.132176, 38.751646 ], [ -123.136079, 38.754972 ], [ -123.141487, 38.75723 ], [ -123.145234, 38.75835 ], [ -123.155138, 38.758678 ], [ -123.162006, 38.76202 ], [ -123.165208, 38.761891 ], [ -123.172967, 38.765682 ], [ -123.169045, 38.765992 ], [ -123.164535, 38.764582 ], [ -123.165547, 38.766142 ], [ -123.163557, 38.766477 ], [ -123.162173, 38.768314 ], [ -123.160392, 38.767866 ], [ -123.160763, 38.769801 ], [ -123.162312, 38.771668 ], [ -123.166348, 38.774191 ], [ -123.169944, 38.774683 ], [ -123.172401, 38.774102 ], [ -123.171729, 38.77597 ], [ -123.174156, 38.776854 ], [ -123.177784, 38.776477 ], [ -123.178895, 38.777546 ], [ -123.184101, 38.778169 ], [ -123.18495, 38.776973 ], [ -123.189513, 38.778808 ], [ -123.195216, 38.776658 ], [ -123.199224, 38.777994 ], [ -123.202002, 38.776905 ], [ -123.201712, 38.780735 ], [ -123.199256, 38.782418 ], [ -123.200982, 38.783165 ], [ -123.202649, 38.781576 ], [ -123.206335, 38.780968 ], [ -123.207621, 38.779242 ], [ -123.209669, 38.781429 ], [ -123.209644, 38.783499 ], [ -123.204458, 38.78294 ], [ -123.202935, 38.786286 ], [ -123.200458, 38.786545 ], [ -123.199813, 38.790313 ], [ -123.197496, 38.789594 ], [ -123.195047, 38.790984 ], [ -123.194815, 38.791945 ], [ -123.193088, 38.791742 ], [ -123.192548, 38.792582 ], [ -123.187269, 38.791995 ], [ -123.185381, 38.794175 ], [ -123.183991, 38.79456 ], [ -123.184896, 38.796444 ], [ -123.182236, 38.796543 ], [ -123.178185, 38.798938 ], [ -123.173959, 38.798437 ], [ -123.17379, 38.799432 ], [ -123.172134, 38.799069 ], [ -123.17009, 38.800129 ], [ -123.169291, 38.798063 ], [ -123.164658, 38.79704 ], [ -123.163885, 38.799298 ], [ -123.160817, 38.79961 ], [ -123.160479, 38.801225 ], [ -123.158253, 38.802241 ], [ -123.158547, 38.805713 ], [ -123.161903, 38.808841 ], [ -123.238964, 38.808557 ], [ -123.237177, 38.811531 ], [ -123.235581, 38.811795 ], [ -123.233654, 38.815188 ], [ -123.231023, 38.815752 ], [ -123.232925, 38.817336 ], [ -123.228839, 38.817294 ], [ -123.22715, 38.81878 ], [ -123.226303, 38.820611 ], [ -123.22648, 38.823267 ], [ -123.220247, 38.823886 ], [ -123.219223, 38.824779 ], [ -123.2194, 38.826771 ], [ -123.222737, 38.830638 ], [ -123.227948, 38.831896 ], [ -123.231517, 38.831024 ], [ -123.235878, 38.832579 ], [ -123.238282, 38.835922 ], [ -123.237559, 38.838171 ], [ -123.242296, 38.84402 ], [ -123.241947, 38.846653 ], [ -123.243118, 38.847293 ], [ -123.243207, 38.848918 ], [ -123.240603, 38.849995 ], [ -123.240428, 38.850934 ], [ -123.242654, 38.852764 ], [ -123.240577, 38.855123 ], [ -123.240988, 38.85661 ], [ -123.240169, 38.857915 ], [ -123.240113, 38.860478 ], [ -123.241393, 38.86096 ], [ -123.241666, 38.862018 ], [ -123.23789, 38.865081 ], [ -123.223171, 38.86534 ], [ -123.222423, 38.86877 ], [ -123.220426, 38.870116 ], [ -123.219088, 38.87544 ], [ -123.216854, 38.8764 ], [ -123.214706, 38.87593 ], [ -123.215021, 38.877196 ], [ -123.214129, 38.877869 ], [ -123.214562, 38.880779 ], [ -123.216397, 38.882835 ], [ -123.213829, 38.885845 ], [ -123.214749, 38.886843 ], [ -123.21377, 38.890044 ], [ -123.210516, 38.88946 ], [ -123.20907, 38.891954 ], [ -123.209665, 38.895337 ], [ -123.21004, 38.894696 ], [ -123.214847, 38.898017 ], [ -123.221248, 38.900551 ], [ -123.224894, 38.90437 ], [ -123.225139, 38.906325 ], [ -123.229199, 38.907799 ], [ -123.232735, 38.908004 ], [ -123.233138, 38.90698 ], [ -123.244459, 38.911783 ] ] ] } },
{ "type": "Feature", "properties": { "zip": "94548" }, "geometry": { "type": "Polygon", "coordinates": [ [ [ -121.677631, 37.968842 ], [ -121.677568, 37.981131 ], [ -121.668449, 37.981116 ], [ -121.668446, 37.983393 ], [ -121.649378, 37.983313 ], [ -121.640224, 37.976159 ], [ -121.620149, 37.976706 ], [ -121.620227, 37.968856 ], [ -121.677631, 37.968842 ] ] ] } },
{ "type": "Feature", "properties": { "zip": "94562" }, "geometry": { "type": "Polygon", "coordinates": [ [ [ -122.416502, 38.429271 ], [ -122.402729, 38.43672 ], [ -122.400501, 38.434248 ], [ -122.411884, 38.424462 ], [ -122.416502, 38.429271 ] ] ] } },
{ "type": "Feature", "properties": { "zip": "94062" }, "geometry": { "type": "MultiPolygon", "coordinates": [ [ [ [ -122.262329, 37.484462 ], [ -122.261913, 37.486038 ], [ -122.259592, 37.486084 ], [ -122.257141, 37.484106 ], [ -122.261119, 37.483772 ], [ -122.262329, 37.484462 ] ] ], [ [ [ -122.399112, 37.535722 ], [ -122.387432, 37.549347 ], [ -122.385228, 37.546986 ], [ -122.385526, 37.545623 ], [ -122.381256, 37.543517 ], [ -122.379113, 37.539977 ], [ -122.37977, 37.538099 ], [ -122.378638, 37.538466 ], [ -122.377107, 37.537289 ], [ -122.374201, 37.533121 ], [ -122.372482, 37.532292 ], [ -122.373806, 37.53089 ], [ -122.385141, 37.534129 ], [ -122.386906, 37.536025 ], [ -122.385714, 37.533766 ], [ -122.375123, 37.529736 ], [ -122.372948, 37.527489 ], [ -122.371396, 37.528715 ], [ -122.369175, 37.528409 ], [ -122.366613, 37.525311 ], [ -122.367067, 37.524377 ], [ -122.365907, 37.521608 ], [ -122.368024, 37.521574 ], [ -122.362662, 37.51828 ], [ -122.364656, 37.51851 ], [ -122.361799, 37.517044 ], [ -122.359893, 37.512935 ], [ -122.360112, 37.511012 ], [ -122.357209, 37.513035 ], [ -122.3538, 37.509937 ], [ -122.353717, 37.508179 ], [ -122.351624, 37.510021 ], [ -122.353439, 37.512062 ], [ -122.351089, 37.512159 ], [ -122.351979, 37.513349 ], [ -122.357449, 37.5158 ], [ -122.356527, 37.516191 ], [ -122.357817, 37.519884 ], [ -122.360894, 37.523292 ], [ -122.359716, 37.524082 ], [ -122.361865, 37.525128 ], [ -122.361775, 37.528296 ], [ -122.367701, 37.532486 ], [ -122.367557, 37.533893 ], [ -122.371952, 37.534193 ], [ -122.373507, 37.536269 ], [ -122.371886, 37.537918 ], [ -122.372577, 37.538566 ], [ -122.374177, 37.537412 ], [ -122.376924, 37.541811 ], [ -122.383275, 37.547276 ], [ -122.386295, 37.550563 ], [ -122.387508, 37.553141 ], [ -122.391719, 37.55712 ], [ -122.390982, 37.557905 ], [ -122.389148, 37.555667 ], [ -122.387982, 37.555407 ], [ -122.383776, 37.548434 ], [ -122.379022, 37.544921 ], [ -122.375143, 37.539781 ], [ -122.374106, 37.54004 ], [ -122.373687, 37.537974 ], [ -122.37251, 37.539055 ], [ -122.371096, 37.537902 ], [ -122.371731, 37.537241 ], [ -122.370493, 37.535184 ], [ -122.367274, 37.534117 ], [ -122.36581, 37.531168 ], [ -122.363928, 37.531011 ], [ -122.362646, 37.529918 ], [ -122.361639, 37.528302 ], [ -122.360349, 37.525332 ], [ -122.357294, 37.524243 ], [ -122.356484, 37.520575 ], [ -122.353839, 37.516215 ], [ -122.349703, 37.511834 ], [ -122.347411, 37.512032 ], [ -122.344926, 37.510348 ], [ -122.343026, 37.507523 ], [ -122.338565, 37.507142 ], [ -122.329519, 37.501815 ], [ -122.319313, 37.500214 ], [ -122.311628, 37.49649 ], [ -122.303036, 37.494008 ], [ -122.300618, 37.492268 ], [ -122.298427, 37.489148 ], [ -122.298754, 37.482179 ], [ -122.287122, 37.47965 ], [ -122.281334, 37.475228 ], [ -122.276712, 37.47516 ], [ -122.278936, 37.478864 ], [ -122.274234, 37.482302 ], [ -122.267408, 37.482199 ], [ -122.265259, 37.480182 ], [ -122.262969, 37.481649 ], [ -122.258734, 37.481622 ], [ -122.258693, 37.48324 ], [ -122.255691, 37.484091 ], [ -122.253323, 37.486213 ], [ -122.250507, 37.486824 ], [ -122.247318, 37.491093 ], [ -122.244309, 37.493156 ], [ -122.24424, 37.49407 ], [ -122.239441, 37.49084 ], [ -122.233, 37.484509 ], [ -122.233818, 37.481665 ], [ -122.23242, 37.484099 ], [ -122.229626, 37.482088 ], [ -122.231258, 37.481532 ], [ -122.235627, 37.47736 ], [ -122.236589, 37.47735 ], [ -122.236164, 37.47701 ], [ -122.237014, 37.476045 ], [ -122.240292, 37.473264 ], [ -122.239588, 37.472758 ], [ -122.242322, 37.471552 ], [ -122.242425, 37.470507 ], [ -122.243284, 37.471196 ], [ -122.246168, 37.470144 ], [ -122.24541, 37.469438 ], [ -122.24668, 37.468977 ], [ -122.247143, 37.469787 ], [ -122.249913, 37.468758 ], [ -122.248826, 37.466588 ], [ -122.249169, 37.465277 ], [ -122.249876, 37.465347 ], [ -122.250544, 37.463638 ], [ -122.254264, 37.463374 ], [ -122.254783, 37.461385 ], [ -122.258951, 37.459714 ], [ -122.257247, 37.458272 ], [ -122.2585, 37.457241 ], [ -122.259232, 37.457665 ], [ -122.258865, 37.45691 ], [ -122.263525, 37.454358 ], [ -122.266237, 37.45559 ], [ -122.267599, 37.457254 ], [ -122.268021, 37.456358 ], [ -122.266623, 37.454113 ], [ -122.269091, 37.452246 ], [ -122.266594, 37.450734 ], [ -122.270747, 37.447538 ], [ -122.268859, 37.446041 ], [ -122.269864, 37.445333 ], [ -122.269467, 37.444608 ], [ -122.263109, 37.443965 ], [ -122.260423, 37.446349 ], [ -122.260262, 37.447453 ], [ -122.257343, 37.447204 ], [ -122.24694, 37.455486 ], [ -122.243654, 37.453223 ], [ -122.240316, 37.455013 ], [ -122.224967, 37.443965 ], [ -122.228328, 37.439652 ], [ -122.230953, 37.440274 ], [ -122.230229, 37.437079 ], [ -122.233416, 37.433796 ], [ -122.233663, 37.432382 ], [ -122.230541, 37.430382 ], [ -122.22651, 37.430058 ], [ -122.226015, 37.428492 ], [ -122.229247, 37.424671 ], [ -122.23592, 37.425351 ], [ -122.239209, 37.421816 ], [ -122.241119, 37.42193 ], [ -122.243803, 37.420101 ], [ -122.240461, 37.411877 ], [ -122.241449, 37.409766 ], [ -122.238706, 37.409576 ], [ -122.236298, 37.410959 ], [ -122.234631, 37.410512 ], [ -122.231658, 37.403872 ], [ -122.236695, 37.401901 ], [ -122.237839, 37.399733 ], [ -122.236301, 37.399452 ], [ -122.235146, 37.397319 ], [ -122.233171, 37.397256 ], [ -122.234404, 37.396453 ], [ -122.233752, 37.393393 ], [ -122.232001, 37.391069 ], [ -122.230782, 37.391072 ], [ -122.229027, 37.388915 ], [ -122.229497, 37.388356 ], [ -122.2275, 37.387386 ], [ -122.227156, 37.385235 ], [ -122.225741, 37.384504 ], [ -122.22673, 37.383595 ], [ -122.225585, 37.382472 ], [ -122.223272, 37.381972 ], [ -122.224132, 37.380625 ], [ -122.225574, 37.380203 ], [ -122.232008, 37.384623 ], [ -122.234007, 37.387083 ], [ -122.234684, 37.384299 ], [ -122.239466, 37.389908 ], [ -122.24511, 37.38539 ], [ -122.247616, 37.379576 ], [ -122.248494, 37.379709 ], [ -122.249887, 37.377288 ], [ -122.253864, 37.374369 ], [ -122.253876, 37.373498 ], [ -122.247646, 37.367295 ], [ -122.247886, 37.365027 ], [ -122.24692, 37.36283 ], [ -122.247721, 37.359927 ], [ -122.246842, 37.357905 ], [ -122.239629, 37.351465 ], [ -122.230398, 37.347656 ], [ -122.228711, 37.345206 ], [ -122.217363, 37.339805 ], [ -122.216998, 37.338295 ], [ -122.214137, 37.338331 ], [ -122.214143, 37.34074 ], [ -122.212704, 37.340078 ], [ -122.2105, 37.34323 ], [ -122.207627, 37.343998 ], [ -122.203778, 37.342035 ], [ -122.20024, 37.336063 ], [ -122.201045, 37.332436 ], [ -122.199214, 37.331942 ], [ -122.19512, 37.326705 ], [ -122.192409, 37.325781 ], [ -122.190633, 37.32237 ], [ -122.18872, 37.322669 ], [ -122.18876, 37.320916 ], [ -122.192513, 37.318795 ], [ -122.197329, 37.32039 ], [ -122.204895, 37.324746 ], [ -122.210771, 37.330441 ], [ -122.22831, 37.330566 ], [ -122.230176, 37.334238 ], [ -122.231706, 37.333014 ], [ -122.231636, 37.329932 ], [ -122.233465, 37.328765 ], [ -122.233, 37.326235 ], [ -122.236014, 37.326044 ], [ -122.237793, 37.326742 ], [ -122.24165, 37.323708 ], [ -122.241729, 37.330143 ], [ -122.254755, 37.326064 ], [ -122.259638, 37.326748 ], [ -122.262201, 37.328412 ], [ -122.269396, 37.329998 ], [ -122.271204, 37.32835 ], [ -122.270912, 37.327174 ], [ -122.273922, 37.325939 ], [ -122.272996, 37.323973 ], [ -122.27445, 37.322597 ], [ -122.274304, 37.319327 ], [ -122.275479, 37.319418 ], [ -122.276714, 37.320659 ], [ -122.276446, 37.321668 ], [ -122.27925, 37.323871 ], [ -122.279964, 37.330607 ], [ -122.281505, 37.332621 ], [ -122.283428, 37.338076 ], [ -122.283153, 37.339494 ], [ -122.280285, 37.340984 ], [ -122.28018, 37.34283 ], [ -122.278332, 37.342838 ], [ -122.277682, 37.341622 ], [ -122.275954, 37.343288 ], [ -122.273982, 37.343515 ], [ -122.274193, 37.345672 ], [ -122.276303, 37.350261 ], [ -122.275889, 37.353437 ], [ -122.272936, 37.356879 ], [ -122.276712, 37.357195 ], [ -122.277484, 37.358517 ], [ -122.280966, 37.357738 ], [ -122.282531, 37.359015 ], [ -122.285784, 37.358137 ], [ -122.286724, 37.359522 ], [ -122.287689, 37.358336 ], [ -122.289697, 37.358258 ], [ -122.291638, 37.36133 ], [ -122.29598, 37.360141 ], [ -122.300789, 37.362182 ], [ -122.301088, 37.363134 ], [ -122.304621, 37.360275 ], [ -122.305285, 37.361329 ], [ -122.309498, 37.362139 ], [ -122.309886, 37.362992 ], [ -122.314427, 37.362744 ], [ -122.314939, 37.365088 ], [ -122.31619, 37.366269 ], [ -122.318337, 37.366294 ], [ -122.318023, 37.367516 ], [ -122.321062, 37.370043 ], [ -122.323276, 37.370638 ], [ -122.326497, 37.369482 ], [ -122.327414, 37.370497 ], [ -122.329503, 37.370696 ], [ -122.330903, 37.373064 ], [ -122.331652, 37.36885 ], [ -122.33075, 37.365449 ], [ -122.333839, 37.357168 ], [ -122.334856, 37.353338 ], [ -122.33455, 37.351796 ], [ -122.337379, 37.351694 ], [ -122.337653, 37.350003 ], [ -122.339726, 37.349406 ], [ -122.339163, 37.352396 ], [ -122.340486, 37.354161 ], [ -122.340241, 37.359186 ], [ -122.342423, 37.365583 ], [ -122.344822, 37.368076 ], [ -122.343244, 37.372388 ], [ -122.341275, 37.372459 ], [ -122.338035, 37.375296 ], [ -122.33605, 37.375326 ], [ -122.336803, 37.377328 ], [ -122.334286, 37.379331 ], [ -122.335606, 37.383719 ], [ -122.334598, 37.385861 ], [ -122.341678, 37.385845 ], [ -122.341705, 37.389184 ], [ -122.349257, 37.389147 ], [ -122.34926, 37.392062 ], [ -122.358173, 37.392082 ], [ -122.358165, 37.399991 ], [ -122.348978, 37.400209 ], [ -122.348983, 37.403691 ], [ -122.340005, 37.403624 ], [ -122.335537, 37.419515 ], [ -122.342818, 37.422848 ], [ -122.338732, 37.422896 ], [ -122.334948, 37.421093 ], [ -122.331892, 37.421193 ], [ -122.330244, 37.420095 ], [ -122.33006, 37.421064 ], [ -122.328203, 37.421692 ], [ -122.329045, 37.422867 ], [ -122.325818, 37.421541 ], [ -122.325248, 37.423667 ], [ -122.321545, 37.421048 ], [ -122.321606, 37.420088 ], [ -122.320012, 37.421248 ], [ -122.3204, 37.424296 ], [ -122.318329, 37.425126 ], [ -122.315224, 37.424387 ], [ -122.310722, 37.427214 ], [ -122.313093, 37.430054 ], [ -122.313779, 37.428562 ], [ -122.316598, 37.429691 ], [ -122.317512, 37.428788 ], [ -122.319929, 37.429814 ], [ -122.320627, 37.431131 ], [ -122.33094, 37.428674 ], [ -122.335978, 37.43002 ], [ -122.34423, 37.43401 ], [ -122.350664, 37.43425 ], [ -122.354606, 37.436456 ], [ -122.370416, 37.437628 ], [ -122.36563, 37.441446 ], [ -122.353883, 37.445407 ], [ -122.351467, 37.444985 ], [ -122.351511, 37.447749 ], [ -122.369114, 37.447807 ], [ -122.368881, 37.478714 ], [ -122.363934, 37.478332 ], [ -122.362591, 37.477548 ], [ -122.359476, 37.47882 ], [ -122.35972, 37.481168 ], [ -122.358617, 37.483691 ], [ -122.359862, 37.485052 ], [ -122.362895, 37.484406 ], [ -122.363887, 37.488088 ], [ -122.363044, 37.48954 ], [ -122.365737, 37.489893 ], [ -122.366261, 37.490811 ], [ -122.364758, 37.491201 ], [ -122.364962, 37.492358 ], [ -122.369171, 37.49541 ], [ -122.370163, 37.497445 ], [ -122.368438, 37.49841 ], [ -122.369401, 37.500682 ], [ -122.371633, 37.502041 ], [ -122.373827, 37.505631 ], [ -122.371955, 37.507924 ], [ -122.376301, 37.512964 ], [ -122.377684, 37.517567 ], [ -122.379837, 37.521338 ], [ -122.383751, 37.525635 ], [ -122.390386, 37.528531 ], [ -122.399112, 37.535722 ] ] ] ] } },
{ "type": "Feature", "properties": { "zip": "95020" }, "geometry": { "type": "Polygon", "coordinates": [ [ [ -121.748345, 37.060553 ], [ -121.694381, 37.055061 ], [ -121.668418, 37.05564 ], [ -121.666772, 37.053876 ], [ -121.664326, 37.055736 ], [ -121.665494, 37.057375 ], [ -121.66287, 37.05945 ], [ -121.649888, 37.052712 ], [ -121.647829, 37.058557 ], [ -121.646224, 37.058887 ], [ -121.639761, 37.05617 ], [ -121.633298, 37.055264 ], [ -121.631528, 37.058248 ], [ -121.629655, 37.05973 ], [ -121.626403, 37.060338 ], [ -121.624497, 37.061706 ], [ -121.614349, 37.050152 ], [ -121.614421, 37.051615 ], [ -121.59377, 37.0561 ], [ -121.600158, 37.067722 ], [ -121.595772, 37.069294 ], [ -121.592355, 37.065405 ], [ -121.587026, 37.064604 ], [ -121.59002, 37.07133 ], [ -121.56339, 37.08074 ], [ -121.561857, 37.080796 ], [ -121.560837, 37.078938 ], [ -121.558962, 37.078334 ], [ -121.552934, 37.080475 ], [ -121.55549, 37.08343 ], [ -121.555588, 37.099982 ], [ -121.566258, 37.115891 ], [ -121.55099, 37.11597 ], [ -121.5513, 37.11656 ], [ -121.549283, 37.119039 ], [ -121.545267, 37.119994 ], [ -121.547638, 37.118158 ], [ -121.48106, 37.118201 ], [ -121.477251, 37.113598 ], [ -121.478065, 37.11194 ], [ -121.477604, 37.109704 ], [ -121.472678, 37.104327 ], [ -121.472688, 37.099107 ], [ -121.471575, 37.098931 ], [ -121.467856, 37.09157 ], [ -121.469932, 37.08966 ], [ -121.468405, 37.088251 ], [ -121.467346, 37.08552 ], [ -121.469499, 37.08403 ], [ -121.469884, 37.082708 ], [ -121.466913, 37.078652 ], [ -121.466858, 37.076453 ], [ -121.464986, 37.076459 ], [ -121.460064, 37.07369 ], [ -121.458624, 37.073779 ], [ -121.457367, 37.072509 ], [ -121.454317, 37.072054 ], [ -121.44737, 37.067055 ], [ -121.445829, 37.065153 ], [ -121.440281, 37.062314 ], [ -121.440311, 37.061265 ], [ -121.438377, 37.060384 ], [ -121.435716, 37.057507 ], [ -121.433872, 37.057072 ], [ -121.428779, 37.049887 ], [ -121.42599, 37.04887 ], [ -121.425351, 37.046625 ], [ -121.420658, 37.043679 ], [ -121.421696, 37.042871 ], [ -121.422006, 37.038822 ], [ -121.424046, 37.037998 ], [ -121.42156, 37.03561 ], [ -121.41866, 37.03566 ], [ -121.416487, 37.037327 ], [ -121.414774, 37.036661 ], [ -121.413246, 37.037391 ], [ -121.406838, 37.036675 ], [ -121.40136, 37.0351 ], [ -121.393526, 37.038864 ], [ -121.39353, 37.0413 ], [ -121.398175, 37.045589 ], [ -121.394418, 37.049147 ], [ -121.38094, 37.047866 ], [ -121.378969, 37.046483 ], [ -121.365438, 37.02608 ], [ -121.394019, 37.005363 ], [ -121.399885, 37.006309 ], [ -121.410671, 37.013228 ], [ -121.412898, 37.013526 ], [ -121.415556, 37.012746 ], [ -121.418002, 37.014005 ], [ -121.420646, 37.013324 ], [ -121.42475, 37.014687 ], [ -121.43008, 37.014242 ], [ -121.433984, 37.012801 ], [ -121.438473, 37.013183 ], [ -121.437425, 37.009743 ], [ -121.439693, 37.007647 ], [ -121.438636, 37.00704 ], [ -121.43566, 37.008198 ], [ -121.43363, 37.0053 ], [ -121.42985, 37.00507 ], [ -121.42534, 37.00182 ], [ -121.42342, 36.99845 ], [ -121.4216, 36.99784 ], [ -121.41697, 36.99846 ], [ -121.41478, 36.9976 ], [ -121.41294, 36.99394 ], [ -121.41098, 36.99309 ], [ -121.40899, 36.99345 ], [ -121.40922, 36.99214 ], [ -121.40783, 36.99107 ], [ -121.40931, 36.99029 ], [ -121.40249, 36.98198 ], [ -121.40283, 36.97965 ], [ -121.40046, 36.96974 ], [ -121.40114, 36.96869 ], [ -121.40014, 36.96374 ], [ -121.40097, 36.96126 ], [ -121.399548, 36.961106 ], [ -121.39142, 36.96567 ], [ -121.383336, 36.968838 ], [ -121.383565, 36.960639 ], [ -121.418253, 36.96064 ], [ -121.434563, 36.973983 ], [ -121.437697, 36.97851 ], [ -121.447346, 36.982955 ], [ -121.449747, 36.986148 ], [ -121.449119, 36.988211 ], [ -121.450607, 36.988944 ], [ -121.456647, 36.986648 ], [ -121.457547, 36.987548 ], [ -121.460046, 36.985748 ], [ -121.463656, 36.984877 ], [ -121.465948, 36.982148 ], [ -121.463561, 36.978294 ], [ -121.467939, 36.976772 ], [ -121.488949, 36.983148 ], [ -121.501488, 36.971895 ], [ -121.504552, 36.967847 ], [ -121.50528, 36.964216 ], [ -121.508145, 36.963649 ], [ -121.509401, 36.960039 ], [ -121.512275, 36.959036 ], [ -121.512263, 36.957997 ], [ -121.510185, 36.956019 ], [ -121.510231, 36.954053 ], [ -121.512045, 36.952675 ], [ -121.511681, 36.949343 ], [ -121.513813, 36.945155 ], [ -121.515805, 36.944331 ], [ -121.516857, 36.942558 ], [ -121.519152, 36.941972 ], [ -121.522226, 36.939691 ], [ -121.523591, 36.93709 ], [ -121.526819, 36.935747 ], [ -121.539234, 36.927302 ], [ -121.54068, 36.925542 ], [ -121.540754, 36.924628 ], [ -121.539265, 36.923185 ], [ -121.540016, 36.920765 ], [ -121.553493, 36.915199 ], [ -121.558452, 36.910468 ], [ -121.560159, 36.903072 ], [ -121.560272, 36.897111 ], [ -121.562901, 36.896252 ], [ -121.571394, 36.897075 ], [ -121.573741, 36.89558 ], [ -121.575402, 36.893033 ], [ -121.576862, 36.893739 ], [ -121.581354, 36.899152 ], [ -121.581154, 36.919252 ], [ -121.590154, 36.919252 ], [ -121.590354, 36.926151 ], [ -121.607155, 36.926051 ], [ -121.624755, 36.940451 ], [ -121.624048, 36.938494 ], [ -121.626055, 36.939797 ], [ -121.63046, 36.940544 ], [ -121.631856, 36.939253 ], [ -121.637055, 36.939053 ], [ -121.642256, 36.936351 ], [ -121.641025, 36.932224 ], [ -121.645791, 36.93233 ], [ -121.648856, 36.937251 ], [ -121.653056, 36.941751 ], [ -121.654056, 36.944751 ], [ -121.652271, 36.947628 ], [ -121.653675, 36.947717 ], [ -121.654038, 36.950584 ], [ -121.658357, 36.950551 ], [ -121.663257, 36.951851 ], [ -121.66433, 36.95514 ], [ -121.662857, 36.959151 ], [ -121.664787, 36.963714 ], [ -121.66613, 36.96434 ], [ -121.66993, 36.963641 ], [ -121.672257, 36.964351 ], [ -121.672657, 36.965451 ], [ -121.674757, 36.965351 ], [ -121.678258, 36.96785 ], [ -121.687758, 36.966951 ], [ -121.693303, 36.96823 ], [ -121.698129, 36.972605 ], [ -121.698428, 36.974984 ], [ -121.696222, 36.98056 ], [ -121.689941, 36.981399 ], [ -121.687486, 36.988768 ], [ -121.689818, 36.99161 ], [ -121.693766, 36.990866 ], [ -121.695848, 36.988367 ], [ -121.699566, 36.989069 ], [ -121.706839, 36.991127 ], [ -121.707764, 36.993177 ], [ -121.714701, 36.994068 ], [ -121.715431, 36.996011 ], [ -121.714515, 36.997305 ], [ -121.71715, 36.99599 ], [ -121.71293, 36.99877 ], [ -121.70918, 37.0036 ], [ -121.7094, 37.00511 ], [ -121.712507, 37.006619 ], [ -121.71019, 37.008642 ], [ -121.710357, 37.010549 ], [ -121.708415, 37.011793 ], [ -121.712047, 37.012287 ], [ -121.715176, 37.011438 ], [ -121.717797, 37.013371 ], [ -121.716886, 37.017624 ], [ -121.719089, 37.020448 ], [ -121.716234, 37.022324 ], [ -121.715922, 37.024073 ], [ -121.717244, 37.02449 ], [ -121.717143, 37.027097 ], [ -121.71548, 37.02798 ], [ -121.71531, 37.02909 ], [ -121.713594, 37.028232 ], [ -121.713638, 37.030875 ], [ -121.726713, 37.030601 ], [ -121.726736, 37.034069 ], [ -121.730658, 37.034061 ], [ -121.730724, 37.037575 ], [ -121.739367, 37.037561 ], [ -121.742757, 37.034803 ], [ -121.742504, 37.040741 ], [ -121.743734, 37.040709 ], [ -121.743877, 37.044555 ], [ -121.748134, 37.045572 ], [ -121.748345, 37.060553 ] ] ] } },
{ "type": "Feature", "properties": { "zip": "94105" }, "geometry": { "type": "Polygon", "coordinates": [ [ [ -122.403456, 37.787776 ], [ -122.396315, 37.793337 ], [ -122.396958, 37.796347 ], [ -122.395119575186996, 37.797037413014102 ], [ -122.387669, 37.788809 ], [ -122.387669, 37.784762 ], [ -122.390295, 37.785767 ], [ -122.389637, 37.786224 ], [ -122.390182, 37.786658 ], [ -122.39454, 37.783815 ], [ -122.395161, 37.784311 ], [ -122.394023, 37.785209 ], [ -122.395645, 37.786379 ], [ -122.397812, 37.784667 ], [ -122.39937, 37.785899 ], [ -122.400468, 37.78503 ], [ -122.402575, 37.786678 ], [ -122.401825, 37.787272 ], [ -122.403456, 37.787776 ] ] ] } },
{ "type": "Feature", "properties": { "zip": "94939" }, "geometry": { "type": "MultiPolygon", "coordinates": [ [ [ [ -122.515232, 37.942953 ], [ -122.514964, 37.943957 ], [ -122.513577, 37.943869 ], [ -122.513209, 37.946914 ], [ -122.509538, 37.951875 ], [ -122.505805, 37.951175 ], [ -122.504983, 37.949697 ], [ -122.501738, 37.947828 ], [ -122.502391, 37.942921 ], [ -122.501383, 37.942478 ], [ -122.501993723967004, 37.942160600836601 ], [ -122.50506, 37.942788 ], [ -122.50506, 37.941897022988499 ], [ -122.510778, 37.941687 ], [ -122.51346, 37.943111 ], [ -122.515232, 37.942953 ] ] ], [ [ [ -122.559446, 37.93136 ], [ -122.552865, 37.935209 ], [ -122.551403, 37.939676 ], [ -122.54637, 37.941113 ], [ -122.548321, 37.944767 ], [ -122.549597, 37.944827 ], [ -122.55034, 37.946284 ], [ -122.549348, 37.9485 ], [ -122.549668, 37.95077 ], [ -122.545791, 37.95161 ], [ -122.544943, 37.949002 ], [ -122.53958, 37.947159 ], [ -122.538543, 37.944499 ], [ -122.536945, 37.943152 ], [ -122.532133, 37.942487 ], [ -122.528112, 37.944203 ], [ -122.521212, 37.941819 ], [ -122.51639, 37.942121 ], [ -122.515429, 37.94281 ], [ -122.516655, 37.940873 ], [ -122.521186, 37.938455 ], [ -122.520775, 37.934433 ], [ -122.527176, 37.93389 ], [ -122.527215, 37.932254 ], [ -122.524987, 37.93157 ], [ -122.527155, 37.929343 ], [ -122.531959, 37.92933 ], [ -122.531953, 37.927788 ], [ -122.535017, 37.926839 ], [ -122.535489, 37.923961 ], [ -122.536471, 37.923096 ], [ -122.539678, 37.925144 ], [ -122.53969, 37.923923 ], [ -122.541641, 37.924234 ], [ -122.544582, 37.926293 ], [ -122.548184, 37.925556 ], [ -122.549138, 37.923745 ], [ -122.549446, 37.924703 ], [ -122.55522, 37.927394 ], [ -122.559446, 37.93136 ] ] ] ] } },
{ "type": "Feature", "properties": { "zip": "94104" }, "geometry": { "type": "Polygon", "coordinates": [ [ [ -122.404613, 37.793565 ], [ -122.400058, 37.793694 ], [ -122.399195, 37.791058 ], [ -122.403456, 37.787776 ], [ -122.404613, 37.793565 ] ] ] } },
{ "type": "Feature", "properties": { "zip": "94121" }, "geometry": { "type": "Polygon", "coordinates": [ [ [ -122.514483, 37.780829 ], [ -122.50531, 37.788312 ], [ -122.492883, 37.787929 ], [ -122.485757214250995, 37.790679114676799 ], [ -122.484072, 37.789515 ], [ -122.484146, 37.787665 ], [ -122.476625, 37.786796 ], [ -122.476013, 37.785775 ], [ -122.476025, 37.778554 ], [ -122.475453, 37.77819 ], [ -122.475751, 37.774828 ], [ -122.475193, 37.774468 ], [ -122.475614, 37.772962 ], [ -122.484194, 37.772569 ], [ -122.486514, 37.770725 ], [ -122.491129, 37.77095 ], [ -122.506302, 37.766678 ], [ -122.504117, 37.765526 ], [ -122.510435, 37.76406 ], [ -122.511124, 37.771323 ], [ -122.513067688424002, 37.770783033171398 ], [ -122.514483, 37.780829 ] ] ] } },
{ "type": "Feature", "properties": { "zip": "94133" }, "geometry": { "type": "Polygon", "coordinates": [ [ [ -122.420743, 37.80759 ], [ -122.419086, 37.807803 ], [ -122.419111581365001, 37.808587543927899 ], [ -122.409529, 37.8089 ], [ -122.405556217938994, 37.807058664476699 ], [ -122.405174, 37.804763 ], [ -122.405954, 37.804664 ], [ -122.404798, 37.802901 ], [ -122.40316, 37.803098 ], [ -122.401907, 37.796876 ], [ -122.405547, 37.79571 ], [ -122.414826, 37.794988 ], [ -122.415572, 37.79868 ], [ -122.417573, 37.798426 ], [ -122.418605, 37.805373 ], [ -122.420743, 37.80759 ] ] ] } },
{ "type": "Feature", "properties": { "zip": "94513" }, "geometry": { "type": "Polygon", "coordinates": [ [ [ -121.832379, 37.930514 ], [ -121.829485, 37.934458 ], [ -121.827883, 37.934131 ], [ -121.821962, 37.930733 ], [ -121.817523, 37.930393 ], [ -121.815186, 37.928728 ], [ -121.796052, 37.923832 ], [ -121.787233, 37.917972 ], [ -121.778706, 37.917962 ], [ -121.778112, 37.925269 ], [ -121.755528, 37.925283 ], [ -121.755486, 37.932538 ], [ -121.751019, 37.932567 ], [ -121.750796, 37.961761 ], [ -121.743223, 37.961689 ], [ -121.739875, 37.965784 ], [ -121.739002, 37.968767 ], [ -121.739406, 37.971348 ], [ -121.747416, 37.98307 ], [ -121.743619, 37.983103 ], [ -121.729932, 37.968796 ], [ -121.696026, 37.968793 ], [ -121.696031, 37.967957 ], [ -121.691434, 37.967929 ], [ -121.691442, 37.966153 ], [ -121.685443, 37.966151 ], [ -121.685443, 37.968856 ], [ -121.620227, 37.968856 ], [ -121.620149, 37.976706 ], [ -121.622586, 37.976221 ], [ -121.624585, 37.997848 ], [ -121.62836, 38.008909 ], [ -121.627015, 38.008834 ], [ -121.619603, 38.012774 ], [ -121.616751, 38.011524 ], [ -121.616237, 38.01376 ], [ -121.613029, 38.01376 ], [ -121.607696, 38.017926 ], [ -121.607204, 38.019085 ], [ -121.602171, 38.019822 ], [ -121.595159, 38.025197 ], [ -121.58576, 38.029679 ], [ -121.585911, 38.026003 ], [ -121.581246, 38.001749 ], [ -121.580138, 37.998784 ], [ -121.577362, 37.997127 ], [ -121.576084, 37.994855 ], [ -121.581025, 37.989525 ], [ -121.582463, 37.983922 ], [ -121.579527, 37.98155 ], [ -121.573583, 37.980309 ], [ -121.572393, 37.979045 ], [ -121.572706, 37.97809 ], [ -121.574237, 37.977416 ], [ -121.576965, 37.977759 ], [ -121.579993, 37.976967 ], [ -121.579943, 37.976113 ], [ -121.57555, 37.973675 ], [ -121.574148, 37.971813 ], [ -121.573713, 37.966434 ], [ -121.565138, 37.959849 ], [ -121.565586, 37.957785 ], [ -121.574501, 37.956939 ], [ -121.575188, 37.955045 ], [ -121.573589, 37.953756 ], [ -121.564113, 37.955115 ], [ -121.563692, 37.953512 ], [ -121.568515, 37.949171 ], [ -121.568988, 37.947618 ], [ -121.568603, 37.945459 ], [ -121.567409, 37.943982 ], [ -121.56555, 37.944168 ], [ -121.560683, 37.947579 ], [ -121.55818, 37.947367 ], [ -121.557583, 37.946496 ], [ -121.558175, 37.945379 ], [ -121.563406, 37.944273 ], [ -121.563235, 37.942683 ], [ -121.561474, 37.941552 ], [ -121.56088, 37.93988 ], [ -121.561937, 37.937612 ], [ -121.561455, 37.935885 ], [ -121.557274, 37.932247 ], [ -121.558899, 37.927926 ], [ -121.556419, 37.923302 ], [ -121.558262, 37.921381 ], [ -121.565114, 37.919173 ], [ -121.565919, 37.916099 ], [ -121.571735, 37.915668 ], [ -121.574785, 37.917868 ], [ -121.577135, 37.918393 ], [ -121.58216, 37.917518 ], [ -121.591097, 37.920844 ], [ -121.59371, 37.917919 ], [ -121.60586, 37.917368 ], [ -121.608935, 37.932818 ], [ -121.622723, 37.932779 ], [ -121.62289, 37.918679 ], [ -121.618556, 37.918736 ], [ -121.618389, 37.917321 ], [ -121.622901, 37.917259 ], [ -121.62291, 37.916449 ], [ -121.621435, 37.916454 ], [ -121.621426, 37.91499 ], [ -121.622923, 37.914986 ], [ -121.623039, 37.896407 ], [ -121.6321, 37.896421 ], [ -121.632197, 37.889288 ], [ -121.639611, 37.889442 ], [ -121.640816, 37.890195 ], [ -121.641347, 37.896454 ], [ -121.664811, 37.896494 ], [ -121.658257, 37.88922 ], [ -121.659812, 37.889885 ], [ -121.659809, 37.885648 ], [ -121.668598, 37.885613 ], [ -121.671215, 37.886579 ], [ -121.671267, 37.88196 ], [ -121.675972, 37.881994 ], [ -121.677317, 37.883144 ], [ -121.678161, 37.882107 ], [ -121.687823, 37.882068 ], [ -121.677923, 37.871325 ], [ -121.652181, 37.855728 ], [ -121.647121, 37.850385 ], [ -121.646729, 37.84473 ], [ -121.651385, 37.844892 ], [ -121.65441, 37.842113 ], [ -121.656664, 37.841579 ], [ -121.661734, 37.842255 ], [ -121.663796, 37.844986 ], [ -121.675862, 37.849394 ], [ -121.677224, 37.848496 ], [ -121.683183, 37.848075 ], [ -121.689722, 37.849624 ], [ -121.693614, 37.851955 ], [ -121.694602, 37.854112 ], [ -121.696303, 37.853981 ], [ -121.696317, 37.861044 ], [ -121.698546, 37.864289 ], [ -121.698589, 37.867453 ], [ -121.723736, 37.867537 ], [ -121.723707, 37.862542 ], [ -121.728569, 37.862591 ], [ -121.73107, 37.863638 ], [ -121.731326, 37.864989 ], [ -121.732642, 37.864508 ], [ -121.732627, 37.861099 ], [ -121.734568, 37.860978 ], [ -121.740351, 37.853399 ], [ -121.747034, 37.853605 ], [ -121.748124, 37.852495 ], [ -121.753133, 37.85128 ], [ -121.755447, 37.849178 ], [ -121.754488, 37.847139 ], [ -121.751938, 37.84581 ], [ -121.773267, 37.845724 ], [ -121.773228, 37.838669 ], [ -121.774824, 37.838675 ], [ -121.777099, 37.842889 ], [ -121.782278, 37.846767 ], [ -121.782254, 37.84762 ], [ -121.777769, 37.850434 ], [ -121.777319, 37.849828 ], [ -121.774601, 37.852339 ], [ -121.773676, 37.858438 ], [ -121.771205, 37.860586 ], [ -121.772288, 37.863078 ], [ -121.767719, 37.866355 ], [ -121.763352, 37.866688 ], [ -121.759734, 37.867924 ], [ -121.75126, 37.867647 ], [ -121.751217, 37.869868 ], [ -121.756955, 37.869768 ], [ -121.755767, 37.870843 ], [ -121.759242, 37.872518 ], [ -121.759934, 37.873644 ], [ -121.76193, 37.87458 ], [ -121.766855, 37.87493 ], [ -121.767117, 37.877505 ], [ -121.770655, 37.878305 ], [ -121.777333, 37.882018 ], [ -121.775994, 37.884891 ], [ -121.784855, 37.889568 ], [ -121.787855, 37.89223 ], [ -121.790743, 37.893168 ], [ -121.791511, 37.89448 ], [ -121.794367, 37.896149 ], [ -121.796255, 37.896124 ], [ -121.799155, 37.894518 ], [ -121.799008, 37.8926 ], [ -121.800019, 37.89115 ], [ -121.802664, 37.891633 ], [ -121.805152, 37.890681 ], [ -121.805233, 37.896252 ], [ -121.831688, 37.895799 ], [ -121.832379, 37.930514 ] ] ] } },
{ "type": "Feature", "properties": { "zip": "94528" }, "geometry": { "type": "Polygon", "coordinates": [ [ [ -121.976, 37.83807 ], [ -121.960455, 37.845528 ], [ -121.960417, 37.852799 ], [ -121.951473, 37.852918 ], [ -121.950492, 37.851249 ], [ -121.950076, 37.84672 ], [ -121.949171, 37.844991 ], [ -121.950215, 37.843921 ], [ -121.949178, 37.840865 ], [ -121.947562, 37.840228 ], [ -121.94797, 37.838902 ], [ -121.951617, 37.835169 ], [ -121.95192, 37.831928 ], [ -121.956885, 37.832063 ], [ -121.959075, 37.833215 ], [ -121.9659, 37.833926 ], [ -121.9671, 37.835227 ], [ -121.96918, 37.835878 ], [ -121.969821, 37.838165 ], [ -121.976, 37.83807 ] ] ] } },
{ "type": "Feature", "properties": { "zip": "94551" }, "geometry": { "type": "Polygon", "coordinates": [ [ [ -121.850608, 37.734061 ], [ -121.845063, 37.732258 ], [ -121.842715, 37.733317 ], [ -121.837315, 37.733675 ], [ -121.8381, 37.738841 ], [ -121.835125, 37.746392 ], [ -121.836695, 37.750267 ], [ -121.834604, 37.752193 ], [ -121.832416, 37.756059 ], [ -121.831929, 37.767039 ], [ -121.824537, 37.76544 ], [ -121.825869, 37.766927 ], [ -121.82306, 37.766894 ], [ -121.822995, 37.774567 ], [ -121.822175, 37.776678 ], [ -121.823271, 37.777833 ], [ -121.822251, 37.779891 ], [ -121.822136, 37.782816 ], [ -121.82304, 37.782835 ], [ -121.823021, 37.810157 ], [ -121.824349, 37.810161 ], [ -121.824349, 37.817511 ], [ -121.82306, 37.81755 ], [ -121.8231, 37.839062 ], [ -121.832168, 37.838971 ], [ -121.832131, 37.853086 ], [ -121.823145, 37.852922 ], [ -121.822966, 37.860193 ], [ -121.813976, 37.860308 ], [ -121.814015, 37.864343 ], [ -121.814939, 37.867021 ], [ -121.81175, 37.869339 ], [ -121.809324, 37.868646 ], [ -121.805343, 37.86991 ], [ -121.804068, 37.869817 ], [ -121.803093, 37.867739 ], [ -121.800185, 37.865211 ], [ -121.796687, 37.863952 ], [ -121.796685, 37.863151 ], [ -121.794754, 37.862095 ], [ -121.792666, 37.857187 ], [ -121.789794, 37.856651 ], [ -121.784235, 37.853422 ], [ -121.78252, 37.8497 ], [ -121.782278, 37.846767 ], [ -121.777099, 37.842889 ], [ -121.774824, 37.838675 ], [ -121.773228, 37.838669 ], [ -121.773267, 37.845724 ], [ -121.749851, 37.845799 ], [ -121.749183, 37.843887 ], [ -121.742459, 37.839766 ], [ -121.741391, 37.841723 ], [ -121.735918, 37.843381 ], [ -121.732516, 37.843814 ], [ -121.731389, 37.842633 ], [ -121.728647, 37.841864 ], [ -121.727888, 37.842709 ], [ -121.725797, 37.842416 ], [ -121.725028, 37.840997 ], [ -121.727366, 37.83881 ], [ -121.731772, 37.837318 ], [ -121.732697, 37.836006 ], [ -121.737547, 37.833581 ], [ -121.737759, 37.832568 ], [ -121.742409, 37.833068 ], [ -121.742609, 37.831181 ], [ -121.746959, 37.832468 ], [ -121.747097, 37.834181 ], [ -121.748922, 37.835781 ], [ -121.748585, 37.8345 ], [ -121.751191, 37.834575 ], [ -121.751266, 37.833256 ], [ -121.748985, 37.831468 ], [ -121.74976, 37.830743 ], [ -121.748622, 37.829681 ], [ -121.747322, 37.830206 ], [ -121.74631, 37.829468 ], [ -121.747535, 37.828268 ], [ -121.745072, 37.826718 ], [ -121.743635, 37.827293 ], [ -121.739522, 37.824606 ], [ -121.740247, 37.823281 ], [ -121.73976, 37.821468 ], [ -121.740922, 37.819743 ], [ -121.742222, 37.819543 ], [ -121.743635, 37.820781 ], [ -121.745072, 37.820231 ], [ -121.749647, 37.823006 ], [ -121.751772, 37.823456 ], [ -121.753835, 37.825481 ], [ -121.75956, 37.828681 ], [ -121.762247, 37.828943 ], [ -121.76246, 37.827993 ], [ -121.757235, 37.821031 ], [ -121.754672, 37.819306 ], [ -121.752122, 37.816156 ], [ -121.752585, 37.815156 ], [ -121.750472, 37.812456 ], [ -121.750066, 37.810312 ], [ -121.747309, 37.808143 ], [ -121.745922, 37.807943 ], [ -121.745759, 37.805881 ], [ -121.744922, 37.805931 ], [ -121.747258, 37.802082 ], [ -121.749923, 37.800856 ], [ -121.75071, 37.79955 ], [ -121.750816, 37.796664 ], [ -121.749062, 37.789198 ], [ -121.749602, 37.787563 ], [ -121.741386, 37.774 ], [ -121.739637, 37.773752 ], [ -121.73928, 37.772122 ], [ -121.699286, 37.78196 ], [ -121.698425, 37.78381 ], [ -121.697827, 37.790404 ], [ -121.699031, 37.792231 ], [ -121.700357, 37.792299 ], [ -121.697854, 37.793787 ], [ -121.696502, 37.795803 ], [ -121.693226, 37.795664 ], [ -121.700922, 37.798402 ], [ -121.704125, 37.796286 ], [ -121.707821, 37.799949 ], [ -121.708575, 37.801111 ], [ -121.708446, 37.804241 ], [ -121.707527, 37.804851 ], [ -121.704975, 37.803114 ], [ -121.702389, 37.808477 ], [ -121.703505, 37.81461 ], [ -121.705999, 37.816301 ], [ -121.708097, 37.816702 ], [ -121.709153, 37.818442 ], [ -121.704639, 37.818687 ], [ -121.702858, 37.817291 ], [ -121.698461, 37.817077 ], [ -121.697943, 37.815073 ], [ -121.694068, 37.813344 ], [ -121.692948, 37.811732 ], [ -121.690347, 37.811689 ], [ -121.690573, 37.813326 ], [ -121.686834, 37.814333 ], [ -121.684667, 37.810498 ], [ -121.682444, 37.809902 ], [ -121.678939, 37.809997 ], [ -121.672953, 37.815395 ], [ -121.667984, 37.814461 ], [ -121.663345, 37.815309 ], [ -121.663303, 37.812452 ], [ -121.672738, 37.80605 ], [ -121.675282, 37.803093 ], [ -121.67588, 37.799464 ], [ -121.678474, 37.79756 ], [ -121.685252, 37.796351 ], [ -121.688845, 37.793146 ], [ -121.694223, 37.791561 ], [ -121.697322, 37.782438 ], [ -121.670372, 37.789014 ], [ -121.670073, 37.78217 ], [ -121.66859, 37.77963 ], [ -121.672512, 37.772452 ], [ -121.670944, 37.773266 ], [ -121.665895, 37.770771 ], [ -121.663592, 37.761617 ], [ -121.659317, 37.763707 ], [ -121.657826, 37.763688 ], [ -121.651978, 37.761532 ], [ -121.649421, 37.758547 ], [ -121.649973, 37.757466 ], [ -121.648312, 37.754267 ], [ -121.648602, 37.753151 ], [ -121.652951, 37.751343 ], [ -121.654599, 37.749695 ], [ -121.654209, 37.74641 ], [ -121.655396, 37.746444 ], [ -121.652857, 37.744445 ], [ -121.648432, 37.742734 ], [ -121.641189, 37.742767 ], [ -121.638226, 37.74064 ], [ -121.634873, 37.740348 ], [ -121.63218, 37.738695 ], [ -121.630632, 37.733698 ], [ -121.637115, 37.7276 ], [ -121.646511, 37.725489 ], [ -121.665206, 37.717951 ], [ -121.670564, 37.718543 ], [ -121.675405, 37.721126 ], [ -121.681105, 37.721753 ], [ -121.69661, 37.718514 ], [ -121.69668, 37.715656 ], [ -121.698656, 37.709671 ], [ -121.697001, 37.706775 ], [ -121.697021, 37.705493 ], [ -121.698925, 37.70968 ], [ -121.698853, 37.710942 ], [ -121.702324, 37.708382 ], [ -121.719286, 37.701409 ], [ -121.720535, 37.702799 ], [ -121.719538, 37.701314 ], [ -121.744422, 37.69107 ], [ -121.742346, 37.689424 ], [ -121.744545, 37.69102 ], [ -121.761728, 37.685109 ], [ -121.758839, 37.68665 ], [ -121.764867, 37.685891 ], [ -121.788118, 37.678954 ], [ -121.787481, 37.678106 ], [ -121.826737, 37.673841 ], [ -121.82683, 37.67632 ], [ -121.832208, 37.680588 ], [ -121.842865, 37.691276 ], [ -121.846715, 37.691697 ], [ -121.848166, 37.692686 ], [ -121.848357, 37.699727 ], [ -121.849501, 37.701354 ], [ -121.833381, 37.701209 ], [ -121.833467, 37.709228 ], [ -121.832439, 37.709227 ], [ -121.832547, 37.723743 ], [ -121.841603, 37.72377 ], [ -121.841613, 37.730956 ], [ -121.850653, 37.73096 ], [ -121.850608, 37.734061 ] ] ] } },
{ "type": "Feature", "properties": { "zip": "94553" }, "geometry": { "type": "Polygon", "coordinates": [ [ [ -122.264081, 37.943616 ], [ -122.263203, 37.942827 ], [ -122.258845, 37.946409 ], [ -122.256091, 37.944595 ], [ -122.255287, 37.946047 ], [ -122.253683, 37.945742 ], [ -122.255945, 37.948896 ], [ -122.252326, 37.951463 ], [ -122.249103, 37.952275 ], [ -122.246517, 37.955294 ], [ -122.24349, 37.95448 ], [ -122.241191, 37.955246 ], [ -122.241313, 37.956917 ], [ -122.237595, 37.958216 ], [ -122.243483, 37.962639 ], [ -122.246773, 37.964017 ], [ -122.243067, 37.968113 ], [ -122.243152, 37.971105 ], [ -122.241641, 37.971816 ], [ -122.237347, 37.972104 ], [ -122.234465, 37.973965 ], [ -122.230873, 37.97504 ], [ -122.228709, 37.973475 ], [ -122.223748, 37.972761 ], [ -122.221535, 37.970605 ], [ -122.218893, 37.969789 ], [ -122.215124, 37.970474 ], [ -122.210023, 37.96868 ], [ -122.204969, 37.964742 ], [ -122.230209, 37.996378 ], [ -122.209618, 37.996169 ], [ -122.209656, 38.007606 ], [ -122.21071, 38.007682 ], [ -122.205052, 38.008888 ], [ -122.190383, 38.01566 ], [ -122.190888, 38.016953 ], [ -122.19495, 38.019968 ], [ -122.195971, 38.022971 ], [ -122.199771, 38.026022 ], [ -122.207329, 38.028878 ], [ -122.216365, 38.036545 ], [ -122.215194, 38.036943 ], [ -122.212472, 38.035257 ], [ -122.210067, 38.034902 ], [ -122.208721, 38.036084 ], [ -122.209365, 38.038038 ], [ -122.214207, 38.040028 ], [ -122.215781, 38.041855 ], [ -122.212398, 38.045937 ], [ -122.206125, 38.046181 ], [ -122.206143, 38.047438 ], [ -122.205832, 38.045457 ], [ -122.204447, 38.044808 ], [ -122.201809, 38.041373 ], [ -122.197289, 38.038959 ], [ -122.197345, 38.034744 ], [ -122.19523, 38.032422 ], [ -122.195896, 38.030494 ], [ -122.194083, 38.028677 ], [ -122.192204, 38.030024 ], [ -122.187764, 38.029194 ], [ -122.191209, 38.031193 ], [ -122.191273, 38.032281 ], [ -122.19424, 38.03446 ], [ -122.194985, 38.036348 ], [ -122.19244, 38.04112 ], [ -122.188674, 38.042026 ], [ -122.183999, 38.040952 ], [ -122.182574, 38.039493 ], [ -122.183086, 38.03845 ], [ -122.180618, 38.037927 ], [ -122.179425, 38.035664 ], [ -122.174667, 38.035974 ], [ -122.174043, 38.034116 ], [ -122.169226, 38.029463 ], [ -122.156096, 38.023816 ], [ -122.158496, 38.024873 ], [ -122.151559, 38.023633 ], [ -122.146674, 38.023585 ], [ -122.146866, 38.031727 ], [ -122.139366, 38.032177 ], [ -122.130174, 38.034718 ], [ -122.130323, 38.032442 ], [ -122.129525, 38.032645 ], [ -122.128918, 38.027245 ], [ -122.128797, 38.030464 ], [ -122.121164, 38.032993 ], [ -122.119401, 38.034934 ], [ -122.112263, 38.039134 ], [ -122.101581, 38.042181 ], [ -122.096948, 38.043001 ], [ -122.096518, 38.042324 ], [ -122.096538, 38.043166 ], [ -122.093449, 38.043666 ], [ -122.090993, 38.041903 ], [ -122.085883, 38.034956 ], [ -122.080022, 38.031427 ], [ -122.031506, 38.045103 ], [ -122.029902, 38.04141 ], [ -122.033736, 38.03285 ], [ -122.027768, 38.020975 ], [ -122.029915, 38.020487 ], [ -122.030846, 38.021358 ], [ -122.030668, 38.022986 ], [ -122.033586, 38.022581 ], [ -122.035523, 38.013605 ], [ -122.046011, 38.011061 ], [ -122.045413, 38.008533 ], [ -122.048394, 38.006222 ], [ -122.04803, 38.00298 ], [ -122.050593, 38.003192 ], [ -122.053723, 38.002333 ], [ -122.064848, 38.020258 ], [ -122.06934, 38.016116 ], [ -122.070312, 38.020266 ], [ -122.070152, 38.024681 ], [ -122.078178, 38.020304 ], [ -122.077503, 38.01661 ], [ -122.075806, 38.014097 ], [ -122.07622, 38.012256 ], [ -122.078332, 38.010234 ], [ -122.078414, 38.008692 ], [ -122.077321, 38.008449 ], [ -122.078952, 38.005928 ], [ -122.074932, 38.005666 ], [ -122.077051, 38.008568 ], [ -122.074951, 38.00947 ], [ -122.06966, 38.015703 ], [ -122.065737, 38.009259 ], [ -122.058129, 38.001717 ], [ -122.056397, 37.999019 ], [ -122.063082, 37.996141 ], [ -122.062954, 37.987535 ], [ -122.063749, 37.982157 ], [ -122.065545, 37.979816 ], [ -122.065971, 37.981836 ], [ -122.074079, 37.981207 ], [ -122.077297, 37.982392 ], [ -122.078914, 37.981497 ], [ -122.07709, 37.981346 ], [ -122.076191, 37.979348 ], [ -122.076589, 37.978848 ], [ -122.077132, 37.979365 ], [ -122.077818, 37.976153 ], [ -122.099898, 37.975956 ], [ -122.104371, 37.97273 ], [ -122.102015, 37.971506 ], [ -122.10231, 37.969833 ], [ -122.098833, 37.967119 ], [ -122.094012, 37.960207 ], [ -122.092346, 37.959946 ], [ -122.091161, 37.95651 ], [ -122.093217, 37.955063 ], [ -122.103138, 37.954957 ], [ -122.104884, 37.958673 ], [ -122.107602, 37.959237 ], [ -122.10806, 37.956815 ], [ -122.10917, 37.957823 ], [ -122.111586, 37.956549 ], [ -122.111634, 37.955393 ], [ -122.115652, 37.955909 ], [ -122.115704, 37.953557 ], [ -122.117473, 37.953559 ], [ -122.117893, 37.9515 ], [ -122.117068, 37.949409 ], [ -122.125859, 37.94461 ], [ -122.126555, 37.927465 ], [ -122.12919, 37.926825 ], [ -122.130969, 37.925277 ], [ -122.133559, 37.926218 ], [ -122.135895, 37.923231 ], [ -122.134738, 37.919299 ], [ -122.137837, 37.917435 ], [ -122.139466, 37.918138 ], [ -122.142318, 37.91754 ], [ -122.149879, 37.922296 ], [ -122.160838, 37.920409 ], [ -122.160877, 37.918226 ], [ -122.161926, 37.920327 ], [ -122.164546, 37.92129 ], [ -122.166383, 37.919708 ], [ -122.174716, 37.917967 ], [ -122.184728, 37.919162 ], [ -122.195641, 37.922173 ], [ -122.200146, 37.917538 ], [ -122.200719, 37.914038 ], [ -122.204327, 37.908957 ], [ -122.208918, 37.908943 ], [ -122.211934, 37.909914 ], [ -122.212488, 37.908057 ], [ -122.215767, 37.907128 ], [ -122.21429, 37.904535 ], [ -122.214865, 37.904018 ], [ -122.214983, 37.905606 ], [ -122.216759, 37.906825 ], [ -122.222743, 37.906555 ], [ -122.224768, 37.907169 ], [ -122.225254, 37.908092 ], [ -122.227646, 37.908405 ], [ -122.230797, 37.912343 ], [ -122.232491, 37.916567 ], [ -122.23453, 37.917171 ], [ -122.236953, 37.919867 ], [ -122.240052, 37.91913 ], [ -122.237987, 37.921158 ], [ -122.245759, 37.921577 ], [ -122.248073, 37.922762 ], [ -122.249683, 37.925436 ], [ -122.254053, 37.927495 ], [ -122.255435, 37.931229 ], [ -122.257366, 37.932736 ], [ -122.261641, 37.940897 ], [ -122.265716, 37.942565 ], [ -122.264081, 37.943616 ] ] ] } },
{ "type": "Feature", "properties": { "zip": "94188" }, "geometry": { "type": "Polygon", "coordinates": [ [ [ -122.384748, 37.74085 ], [ -122.383079, 37.743932 ], [ -122.376847, 37.740192 ], [ -122.37911, 37.73768 ], [ -122.384748, 37.74085 ] ] ] } },
{ "type": "Feature", "properties": { "zip": "94574" }, "geometry": { "type": "Polygon", "coordinates": [ [ [ -122.569473, 38.529659 ], [ -122.56572, 38.531908 ], [ -122.565972, 38.535863 ], [ -122.564993, 38.536797 ], [ -122.551346, 38.541592 ], [ -122.541748, 38.543255 ], [ -122.54108, 38.544033 ], [ -122.541494, 38.534558 ], [ -122.523099, 38.534552 ], [ -122.523065, 38.541443 ], [ -122.516808, 38.541618 ], [ -122.518623, 38.543726 ], [ -122.503446, 38.550154 ], [ -122.500592, 38.548146 ], [ -122.500966, 38.549458 ], [ -122.494821, 38.556797 ], [ -122.494828, 38.566096 ], [ -122.467578, 38.567007 ], [ -122.467623, 38.54548 ], [ -122.447841, 38.544586 ], [ -122.42145, 38.544965 ], [ -122.421301, 38.547416 ], [ -122.418334, 38.546385 ], [ -122.404089, 38.572522 ], [ -122.411496, 38.587296 ], [ -122.411935, 38.598433 ], [ -122.410867, 38.598427 ], [ -122.411579, 38.600233 ], [ -122.411599, 38.606465 ], [ -122.411001, 38.60626 ], [ -122.424032, 38.61153 ], [ -122.430319, 38.611533 ], [ -122.427792, 38.612945 ], [ -122.428192, 38.615221 ], [ -122.425723, 38.617039 ], [ -122.421488, 38.617767 ], [ -122.417631, 38.617475 ], [ -122.415378, 38.614931 ], [ -122.404586, 38.61465 ], [ -122.39712, 38.612834 ], [ -122.38758, 38.628581 ], [ -122.38657, 38.634976 ], [ -122.384746, 38.637786 ], [ -122.374858, 38.643711 ], [ -122.372239, 38.644438 ], [ -122.367488, 38.643622 ], [ -122.362366, 38.647624 ], [ -122.3552, 38.64631 ], [ -122.350878, 38.643779 ], [ -122.348704, 38.639312 ], [ -122.345781, 38.63781 ], [ -122.345904, 38.636864 ], [ -122.339749, 38.634919 ], [ -122.337146, 38.632247 ], [ -122.332849, 38.630156 ], [ -122.330615, 38.627755 ], [ -122.327333, 38.627465 ], [ -122.328143, 38.609374 ], [ -122.328062, 38.580287 ], [ -122.279522, 38.577379 ], [ -122.279663, 38.56494 ], [ -122.260003, 38.562443 ], [ -122.260003, 38.550086 ], [ -122.250856, 38.550086 ], [ -122.25178, 38.53585 ], [ -122.253607, 38.535908 ], [ -122.252039, 38.535286 ], [ -122.252174, 38.507278 ], [ -122.24413, 38.507068 ], [ -122.244349, 38.499949 ], [ -122.256699, 38.500251 ], [ -122.256032, 38.498689 ], [ -122.253042, 38.496791 ], [ -122.25117, 38.496628 ], [ -122.246742, 38.494032 ], [ -122.247124, 38.49173 ], [ -122.243676, 38.485103 ], [ -122.243563, 38.475777 ], [ -122.301428, 38.478652 ], [ -122.300429, 38.46497 ], [ -122.307882, 38.464315 ], [ -122.33777, 38.465657 ], [ -122.345349, 38.465233 ], [ -122.348181, 38.46743 ], [ -122.354138, 38.465376 ], [ -122.361184, 38.468949 ], [ -122.361317, 38.470413 ], [ -122.358462, 38.470646 ], [ -122.358035, 38.473774 ], [ -122.356903, 38.47503 ], [ -122.354871, 38.475451 ], [ -122.35629, 38.476124 ], [ -122.355954, 38.478139 ], [ -122.357766, 38.478544 ], [ -122.357183, 38.479662 ], [ -122.358179, 38.480587 ], [ -122.355222, 38.480548 ], [ -122.356043, 38.482875 ], [ -122.357515, 38.483271 ], [ -122.360439, 38.481638 ], [ -122.364231, 38.48174 ], [ -122.366191, 38.480663 ], [ -122.370189, 38.481083 ], [ -122.37073, 38.479818 ], [ -122.37225, 38.479069 ], [ -122.372593, 38.480256 ], [ -122.376721, 38.480648 ], [ -122.386108, 38.485733 ], [ -122.391783, 38.487514 ], [ -122.398431, 38.486774 ], [ -122.402694, 38.487877 ], [ -122.404375, 38.486894 ], [ -122.405704, 38.484742 ], [ -122.404518, 38.483524 ], [ -122.404186, 38.479812 ], [ -122.400597, 38.475869 ], [ -122.398907, 38.47015 ], [ -122.414792, 38.46341 ], [ -122.427277, 38.469922 ], [ -122.430245, 38.468649 ], [ -122.432735, 38.462825 ], [ -122.431834, 38.46138 ], [ -122.434, 38.458204 ], [ -122.431974, 38.455996 ], [ -122.433246, 38.453183 ], [ -122.437459, 38.451755 ], [ -122.438458, 38.450382 ], [ -122.439967, 38.450838 ], [ -122.43568, 38.446852 ], [ -122.442576, 38.441797 ], [ -122.437601, 38.431847 ], [ -122.45589, 38.425829 ], [ -122.456804, 38.442908 ], [ -122.479995, 38.443825 ], [ -122.479955, 38.448726 ], [ -122.482991, 38.45271 ], [ -122.488391, 38.45431 ], [ -122.492091, 38.45451 ], [ -122.493691, 38.45651 ], [ -122.496846, 38.455634 ], [ -122.50155, 38.455919 ], [ -122.509728, 38.458254 ], [ -122.508569, 38.459184 ], [ -122.510049, 38.46216 ], [ -122.508192, 38.464309 ], [ -122.505822, 38.464493 ], [ -122.508798, 38.467003 ], [ -122.511117, 38.467148 ], [ -122.516244, 38.470872 ], [ -122.517175, 38.470246 ], [ -122.520318, 38.471291 ], [ -122.522637, 38.470185 ], [ -122.529592, 38.469609 ], [ -122.529626, 38.47313 ], [ -122.531335, 38.476342 ], [ -122.53106, 38.477784 ], [ -122.533532, 38.480729 ], [ -122.53608, 38.482338 ], [ -122.538223, 38.486541 ], [ -122.540536, 38.488312 ], [ -122.540978, 38.491676 ], [ -122.542892, 38.493909 ], [ -122.54987, 38.49529 ], [ -122.552247, 38.496666 ], [ -122.563306, 38.498232 ], [ -122.561252, 38.504632 ], [ -122.561329, 38.507137 ], [ -122.566265, 38.511076 ], [ -122.558469, 38.514004 ], [ -122.557532, 38.515504 ], [ -122.555035, 38.51741 ], [ -122.553128, 38.517852 ], [ -122.5482, 38.522047 ], [ -122.550623, 38.522132 ], [ -122.552782, 38.525689 ], [ -122.557133, 38.525485 ], [ -122.561899, 38.526786 ], [ -122.563608, 38.525368 ], [ -122.566644, 38.525543 ], [ -122.566629, 38.528625 ], [ -122.569473, 38.529659 ] ], [ [ -122.480941, 38.548621 ], [ -122.477795, 38.544228 ], [ -122.474496, 38.537348 ], [ -122.476127, 38.546161 ], [ -122.472047, 38.546365 ], [ -122.471946, 38.5547 ], [ -122.473243, 38.559155 ], [ -122.47312, 38.557824 ], [ -122.476359, 38.553776 ], [ -122.476357, 38.551478 ], [ -122.480948, 38.551498 ], [ -122.480941, 38.548621 ] ] ] } },
{ "type": "Feature", "properties": { "zip": "94576" }, "geometry": { "type": "Polygon", "coordinates": [ [ [ -122.480948, 38.551498 ], [ -122.476357, 38.551478 ], [ -122.476359, 38.553776 ], [ -122.47312, 38.557824 ], [ -122.473686, 38.558738 ], [ -122.473243, 38.559155 ], [ -122.471946, 38.5547 ], [ -122.472047, 38.546365 ], [ -122.476127, 38.546161 ], [ -122.474496, 38.537348 ], [ -122.477795, 38.544228 ], [ -122.480941, 38.548621 ], [ -122.480948, 38.551498 ] ] ] } },
{ "type": "Feature", "properties": { "zip": "94585" }, "geometry": { "type": "Polygon", "coordinates": [ [ [ -122.095359, 38.139201 ], [ -122.084858, 38.149157 ], [ -122.084594, 38.15097 ], [ -122.089476, 38.152689 ], [ -122.042347, 38.242058 ], [ -122.036788, 38.247613 ], [ -122.019958, 38.256915 ], [ -122.019983, 38.258069 ], [ -122.01803, 38.258104 ], [ -122.007342, 38.263854 ], [ -122.006099, 38.253329 ], [ -121.988231, 38.253011 ], [ -121.988056, 38.268716 ], [ -121.975408, 38.267369 ], [ -121.97562, 38.258045 ], [ -121.974469, 38.258046 ], [ -121.974489, 38.254185 ], [ -121.969878, 38.254144 ], [ -121.969948, 38.243305 ], [ -121.964033, 38.243211 ], [ -121.960831, 38.240622 ], [ -121.960876, 38.237398 ], [ -121.958215, 38.237533 ], [ -121.951735, 38.2398 ], [ -121.951743, 38.242677 ], [ -121.942449, 38.243017 ], [ -121.942409, 38.246709 ], [ -121.940106, 38.246711 ], [ -121.935299, 38.250281 ], [ -121.924087, 38.250241 ], [ -121.923925, 38.257469 ], [ -121.921717, 38.257561 ], [ -121.916305, 38.26144 ], [ -121.914838, 38.261035 ], [ -121.915457, 38.261371 ], [ -121.915377, 38.264643 ], [ -121.901604, 38.2754 ], [ -121.898167, 38.272233 ], [ -121.898092, 38.264833 ], [ -121.885228, 38.263844 ], [ -121.879147, 38.2644 ], [ -121.872331, 38.266519 ], [ -121.858381, 38.269222 ], [ -121.851739, 38.269717 ], [ -121.849486, 38.26875 ], [ -121.846936, 38.268861 ], [ -121.842475, 38.271398 ], [ -121.842617, 38.242256 ], [ -121.805625, 38.242197 ], [ -121.806186, 38.183597 ], [ -121.843042, 38.184069 ], [ -121.843144, 38.161986 ], [ -121.850536, 38.161992 ], [ -121.853581, 38.158814 ], [ -121.854475, 38.155039 ], [ -121.865972, 38.147364 ], [ -121.867181, 38.145392 ], [ -121.868097, 38.140117 ], [ -121.870947, 38.132742 ], [ -121.873556, 38.129119 ], [ -121.870578, 38.125556 ], [ -121.876772, 38.125578 ], [ -121.876195, 38.096481 ], [ -121.880789, 38.096586 ], [ -121.878145, 38.091008 ], [ -121.882672, 38.089258 ], [ -121.881605, 38.084868 ], [ -121.883004, 38.08249 ], [ -121.870177, 38.081706 ], [ -121.847469, 38.081742 ], [ -121.837897, 38.082631 ], [ -121.833836, 38.081764 ], [ -121.833342, 38.078242 ], [ -121.830297, 38.076997 ], [ -121.829572, 38.075583 ], [ -121.825767, 38.075083 ], [ -121.821154, 38.072907 ], [ -121.807823, 38.07089 ], [ -121.8064, 38.071539 ], [ -121.805128, 38.070592 ], [ -121.796796, 38.07036 ], [ -121.79676, 38.06497 ], [ -121.798456, 38.06366 ], [ -121.79849, 38.060111 ], [ -121.805243, 38.059647 ], [ -121.810811, 38.060767 ], [ -121.827916, 38.066223 ], [ -121.83606, 38.073215 ], [ -121.842444, 38.076735 ], [ -121.852909, 38.072847 ], [ -121.857613, 38.071967 ], [ -121.861597, 38.069887 ], [ -121.865349, 38.071103 ], [ -121.87607, 38.07238 ], [ -121.880688, 38.074788 ], [ -121.884564, 38.078476 ], [ -121.885125, 38.080289 ], [ -121.882496, 38.085051 ], [ -121.882611, 38.087381 ], [ -121.886347, 38.092964 ], [ -121.890351, 38.09539 ], [ -121.895729, 38.096903 ], [ -121.894677, 38.100217 ], [ -121.890841, 38.103005 ], [ -121.889489, 38.104932 ], [ -121.890887, 38.113332 ], [ -121.888644, 38.12111 ], [ -121.889425, 38.124018 ], [ -121.890707, 38.12557 ], [ -121.894273, 38.12662 ], [ -121.898529, 38.125103 ], [ -121.903306, 38.119577 ], [ -121.909979, 38.119041 ], [ -121.912923, 38.120555 ], [ -121.91511, 38.124917 ], [ -121.915263, 38.131477 ], [ -121.913963, 38.134529 ], [ -121.908748, 38.139888 ], [ -121.908514, 38.141544 ], [ -121.910362, 38.146482 ], [ -121.91814, 38.151163 ], [ -121.922388, 38.155155 ], [ -121.926322, 38.154053 ], [ -121.931386, 38.160734 ], [ -121.93506, 38.163585 ], [ -121.936082, 38.166156 ], [ -121.941872, 38.166563 ], [ -121.945817, 38.167788 ], [ -121.948191, 38.172342 ], [ -121.950822, 38.174654 ], [ -121.954733, 38.173286 ], [ -121.955849, 38.170522 ], [ -121.9535, 38.169084 ], [ -121.952588, 38.167062 ], [ -121.95343, 38.165754 ], [ -121.95334, 38.167771 ], [ -121.954098, 38.168924 ], [ -121.956792, 38.169995 ], [ -121.960382, 38.169956 ], [ -121.960485, 38.165528 ], [ -121.961466, 38.164149 ], [ -121.960992, 38.162567 ], [ -121.962356, 38.163512 ], [ -121.964228, 38.162715 ], [ -121.964728, 38.161391 ], [ -121.962891, 38.159979 ], [ -121.956789, 38.160129 ], [ -121.951013, 38.156317 ], [ -121.944877, 38.154469 ], [ -121.950153, 38.150656 ], [ -121.951513, 38.148329 ], [ -121.95001, 38.144731 ], [ -121.951992, 38.144374 ], [ -121.952096, 38.142781 ], [ -121.949237, 38.142188 ], [ -121.951129, 38.141171 ], [ -121.952303, 38.138508 ], [ -121.95605, 38.140106 ], [ -121.963336, 38.147383 ], [ -121.96956, 38.151897 ], [ -121.976389, 38.146484 ], [ -121.957992, 38.13254 ], [ -121.960683, 38.129837 ], [ -121.957853, 38.125823 ], [ -121.954886, 38.123727 ], [ -121.954361, 38.121008 ], [ -121.968369, 38.108994 ], [ -121.966374, 38.10729 ], [ -121.970764, 38.110424 ], [ -121.980876, 38.112566 ], [ -121.989161, 38.110836 ], [ -121.988633, 38.108872 ], [ -121.989858, 38.106308 ], [ -122.003728, 38.100889 ], [ -122.005167, 38.101125 ], [ -122.011286, 38.097753 ], [ -122.012131, 38.094314 ], [ -121.992825, 38.085664 ], [ -121.991008, 38.086414 ], [ -121.986956, 38.0862 ], [ -121.983695, 38.08449 ], [ -121.981771, 38.08134 ], [ -121.983862, 38.084546 ], [ -121.986963, 38.086132 ], [ -121.991014, 38.086371 ], [ -121.992831, 38.085623 ], [ -122.013079, 38.094074 ], [ -122.011929, 38.097672 ], [ -122.006692, 38.100855 ], [ -122.00658, 38.102075 ], [ -122.003556, 38.101343 ], [ -122.001073, 38.102458 ], [ -122.000059, 38.104013 ], [ -121.996833, 38.104114 ], [ -121.996236, 38.105389 ], [ -121.992802, 38.105593 ], [ -121.991377, 38.106495 ], [ -121.991155, 38.108143 ], [ -121.993471, 38.108856 ], [ -121.990865, 38.110775 ], [ -121.98545, 38.112507 ], [ -121.983851, 38.113777 ], [ -121.990824, 38.127663 ], [ -121.996623, 38.13428 ], [ -122.003297, 38.139622 ], [ -122.007032, 38.140778 ], [ -122.011581, 38.140396 ], [ -122.020222, 38.137367 ], [ -122.024451, 38.138225 ], [ -122.02834, 38.137315 ], [ -122.034092, 38.137679 ], [ -122.037174, 38.136597 ], [ -122.043399, 38.137082 ], [ -122.048379, 38.135847 ], [ -122.050306, 38.134243 ], [ -122.05386, 38.133007 ], [ -122.055711, 38.133491 ], [ -122.058367, 38.136128 ], [ -122.062701, 38.135331 ], [ -122.061379, 38.130184 ], [ -122.061456, 38.126108 ], [ -122.062677, 38.124224 ], [ -122.065877, 38.12312 ], [ -122.065903, 38.120785 ], [ -122.072684, 38.12131 ], [ -122.078778, 38.123546 ], [ -122.082546, 38.127443 ], [ -122.081635, 38.13336 ], [ -122.082419, 38.136301 ], [ -122.086117, 38.135343 ], [ -122.090697, 38.135851 ], [ -122.095428, 38.137695 ], [ -122.095359, 38.139201 ] ] ] } },
{ "type": "Feature", "properties": { "zip": "94599" }, "geometry": { "type": "Polygon", "coordinates": [ [ [ -122.410065, 38.406644 ], [ -122.392947, 38.40676 ], [ -122.391518, 38.408735 ], [ -122.394371, 38.410482 ], [ -122.395074, 38.408912 ], [ -122.397211, 38.407643 ], [ -122.397356, 38.410024 ], [ -122.401165, 38.409743 ], [ -122.401218, 38.414744 ], [ -122.394862, 38.410742 ], [ -122.395472, 38.412925 ], [ -122.389622, 38.418157 ], [ -122.384689, 38.412911 ], [ -122.381782, 38.411195 ], [ -122.368983, 38.405878 ], [ -122.35967, 38.397318 ], [ -122.359161, 38.397559 ], [ -122.368671, 38.406083 ], [ -122.381406, 38.411389 ], [ -122.379013, 38.411806 ], [ -122.370205, 38.408245 ], [ -122.366663, 38.41029 ], [ -122.365831, 38.413382 ], [ -122.367258, 38.415529 ], [ -122.370378, 38.417659 ], [ -122.371267, 38.419988 ], [ -122.369976, 38.421177 ], [ -122.373316, 38.422922 ], [ -122.374316, 38.42443 ], [ -122.373692, 38.423717 ], [ -122.373418, 38.425534 ], [ -122.375519, 38.428855 ], [ -122.37415, 38.433563 ], [ -122.372679, 38.435402 ], [ -122.373841, 38.438902 ], [ -122.365001, 38.444219 ], [ -122.367947, 38.447436 ], [ -122.360761, 38.45063 ], [ -122.353461, 38.445128 ], [ -122.351387, 38.439618 ], [ -122.345817, 38.431493 ], [ -122.341167, 38.427615 ], [ -122.357362, 38.414061 ], [ -122.352106, 38.409144 ], [ -122.356514, 38.405708 ], [ -122.350158, 38.399784 ], [ -122.355961, 38.395259 ], [ -122.353893, 38.393006 ], [ -122.370098, 38.385778 ], [ -122.374214, 38.391172 ], [ -122.375377, 38.390656 ], [ -122.377945, 38.387175 ], [ -122.377974, 38.3821 ], [ -122.381904, 38.37988 ], [ -122.395572, 38.380223 ], [ -122.395649, 38.383798 ], [ -122.400214, 38.383763 ], [ -122.400644, 38.394529 ], [ -122.409722, 38.39475 ], [ -122.410065, 38.406644 ] ] ] } },
{ "type": "Feature", "properties": { "zip": "94613" }, "geometry": { "type": "Polygon", "coordinates": [ [ [ -122.188586, 37.784446 ], [ -122.178868, 37.783417 ], [ -122.175658, 37.7816 ], [ -122.175094, 37.780294 ], [ -122.179885, 37.779904 ], [ -122.185365, 37.775425 ], [ -122.188017, 37.777613 ], [ -122.186969, 37.780025 ], [ -122.188586, 37.784446 ] ] ] } },
{ "type": "Feature", "properties": { "zip": "94709" }, "geometry": { "type": "Polygon", "coordinates": [ [ [ -122.27551, 37.873376 ], [ -122.273332, 37.873986 ], [ -122.273944, 37.879587 ], [ -122.274652, 37.880117 ], [ -122.274543, 37.884895 ], [ -122.272876, 37.885655 ], [ -122.264635, 37.885871 ], [ -122.265737, 37.884149 ], [ -122.264555, 37.878959 ], [ -122.255083, 37.880257 ], [ -122.254723, 37.875627 ], [ -122.256858, 37.875513 ], [ -122.255395, 37.873858 ], [ -122.259185, 37.872613 ], [ -122.266171, 37.87249 ], [ -122.266329, 37.874188 ], [ -122.272038, 37.873036 ], [ -122.27551, 37.873376 ] ] ] } },
{ "type": "Feature", "properties": { "zip": "94941" }, "geometry": { "type": "Polygon", "coordinates": [ [ [ -122.7193, 37.997351 ], [ -122.715723, 37.998226 ], [ -122.715574, 37.999898 ], [ -122.710978, 37.998641 ], [ -122.710272, 37.997605 ], [ -122.708766, 37.999088 ], [ -122.709249, 38.000153 ], [ -122.708554, 38.004573 ], [ -122.707762, 38.001564 ], [ -122.70698, 38.004271 ], [ -122.705864, 38.003662 ], [ -122.705036, 38.001346 ], [ -122.703754, 38.001133 ], [ -122.70084, 37.998684 ], [ -122.699155, 37.995533 ], [ -122.698728, 37.998832 ], [ -122.696413, 38.001567 ], [ -122.692331, 38.004514 ], [ -122.687445, 38.002938 ], [ -122.68517, 38.003486 ], [ -122.681213, 38.002449 ], [ -122.67971, 38.003531 ], [ -122.677512, 38.002928 ], [ -122.676244, 38.000834 ], [ -122.674301, 38.000807 ], [ -122.673445, 37.998833 ], [ -122.67123, 37.996924 ], [ -122.668621, 37.999651 ], [ -122.665457, 38.000309 ], [ -122.661439, 37.998827 ], [ -122.657624, 37.999369 ], [ -122.656757, 37.997892 ], [ -122.653876, 37.99995 ], [ -122.653231, 37.998108 ], [ -122.650649, 37.995387 ], [ -122.647767, 37.996667 ], [ -122.642339, 37.996154 ], [ -122.640094, 37.993781 ], [ -122.637304, 37.994759 ], [ -122.634446, 37.994592 ], [ -122.636321, 37.994093 ], [ -122.646518, 37.982511 ], [ -122.643716, 37.979165 ], [ -122.638366, 37.974882 ], [ -122.637908, 37.973251 ], [ -122.629313, 37.969448 ], [ -122.626565, 37.966794 ], [ -122.625957, 37.963947 ], [ -122.624983, 37.963498 ], [ -122.626156, 37.962766 ], [ -122.627583, 37.965457 ], [ -122.631253, 37.96754 ], [ -122.629048, 37.964623 ], [ -122.629667, 37.963289 ], [ -122.631881, 37.963264 ], [ -122.628866, 37.959538 ], [ -122.630267, 37.956014 ], [ -122.632197, 37.955082 ], [ -122.63333, 37.955653 ], [ -122.635131, 37.954958 ], [ -122.637098, 37.955819 ], [ -122.636487, 37.954096 ], [ -122.633375, 37.95194 ], [ -122.631718, 37.948826 ], [ -122.634625, 37.948788 ], [ -122.633013, 37.946677 ], [ -122.63386, 37.945376 ], [ -122.632487, 37.943846 ], [ -122.633736, 37.941894 ], [ -122.638669, 37.940744 ], [ -122.637442, 37.935563 ], [ -122.635981, 37.934376 ], [ -122.63354, 37.92788 ], [ -122.633867, 37.925688 ], [ -122.626955, 37.923411 ], [ -122.626608, 37.922074 ], [ -122.625265, 37.922213 ], [ -122.62303, 37.920912 ], [ -122.616699, 37.922277 ], [ -122.616394, 37.924102 ], [ -122.615253, 37.924948 ], [ -122.608976, 37.924805 ], [ -122.606973, 37.923956 ], [ -122.606163, 37.924837 ], [ -122.607109, 37.925986 ], [ -122.605028, 37.929019 ], [ -122.603216, 37.929986 ], [ -122.604083, 37.931205 ], [ -122.604268, 37.933751 ], [ -122.606369, 37.937323 ], [ -122.605959, 37.938776 ], [ -122.607279, 37.939508 ], [ -122.605628, 37.940864 ], [ -122.603269, 37.94056 ], [ -122.601661, 37.941558 ], [ -122.601485, 37.943245 ], [ -122.599641, 37.945381 ], [ -122.597528, 37.944856 ], [ -122.596851, 37.945818 ], [ -122.598443, 37.947739 ], [ -122.598327, 37.949694 ], [ -122.597336, 37.948953 ], [ -122.594891, 37.949583 ], [ -122.593634, 37.947862 ], [ -122.588912, 37.945625 ], [ -122.586682, 37.94542 ], [ -122.583127, 37.946766 ], [ -122.579464, 37.943108 ], [ -122.580347, 37.941768 ], [ -122.579491, 37.93934 ], [ -122.57641, 37.939062 ], [ -122.575894, 37.936704 ], [ -122.573922, 37.936904 ], [ -122.572867, 37.93565 ], [ -122.573428, 37.934124 ], [ -122.570394, 37.932992 ], [ -122.567267, 37.93478 ], [ -122.55933, 37.929985 ], [ -122.558195, 37.930345 ], [ -122.55522, 37.927394 ], [ -122.549446, 37.924703 ], [ -122.549138, 37.923745 ], [ -122.548184, 37.925556 ], [ -122.546385, 37.925887 ], [ -122.546463, 37.925062 ], [ -122.544672, 37.923697 ], [ -122.542991, 37.923707 ], [ -122.540841, 37.921998 ], [ -122.538919, 37.921916 ], [ -122.533243, 37.917821 ], [ -122.531704, 37.917947 ], [ -122.528498, 37.916159 ], [ -122.525771, 37.917115 ], [ -122.518349, 37.917758 ], [ -122.514025, 37.90856 ], [ -122.510585, 37.907825 ], [ -122.51076, 37.909232 ], [ -122.503385, 37.909325 ], [ -122.504885, 37.911925 ], [ -122.498849, 37.911727 ], [ -122.498816, 37.910702 ], [ -122.506216, 37.906872 ], [ -122.507151, 37.904329 ], [ -122.505739, 37.903415 ], [ -122.504145, 37.900664 ], [ -122.5047, 37.899183 ], [ -122.502996, 37.898877 ], [ -122.501133, 37.894609 ], [ -122.499879871795002, 37.893662 ], [ -122.501019, 37.893662 ], [ -122.496503, 37.877342 ], [ -122.498466881008994, 37.875791695516497 ], [ -122.516584, 37.884154 ], [ -122.516204, 37.880311 ], [ -122.511524, 37.876718 ], [ -122.516615, 37.876875 ], [ -122.518514, 37.878704 ], [ -122.520678, 37.879378 ], [ -122.520029, 37.877067 ], [ -122.520952, 37.875761 ], [ -122.519603, 37.875554 ], [ -122.519343, 37.874507 ], [ -122.520246, 37.870106 ], [ -122.511722, 37.863216 ], [ -122.508418, 37.858939 ], [ -122.510171, 37.856855 ], [ -122.507424, 37.855716 ], [ -122.511434, 37.854885 ], [ -122.515904, 37.856719 ], [ -122.521817, 37.856548 ], [ -122.52491, 37.854666 ], [ -122.523966, 37.852338 ], [ -122.52634, 37.850036 ], [ -122.533146, 37.853839 ], [ -122.532643, 37.855521 ], [ -122.535115, 37.856971 ], [ -122.533551, 37.857475 ], [ -122.533048, 37.858837 ], [ -122.534045, 37.859369 ], [ -122.537558, 37.858545 ], [ -122.539014, 37.855787 ], [ -122.544399, 37.859492 ], [ -122.545535, 37.861102 ], [ -122.547771, 37.861208 ], [ -122.546436, 37.862292 ], [ -122.551416, 37.86423 ], [ -122.550717, 37.865494 ], [ -122.551216, 37.868032 ], [ -122.549048, 37.869232 ], [ -122.551163, 37.869123 ], [ -122.550755, 37.870517 ], [ -122.551966, 37.870458 ], [ -122.552751, 37.87168 ], [ -122.551058, 37.873149 ], [ -122.55229, 37.874526 ], [ -122.551764, 37.876385 ], [ -122.553828, 37.877706 ], [ -122.55372, 37.884191 ], [ -122.554277, 37.883415 ], [ -122.555042, 37.889336 ], [ -122.556147, 37.890339 ], [ -122.557183, 37.893485 ], [ -122.558717, 37.893527 ], [ -122.561758, 37.896231 ], [ -122.562018, 37.895488 ], [ -122.564141, 37.895165 ], [ -122.564329, 37.89355 ], [ -122.56559, 37.892496 ], [ -122.563695, 37.892751 ], [ -122.563786, 37.893742 ], [ -122.562057, 37.894573 ], [ -122.561277, 37.892167 ], [ -122.563289, 37.890631 ], [ -122.562371, 37.889424 ], [ -122.565784, 37.888652 ], [ -122.5643, 37.887979 ], [ -122.56628, 37.887074 ], [ -122.567527, 37.888477 ], [ -122.567922, 37.886443 ], [ -122.577084, 37.8821 ], [ -122.579056, 37.878913 ], [ -122.582375, 37.87635 ], [ -122.583723, 37.873123 ], [ -122.57627, 37.863051 ], [ -122.582594, 37.865173 ], [ -122.585056, 37.864067 ], [ -122.586666, 37.864635 ], [ -122.587608, 37.867693 ], [ -122.59398, 37.875028 ], [ -122.59875, 37.874878 ], [ -122.601879, 37.877166 ], [ -122.600173, 37.878456 ], [ -122.603454, 37.877268 ], [ -122.604444062105998, 37.875950663092397 ], [ -122.613942, 37.878434 ], [ -122.617442, 37.877235 ], [ -122.624093, 37.88105 ], [ -122.626934, 37.880741 ], [ -122.628714, 37.881693 ], [ -122.628206, 37.884511 ], [ -122.628957632511003, 37.885221054234698 ], [ -122.624136, 37.88749 ], [ -122.619119, 37.893206 ], [ -122.61294, 37.896502 ], [ -122.610578, 37.89916 ], [ -122.6232, 37.905165 ], [ -122.615927, 37.909091 ], [ -122.619223, 37.909222 ], [ -122.620756, 37.910593 ], [ -122.625205, 37.911228 ], [ -122.624637, 37.912493 ], [ -122.627496, 37.916326 ], [ -122.628605, 37.916429 ], [ -122.628735, 37.918877 ], [ -122.630204, 37.920503 ], [ -122.639031, 37.924741 ], [ -122.640318, 37.924588 ], [ -122.646525, 37.933841 ], [ -122.650516, 37.935738 ], [ -122.653508, 37.935483 ], [ -122.656745, 37.936895 ], [ -122.657994, 37.938337 ], [ -122.658451, 37.94057 ], [ -122.663147, 37.945297 ], [ -122.668784, 37.947027 ], [ -122.668996, 37.948986 ], [ -122.672478, 37.950188 ], [ -122.673434, 37.951668 ], [ -122.674834, 37.952059 ], [ -122.675877, 37.951297 ], [ -122.676697, 37.953488 ], [ -122.680742, 37.955243 ], [ -122.683642, 37.958942 ], [ -122.682613, 37.959732 ], [ -122.68408, 37.96189 ], [ -122.686285, 37.962373 ], [ -122.688797, 37.965376 ], [ -122.694255, 37.968136 ], [ -122.696998, 37.97205 ], [ -122.703794, 37.977402 ], [ -122.705106, 37.980506 ], [ -122.710716, 37.983998 ], [ -122.713269, 37.983528 ], [ -122.716384, 37.991494 ], [ -122.720282, 37.995985 ], [ -122.7193, 37.997351 ] ] ] } },
{ "type": "Feature", "properties": { "zip": "94952" }, "geometry": { "type": "Polygon", "coordinates": [ [ [ -123.002787, 38.29571 ], [ -123.001588, 38.297155 ], [ -122.998708, 38.298413 ], [ -122.994111, 38.299385 ], [ -122.993579, 38.300079 ], [ -122.994753, 38.30619 ], [ -122.993125, 38.306441 ], [ -122.991629, 38.305531 ], [ -122.987708, 38.308115 ], [ -122.984134, 38.308223 ], [ -122.983163, 38.310408 ], [ -122.981607, 38.311135 ], [ -122.974868, 38.311471 ], [ -122.971077, 38.309942 ], [ -122.969049, 38.310798 ], [ -122.966124, 38.31697 ], [ -122.959931, 38.315929 ], [ -122.954544, 38.318707 ], [ -122.951111, 38.326789 ], [ -122.928307, 38.324368 ], [ -122.930679, 38.321898 ], [ -122.935575, 38.319806 ], [ -122.936084, 38.315579 ], [ -122.93506, 38.313952 ], [ -122.933801, 38.31359 ], [ -122.936554, 38.311847 ], [ -122.936696, 38.310453 ], [ -122.935426, 38.309614 ], [ -122.932521, 38.311709 ], [ -122.928411, 38.312804 ], [ -122.925636, 38.312736 ], [ -122.923805, 38.311516 ], [ -122.922871, 38.309028 ], [ -122.921588, 38.308554 ], [ -122.917878, 38.31048 ], [ -122.916601, 38.31321 ], [ -122.919641, 38.31465 ], [ -122.920924, 38.316395 ], [ -122.919785, 38.317222 ], [ -122.92638, 38.318703 ], [ -122.927714, 38.320392 ], [ -122.927914, 38.323822 ], [ -122.925256, 38.331052 ], [ -122.916852, 38.340674 ], [ -122.915944, 38.346298 ], [ -122.91632, 38.349518 ], [ -122.912402, 38.350152 ], [ -122.909629, 38.349316 ], [ -122.896697, 38.353389 ], [ -122.894177, 38.354829 ], [ -122.88821, 38.356127 ], [ -122.888487, 38.350609 ], [ -122.891012, 38.350032 ], [ -122.888196, 38.345845 ], [ -122.887614, 38.328029 ], [ -122.882891, 38.327973 ], [ -122.881309, 38.332029 ], [ -122.880781, 38.338598 ], [ -122.870671, 38.339691 ], [ -122.86986, 38.341618 ], [ -122.869929, 38.344421 ], [ -122.855827, 38.341139 ], [ -122.85705, 38.342313 ], [ -122.845504, 38.33976 ], [ -122.847104, 38.344252 ], [ -122.844658, 38.344178 ], [ -122.840727, 38.33865 ], [ -122.834232, 38.338063 ], [ -122.836113, 38.337591 ], [ -122.833068, 38.336194 ], [ -122.824951, 38.335535 ], [ -122.824914, 38.328735 ], [ -122.823666, 38.328736 ], [ -122.823704, 38.328019 ], [ -122.815028, 38.327959 ], [ -122.814338, 38.326446 ], [ -122.809885, 38.326431 ], [ -122.809998, 38.33231 ], [ -122.809457, 38.332484 ], [ -122.805423, 38.331259 ], [ -122.805373, 38.328426 ], [ -122.777707, 38.329091 ], [ -122.777651, 38.325946 ], [ -122.769562, 38.325946 ], [ -122.76959, 38.329688 ], [ -122.768507, 38.32962 ], [ -122.768467, 38.326083 ], [ -122.76475, 38.326029 ], [ -122.763497, 38.328576 ], [ -122.7607, 38.328578 ], [ -122.760224, 38.331369 ], [ -122.758527, 38.333621 ], [ -122.751739, 38.335007 ], [ -122.744832, 38.330437 ], [ -122.744548, 38.328942 ], [ -122.742035, 38.326093 ], [ -122.736988, 38.3275 ], [ -122.735297, 38.324113 ], [ -122.719468, 38.313799 ], [ -122.721552, 38.312311 ], [ -122.72597, 38.31139 ], [ -122.729173, 38.307871 ], [ -122.705145, 38.295136 ], [ -122.687676, 38.284421 ], [ -122.68626, 38.284302 ], [ -122.661541, 38.265076 ], [ -122.624452, 38.244671 ], [ -122.615564, 38.22853 ], [ -122.60627, 38.224461 ], [ -122.603228, 38.221102 ], [ -122.594656, 38.220699 ], [ -122.583864, 38.209728 ], [ -122.57683, 38.206811 ], [ -122.568913, 38.204186 ], [ -122.56569, 38.209422 ], [ -122.56617, 38.210905 ], [ -122.568085, 38.211888 ], [ -122.571386, 38.211597 ], [ -122.568649, 38.212064 ], [ -122.5703, 38.212663 ], [ -122.566553, 38.211542 ], [ -122.565279, 38.210114 ], [ -122.566762, 38.206026 ], [ -122.566546, 38.204219 ], [ -122.565355, 38.201719 ], [ -122.562563, 38.198725 ], [ -122.558978, 38.198208 ], [ -122.554919, 38.199889 ], [ -122.549739, 38.199525 ], [ -122.547514, 38.19684 ], [ -122.54484, 38.185013 ], [ -122.543722, 38.183066 ], [ -122.540562, 38.179172 ], [ -122.533032, 38.173 ], [ -122.531752, 38.171323 ], [ -122.532122, 38.169073 ], [ -122.534129, 38.167151 ], [ -122.541893, 38.164719 ], [ -122.544688, 38.162362 ], [ -122.544633, 38.159869 ], [ -122.545376, 38.158733 ], [ -122.547601, 38.157473 ], [ -122.549615, 38.15729 ], [ -122.554803, 38.158655 ], [ -122.557138, 38.159578 ], [ -122.558435, 38.161974 ], [ -122.557992, 38.16353 ], [ -122.553492, 38.166618 ], [ -122.55198, 38.169001 ], [ -122.553292, 38.169977 ], [ -122.559243, 38.168619 ], [ -122.563193, 38.169318 ], [ -122.564264, 38.170694 ], [ -122.564463, 38.175081 ], [ -122.568384, 38.176836 ], [ -122.565093, 38.182217 ], [ -122.567881, 38.183801 ], [ -122.570732, 38.187142 ], [ -122.572502, 38.187067 ], [ -122.573174, 38.185877 ], [ -122.570931, 38.184594 ], [ -122.570693, 38.183518 ], [ -122.573237, 38.183299 ], [ -122.578201, 38.183583 ], [ -122.579799, 38.185536 ], [ -122.581864, 38.186113 ], [ -122.582118, 38.18802 ], [ -122.583709, 38.187041 ], [ -122.584514, 38.188073 ], [ -122.586806, 38.187721 ], [ -122.587221, 38.186988 ], [ -122.591145, 38.185992 ], [ -122.592601, 38.188775 ], [ -122.59493, 38.188385 ], [ -122.600917, 38.185263 ], [ -122.599587, 38.181126 ], [ -122.569625, 38.158222 ], [ -122.564899, 38.145382 ], [ -122.563874, 38.135646 ], [ -122.564459, 38.13187 ], [ -122.565256, 38.134903 ], [ -122.567897, 38.13507 ], [ -122.568892, 38.136064 ], [ -122.577759, 38.138402 ], [ -122.580488, 38.136284 ], [ -122.592104, 38.145889 ], [ -122.599094, 38.147019 ], [ -122.607336, 38.146946 ], [ -122.608794, 38.147819 ], [ -122.608904, 38.138779 ], [ -122.613983, 38.139752 ], [ -122.622005, 38.13731 ], [ -122.624079, 38.130861 ], [ -122.624051, 38.122797 ], [ -122.625545, 38.123142 ], [ -122.626518, 38.124432 ], [ -122.628595, 38.130213 ], [ -122.630535, 38.132871 ], [ -122.6363, 38.135392 ], [ -122.639481, 38.138768 ], [ -122.641595, 38.146319 ], [ -122.652855, 38.148014 ], [ -122.660092, 38.145553 ], [ -122.661982, 38.1457 ], [ -122.6648, 38.148141 ], [ -122.666918, 38.148585 ], [ -122.683243, 38.149164 ], [ -122.692208, 38.145817 ], [ -122.696579, 38.142448 ], [ -122.699596, 38.137532 ], [ -122.700199, 38.134173 ], [ -122.698005, 38.119669 ], [ -122.700608, 38.11939 ], [ -122.70305, 38.123346 ], [ -122.70684, 38.122779 ], [ -122.714117, 38.126849 ], [ -122.716148, 38.122924 ], [ -122.714023, 38.119949 ], [ -122.715285, 38.11376 ], [ -122.718467, 38.113124 ], [ -122.721719, 38.109275 ], [ -122.726851, 38.106083 ], [ -122.732166, 38.09809 ], [ -122.737056, 38.092653 ], [ -122.742605, 38.092254 ], [ -122.744053, 38.094858 ], [ -122.745304, 38.094604 ], [ -122.747738, 38.096406 ], [ -122.749818, 38.096721 ], [ -122.750668, 38.098568 ], [ -122.750201, 38.100568 ], [ -122.750818, 38.102345 ], [ -122.752269, 38.103706 ], [ -122.752887, 38.10854 ], [ -122.755026, 38.109758 ], [ -122.754765, 38.11105 ], [ -122.759181, 38.112975 ], [ -122.761373, 38.11273 ], [ -122.765795, 38.115323 ], [ -122.766363, 38.116384 ], [ -122.768207, 38.116024 ], [ -122.773754, 38.117477 ], [ -122.801718, 38.137377 ], [ -122.805033, 38.14037 ], [ -122.804414, 38.144922 ], [ -122.816759, 38.152565 ], [ -122.82246, 38.14934 ], [ -122.82655, 38.150246 ], [ -122.828886, 38.14958 ], [ -122.83219, 38.15017 ], [ -122.835624, 38.148307 ], [ -122.839754, 38.148678 ], [ -122.845413, 38.151742 ], [ -122.854567, 38.150192 ], [ -122.861336, 38.153558 ], [ -122.862353, 38.155808 ], [ -122.864243, 38.155929 ], [ -122.866801, 38.159123 ], [ -122.874133, 38.16407 ], [ -122.874165, 38.164768 ], [ -122.87013, 38.16618 ], [ -122.86807, 38.17099 ], [ -122.865103, 38.174884 ], [ -122.858974, 38.178543 ], [ -122.856891, 38.181305 ], [ -122.856923, 38.182564 ], [ -122.852893, 38.186249 ], [ -122.853382, 38.186958 ], [ -122.852489, 38.19027 ], [ -122.851307, 38.191021 ], [ -122.850171, 38.19344 ], [ -122.848477, 38.193302 ], [ -122.847066, 38.191681 ], [ -122.841564, 38.191151 ], [ -122.839756, 38.189621 ], [ -122.839169, 38.187944 ], [ -122.83911, 38.189884 ], [ -122.841638, 38.19284 ], [ -122.842919, 38.19235 ], [ -122.845899, 38.193811 ], [ -122.846282, 38.195382 ], [ -122.848392, 38.196777 ], [ -122.849673, 38.19615 ], [ -122.853454, 38.197781 ], [ -122.8545, 38.199138 ], [ -122.85487, 38.202258 ], [ -122.856458, 38.202202 ], [ -122.856825, 38.200016 ], [ -122.860473, 38.199245 ], [ -122.858672, 38.201954 ], [ -122.858749, 38.203614 ], [ -122.86008, 38.205168 ], [ -122.859169, 38.20636 ], [ -122.860395, 38.208244 ], [ -122.859883, 38.212206 ], [ -122.858392, 38.212267 ], [ -122.857503, 38.214877 ], [ -122.855525, 38.214257 ], [ -122.855357, 38.212608 ], [ -122.852082, 38.209912 ], [ -122.851685, 38.208495 ], [ -122.850369, 38.20861 ], [ -122.848845, 38.212089 ], [ -122.842884, 38.210354 ], [ -122.837056, 38.210317 ], [ -122.834862, 38.211438 ], [ -122.829849, 38.211889 ], [ -122.825996, 38.21595 ], [ -122.825625, 38.217373 ], [ -122.826887, 38.217979 ], [ -122.81766, 38.235776 ], [ -122.810555, 38.236145 ], [ -122.810261, 38.239632 ], [ -122.811129, 38.241843 ], [ -122.811377, 38.246686 ], [ -122.816051, 38.255642 ], [ -122.840671, 38.253018 ], [ -122.848966, 38.25304 ], [ -122.857784, 38.255444 ], [ -122.859385, 38.255198 ], [ -122.859312, 38.258496 ], [ -122.860987, 38.260614 ], [ -122.859852, 38.26255 ], [ -122.860215, 38.263844 ], [ -122.861895, 38.264301 ], [ -122.866061, 38.263026 ], [ -122.868243, 38.263331 ], [ -122.869799, 38.266528 ], [ -122.87226, 38.267373 ], [ -122.873081, 38.266396 ], [ -122.873128, 38.26435 ], [ -122.874996, 38.264158 ], [ -122.877437, 38.266513 ], [ -122.885165, 38.266774 ], [ -122.891141, 38.262841 ], [ -122.895656, 38.26244 ], [ -122.89806, 38.263158 ], [ -122.898275, 38.26524 ], [ -122.900817, 38.26723 ], [ -122.902286, 38.270849 ], [ -122.902118, 38.272188 ], [ -122.904237, 38.272262 ], [ -122.906419, 38.270136 ], [ -122.909144, 38.270374 ], [ -122.915576, 38.268855 ], [ -122.917159, 38.269416 ], [ -122.917929, 38.272229 ], [ -122.920287, 38.272932 ], [ -122.922119, 38.271754 ], [ -122.92157, 38.265727 ], [ -122.922537, 38.263129 ], [ -122.92472, 38.262408 ], [ -122.927354, 38.264264 ], [ -122.926775, 38.261576 ], [ -122.927449, 38.257446 ], [ -122.92399, 38.25153 ], [ -122.923812, 38.247991 ], [ -122.930989, 38.245778 ], [ -122.937852, 38.24174 ], [ -122.939479, 38.241669 ], [ -122.941396, 38.242787 ], [ -122.94271, 38.245089 ], [ -122.942723, 38.248776 ], [ -122.952183, 38.255856 ], [ -122.957257, 38.255943 ], [ -122.958546, 38.257611 ], [ -122.960194, 38.257473 ], [ -122.964321, 38.260823 ], [ -122.976628, 38.267197 ], [ -122.9764, 38.269752 ], [ -122.977663, 38.269974 ], [ -122.977247418396999, 38.2679962331501 ], [ -122.986319, 38.273164 ], [ -122.989451, 38.280244 ], [ -122.994603, 38.283096 ], [ -122.997106, 38.289458 ], [ -123.002787, 38.29571 ] ] ] } },
{ "type": "Feature", "properties": { "zip": "94963" }, "geometry": { "type": "Polygon", "coordinates": [ [ [ -122.680295, 38.01271 ], [ -122.674798, 38.012617 ], [ -122.674012, 38.015064 ], [ -122.675216, 38.014995 ], [ -122.676024, 38.016379 ], [ -122.674191, 38.016067 ], [ -122.673686, 38.019254 ], [ -122.66947, 38.019423 ], [ -122.664935, 38.018384 ], [ -122.662165, 38.020024 ], [ -122.663806, 38.017843 ], [ -122.662976, 38.012568 ], [ -122.659992, 38.012955 ], [ -122.657992, 38.011817 ], [ -122.647526, 38.013204 ], [ -122.646938, 38.012816 ], [ -122.653763, 38.011653 ], [ -122.652649, 38.009412 ], [ -122.650433, 38.008865 ], [ -122.650219, 38.007005 ], [ -122.646218, 38.006311 ], [ -122.656757, 37.997892 ], [ -122.657624, 37.999369 ], [ -122.661439, 37.998827 ], [ -122.665457, 38.000309 ], [ -122.668621, 37.999651 ], [ -122.67123, 37.996924 ], [ -122.673445, 37.998833 ], [ -122.674301, 38.000807 ], [ -122.676244, 38.000834 ], [ -122.677512, 38.002928 ], [ -122.67971, 38.003531 ], [ -122.677329, 38.004742 ], [ -122.675533, 38.00712 ], [ -122.676847, 38.009919 ], [ -122.679013, 38.01094 ], [ -122.680295, 38.01271 ] ] ] } },
{ "type": "Feature", "properties": { "zip": "95131" }, "geometry": { "type": "Polygon", "coordinates": [ [ [ -121.941617, 37.376823 ], [ -121.937901, 37.380569 ], [ -121.926023, 37.386873 ], [ -121.920926, 37.391167 ], [ -121.925508, 37.395953 ], [ -121.924238, 37.397094 ], [ -121.920926, 37.39371 ], [ -121.919376, 37.393482 ], [ -121.917978, 37.393882 ], [ -121.905684, 37.404116 ], [ -121.89058, 37.403313 ], [ -121.890448, 37.404335 ], [ -121.887876, 37.406952 ], [ -121.881578, 37.402834 ], [ -121.884901, 37.400077 ], [ -121.88356, 37.399074 ], [ -121.880535, 37.402145 ], [ -121.877077, 37.400024 ], [ -121.875412, 37.398811 ], [ -121.87203, 37.393108 ], [ -121.862864, 37.38467 ], [ -121.873062, 37.373791 ], [ -121.875763, 37.371864 ], [ -121.87698, 37.375292 ], [ -121.882372, 37.3719 ], [ -121.880042, 37.372997 ], [ -121.881464, 37.371098 ], [ -121.879355, 37.369396 ], [ -121.880698, 37.368007 ], [ -121.887121, 37.371493 ], [ -121.891003, 37.376922 ], [ -121.892496, 37.377829 ], [ -121.895593, 37.377681 ], [ -121.895351, 37.376477 ], [ -121.902244, 37.381833 ], [ -121.9056, 37.383411 ], [ -121.90548, 37.382269 ], [ -121.909681, 37.379574 ], [ -121.910953, 37.380819 ], [ -121.914845, 37.379057 ], [ -121.913739, 37.377961 ], [ -121.918151, 37.375158 ], [ -121.918321, 37.373022 ], [ -121.919455, 37.37203 ], [ -121.941617, 37.376823 ] ] ] } },
{ "type": "Feature", "properties": { "zip": "95135" }, "geometry": { "type": "Polygon", "coordinates": [ [ [ -121.791524, 37.313966 ], [ -121.758411, 37.318994 ], [ -121.758774, 37.322049 ], [ -121.75555, 37.320859 ], [ -121.754664, 37.322415 ], [ -121.753319, 37.322946 ], [ -121.748632, 37.322493 ], [ -121.745789, 37.323651 ], [ -121.744643, 37.322236 ], [ -121.744479, 37.323791 ], [ -121.743129, 37.322908 ], [ -121.742414, 37.323381 ], [ -121.745567, 37.326728 ], [ -121.745513, 37.329407 ], [ -121.744552, 37.330412 ], [ -121.742853, 37.3289 ], [ -121.743266, 37.331651 ], [ -121.735605, 37.332571 ], [ -121.733161, 37.333741 ], [ -121.733521, 37.336743 ], [ -121.732563, 37.339345 ], [ -121.715302, 37.309438 ], [ -121.711142, 37.304021 ], [ -121.677372, 37.304223 ], [ -121.658847, 37.31123 ], [ -121.65717, 37.30933 ], [ -121.657322, 37.308589 ], [ -121.655071, 37.306744 ], [ -121.64941, 37.30678 ], [ -121.648132, 37.306082 ], [ -121.646349, 37.302791 ], [ -121.64278, 37.30128 ], [ -121.64136, 37.30167 ], [ -121.64184, 37.29993 ], [ -121.64004, 37.29998 ], [ -121.63876, 37.29862 ], [ -121.6388, 37.29748 ], [ -121.6343, 37.29327 ], [ -121.63426, 37.29195 ], [ -121.63205, 37.28996 ], [ -121.6286, 37.29017 ], [ -121.626213, 37.291239 ], [ -121.620762, 37.291135 ], [ -121.618241, 37.288711 ], [ -121.617572, 37.286717 ], [ -121.615096, 37.284795 ], [ -121.613229, 37.279451 ], [ -121.60759, 37.277925 ], [ -121.605727, 37.27825 ], [ -121.600687, 37.277202 ], [ -121.599332, 37.27517 ], [ -121.592697, 37.274886 ], [ -121.58667, 37.276116 ], [ -121.586675, 37.275317 ], [ -121.555772, 37.275293 ], [ -121.555399, 37.273814 ], [ -121.51859, 37.273506 ], [ -121.518424, 37.271567 ], [ -121.516157, 37.267962 ], [ -121.513746, 37.266186 ], [ -121.513033, 37.263769 ], [ -121.50733, 37.260102 ], [ -121.504711, 37.260441 ], [ -121.503035, 37.259199 ], [ -121.500692, 37.259865 ], [ -121.495447, 37.259323 ], [ -121.492781, 37.260253 ], [ -121.491495, 37.259858 ], [ -121.491529, 37.258864 ], [ -121.489825, 37.259227 ], [ -121.489377, 37.258095 ], [ -121.490806, 37.257639 ], [ -121.487458, 37.256443 ], [ -121.486282, 37.255443 ], [ -121.486364, 37.254163 ], [ -121.483738, 37.253813 ], [ -121.484102, 37.252494 ], [ -121.478447, 37.254435 ], [ -121.479431, 37.257033 ], [ -121.48071, 37.257687 ], [ -121.480085, 37.258593 ], [ -121.480342, 37.264461 ], [ -121.482921, 37.266877 ], [ -121.485823, 37.268194 ], [ -121.486844, 37.273237 ], [ -121.489856, 37.275214 ], [ -121.483501, 37.274918 ], [ -121.482718, 37.273716 ], [ -121.45479, 37.273973 ], [ -121.454064, 37.275098 ], [ -121.454849, 37.263141 ], [ -121.455928, 37.262883 ], [ -121.457255, 37.260943 ], [ -121.45502, 37.25555 ], [ -121.455974, 37.253919 ], [ -121.45575, 37.24944 ], [ -121.45262, 37.246378 ], [ -121.452633, 37.245364 ], [ -121.448145, 37.239494 ], [ -121.448493, 37.23702 ], [ -121.446083, 37.235967 ], [ -121.441746, 37.231127 ], [ -121.436104, 37.229365 ], [ -121.434074, 37.226449 ], [ -121.431559, 37.227816 ], [ -121.426398, 37.223496 ], [ -121.425088, 37.223545 ], [ -121.422219, 37.221934 ], [ -121.421075, 37.214826 ], [ -121.418369, 37.213211 ], [ -121.416869, 37.211262 ], [ -121.416862, 37.206044 ], [ -121.415323, 37.199001 ], [ -121.411704, 37.194924 ], [ -121.411718, 37.193608 ], [ -121.410463, 37.192008 ], [ -121.410209, 37.189596 ], [ -121.411525, 37.185407 ], [ -121.40946, 37.18415 ], [ -121.408905, 37.180842 ], [ -121.41114, 37.177852 ], [ -121.410076, 37.175757 ], [ -121.411652, 37.173358 ], [ -121.413395, 37.172899 ], [ -121.412201, 37.171325 ], [ -121.407727, 37.169006 ], [ -121.407601, 37.163241 ], [ -121.40653, 37.158835 ], [ -121.404636, 37.155989 ], [ -121.401141, 37.15492 ], [ -121.400004, 37.150863 ], [ -121.399019, 37.150135 ], [ -121.397463, 37.150595 ], [ -121.393424, 37.148131 ], [ -121.392005, 37.150256 ], [ -121.385316, 37.151972 ], [ -121.383551, 37.151487 ], [ -121.381686, 37.157635 ], [ -121.383957, 37.160161 ], [ -121.384155, 37.162001 ], [ -121.383245, 37.162988 ], [ -121.384266, 37.166201 ], [ -121.382914, 37.167881 ], [ -121.379654, 37.168006 ], [ -121.377066, 37.171731 ], [ -121.373332, 37.173963 ], [ -121.373106, 37.169137 ], [ -121.375439, 37.139611 ], [ -121.37695, 37.13766 ], [ -121.37791, 37.13419 ], [ -121.376057, 37.131779 ], [ -121.376157, 37.130517 ], [ -121.374645, 37.130848 ], [ -121.373435, 37.1301 ], [ -121.373568, 37.117421 ], [ -121.471786, 37.116888 ], [ -121.471649, 37.115994 ], [ -121.478727, 37.116049 ], [ -121.48106, 37.118201 ], [ -121.480472, 37.122102 ], [ -121.481906, 37.125695 ], [ -121.481377, 37.126849 ], [ -121.484288, 37.129627 ], [ -121.483536, 37.133144 ], [ -121.484648, 37.136115 ], [ -121.484196, 37.137055 ], [ -121.487282, 37.143477 ], [ -121.488546, 37.144448 ], [ -121.490334, 37.150546 ], [ -121.493542, 37.155384 ], [ -121.491507, 37.159259 ], [ -121.495819, 37.162805 ], [ -121.49591, 37.165229 ], [ -121.498935, 37.170046 ], [ -121.495339, 37.172806 ], [ -121.495121, 37.174596 ], [ -121.496408, 37.176869 ], [ -121.498764, 37.17928 ], [ -121.502921, 37.181131 ], [ -121.509045, 37.182117 ], [ -121.512602, 37.181844 ], [ -121.512862, 37.18246 ], [ -121.516186, 37.181604 ], [ -121.519536, 37.183105 ], [ -121.525789, 37.187646 ], [ -121.528891, 37.192487 ], [ -121.533312, 37.194675 ], [ -121.536352, 37.200076 ], [ -121.538076, 37.201131 ], [ -121.540212, 37.201428 ], [ -121.541524, 37.200549 ], [ -121.54537, 37.202012 ], [ -121.547204, 37.201298 ], [ -121.549205, 37.20167 ], [ -121.550328, 37.195605 ], [ -121.550357, 37.189666 ], [ -121.551423, 37.187924 ], [ -121.55381, 37.189424 ], [ -121.554868, 37.185718 ], [ -121.560074, 37.180883 ], [ -121.568972, 37.179049 ], [ -121.567987, 37.177185 ], [ -121.569065, 37.175415 ], [ -121.568769, 37.170133 ], [ -121.574479, 37.170278 ], [ -121.577959, 37.168872 ], [ -121.576505, 37.166882 ], [ -121.577934, 37.166739 ], [ -121.579558, 37.164488 ], [ -121.579337, 37.163234 ], [ -121.582868, 37.163735 ], [ -121.584928, 37.16566 ], [ -121.588693, 37.164248 ], [ -121.589485, 37.165406 ], [ -121.590166, 37.164128 ], [ -121.587195, 37.159654 ], [ -121.592146, 37.161941 ], [ -121.595911, 37.165164 ], [ -121.598358, 37.165274 ], [ -121.602247, 37.169748 ], [ -121.604951, 37.170867 ], [ -121.604649, 37.171918 ], [ -121.607049, 37.172819 ], [ -121.606077, 37.174711 ], [ -121.606314, 37.177995 ], [ -121.608646, 37.17916 ], [ -121.610504, 37.178444 ], [ -121.609362, 37.176705 ], [ -121.618385, 37.172366 ], [ -121.625364, 37.167102 ], [ -121.630393, 37.166979 ], [ -121.626938, 37.169567 ], [ -121.627878, 37.17032 ], [ -121.627156, 37.17155 ], [ -121.630359, 37.17598 ], [ -121.630103, 37.177952 ], [ -121.633554, 37.181119 ], [ -121.636471, 37.182576 ], [ -121.637637, 37.184598 ], [ -121.640089, 37.18388 ], [ -121.64087, 37.187138 ], [ -121.64225, 37.187792 ], [ -121.645039, 37.186415 ], [ -121.646844, 37.187915 ], [ -121.646465, 37.190305 ], [ -121.648703, 37.19102 ], [ -121.651325, 37.194482 ], [ -121.649964, 37.195624 ], [ -121.651892, 37.199949 ], [ -121.654096, 37.200384 ], [ -121.655154, 37.199725 ], [ -121.656156, 37.201076 ], [ -121.65981, 37.201369 ], [ -121.662207, 37.203551 ], [ -121.661945, 37.205287 ], [ -121.664527, 37.206276 ], [ -121.664534, 37.207935 ], [ -121.662237, 37.211221 ], [ -121.656934, 37.214251 ], [ -121.655627, 37.216716 ], [ -121.655874, 37.2197 ], [ -121.657597, 37.221942 ], [ -121.658777, 37.222154 ], [ -121.663143, 37.229683 ], [ -121.666589, 37.231948 ], [ -121.669034, 37.235898 ], [ -121.668539, 37.240182 ], [ -121.669412, 37.242111 ], [ -121.672362, 37.244011 ], [ -121.677363, 37.252156 ], [ -121.679731, 37.251907 ], [ -121.681435, 37.250212 ], [ -121.683782, 37.249656 ], [ -121.695967, 37.257572 ], [ -121.699978, 37.256594 ], [ -121.709554, 37.259784 ], [ -121.717104, 37.26068 ], [ -121.731056, 37.264875 ], [ -121.735349, 37.267668 ], [ -121.738484, 37.268695 ], [ -121.741423, 37.271301 ], [ -121.745647, 37.273505 ], [ -121.748816, 37.277093 ], [ -121.757076, 37.2799 ], [ -121.758736, 37.281248 ], [ -121.765199, 37.288426 ], [ -121.767083, 37.292115 ], [ -121.771593, 37.294194 ], [ -121.772651, 37.296166 ], [ -121.770919, 37.298769 ], [ -121.771341, 37.299344 ], [ -121.774548, 37.301858 ], [ -121.77707, 37.302481 ], [ -121.777998, 37.303552 ], [ -121.777778, 37.305036 ], [ -121.781339, 37.308503 ], [ -121.790065, 37.31175 ], [ -121.791524, 37.313966 ] ] ] } },
{ "type": "Feature", "properties": { "zip": "95139" }, "geometry": { "type": "Polygon", "coordinates": [ [ [ -121.778987, 37.224585 ], [ -121.775338, 37.228546 ], [ -121.773454, 37.227315 ], [ -121.772071, 37.228947 ], [ -121.773614, 37.229462 ], [ -121.768706, 37.235438 ], [ -121.751149, 37.226434 ], [ -121.746942, 37.222715 ], [ -121.756217, 37.220208 ], [ -121.758865, 37.218744 ], [ -121.758941, 37.217544 ], [ -121.761311, 37.216586 ], [ -121.762803, 37.217724 ], [ -121.765885, 37.214519 ], [ -121.768031, 37.217012 ], [ -121.770862, 37.217377 ], [ -121.77134, 37.221114 ], [ -121.778987, 37.224585 ] ] ] } },
{ "type": "Feature", "properties": { "zip": "95625" }, "geometry": { "type": "Polygon", "coordinates": [ [ [ -121.917782, 38.366086 ], [ -121.906052, 38.366189 ], [ -121.906083, 38.358942 ], [ -121.8969, 38.3589 ], [ -121.896931, 38.3516 ], [ -121.906114, 38.351636 ], [ -121.908653, 38.348411 ], [ -121.906919, 38.347402 ], [ -121.908329, 38.346687 ], [ -121.915478, 38.350931 ], [ -121.915547, 38.359031 ], [ -121.917951, 38.358981 ], [ -121.917782, 38.366086 ] ] ] } },
{ "type": "Feature", "properties": { "zip": "95441" }, "geometry": { "type": "Polygon", "coordinates": [ [ [ -123.368394, 38.80664 ], [ -123.28168, 38.807503 ], [ -123.271759, 38.808399 ], [ -123.161903, 38.808841 ], [ -123.158547, 38.805713 ], [ -123.158253, 38.802241 ], [ -123.160479, 38.801225 ], [ -123.160817, 38.79961 ], [ -123.163885, 38.799298 ], [ -123.164658, 38.79704 ], [ -123.169291, 38.798063 ], [ -123.17009, 38.800129 ], [ -123.172134, 38.799069 ], [ -123.17379, 38.799432 ], [ -123.173959, 38.798437 ], [ -123.178185, 38.798938 ], [ -123.182236, 38.796543 ], [ -123.184896, 38.796444 ], [ -123.183991, 38.79456 ], [ -123.185381, 38.794175 ], [ -123.187269, 38.791995 ], [ -123.192548, 38.792582 ], [ -123.193088, 38.791742 ], [ -123.194815, 38.791945 ], [ -123.195047, 38.790984 ], [ -123.197496, 38.789594 ], [ -123.199813, 38.790313 ], [ -123.200458, 38.786545 ], [ -123.202935, 38.786286 ], [ -123.204458, 38.78294 ], [ -123.209644, 38.783499 ], [ -123.209669, 38.781429 ], [ -123.207621, 38.779242 ], [ -123.206335, 38.780968 ], [ -123.202649, 38.781576 ], [ -123.200982, 38.783165 ], [ -123.199256, 38.782418 ], [ -123.201712, 38.780735 ], [ -123.202002, 38.776905 ], [ -123.199224, 38.777994 ], [ -123.195216, 38.776658 ], [ -123.189513, 38.778808 ], [ -123.18495, 38.776973 ], [ -123.184101, 38.778169 ], [ -123.178895, 38.777546 ], [ -123.177784, 38.776477 ], [ -123.174156, 38.776854 ], [ -123.171729, 38.77597 ], [ -123.172401, 38.774102 ], [ -123.169944, 38.774683 ], [ -123.166348, 38.774191 ], [ -123.162312, 38.771668 ], [ -123.160763, 38.769801 ], [ -123.160392, 38.767866 ], [ -123.162173, 38.768314 ], [ -123.163557, 38.766477 ], [ -123.165547, 38.766142 ], [ -123.164535, 38.764582 ], [ -123.169045, 38.765992 ], [ -123.172967, 38.765682 ], [ -123.165208, 38.761891 ], [ -123.162006, 38.76202 ], [ -123.155138, 38.758678 ], [ -123.145234, 38.75835 ], [ -123.141487, 38.75723 ], [ -123.136079, 38.754972 ], [ -123.132176, 38.751646 ], [ -123.115614, 38.745898 ], [ -123.107946, 38.741011 ], [ -123.103327, 38.740328 ], [ -123.099446, 38.73743 ], [ -123.093941, 38.735409 ], [ -123.091849, 38.735446 ], [ -123.089515, 38.733493 ], [ -123.082562, 38.731306 ], [ -123.0795, 38.729292 ], [ -123.073403, 38.728172 ], [ -123.073585, 38.742231 ], [ -123.072161, 38.740919 ], [ -123.069995, 38.741599 ], [ -123.064472, 38.740269 ], [ -123.063767, 38.741002 ], [ -123.055907, 38.737694 ], [ -123.055051, 38.738255 ], [ -123.054359, 38.736897 ], [ -123.046501, 38.735549 ], [ -123.042382, 38.733166 ], [ -123.041432, 38.734234 ], [ -123.032168, 38.731267 ], [ -123.030568, 38.731535 ], [ -123.029468, 38.729485 ], [ -123.026066, 38.727733 ], [ -123.025675, 38.72634 ], [ -123.023087, 38.726044 ], [ -123.021053, 38.728143 ], [ -123.018988, 38.726557 ], [ -123.015486, 38.726625 ], [ -123.014684, 38.727501 ], [ -123.012401, 38.725064 ], [ -123.011602, 38.725778 ], [ -123.006918, 38.724244 ], [ -123.008218, 38.725033 ], [ -123.008925, 38.726841 ], [ -123.010234, 38.727143 ], [ -123.009513, 38.728545 ], [ -123.010466, 38.729083 ], [ -123.010258, 38.731547 ], [ -123.011122, 38.733321 ], [ -123.009433, 38.732216 ], [ -123.005043, 38.73167 ], [ -123.001419, 38.728773 ], [ -122.993634, 38.726485 ], [ -122.992779, 38.720337 ], [ -122.98639, 38.719316 ], [ -122.979863, 38.713051 ], [ -122.976641, 38.712316 ], [ -122.976215, 38.714199 ], [ -122.972672, 38.713129 ], [ -122.964127, 38.721653 ], [ -122.964494, 38.725075 ], [ -122.949535, 38.726546 ], [ -122.942723, 38.731637 ], [ -122.945227, 38.736745 ], [ -122.94267, 38.737153 ], [ -122.939908, 38.733594 ], [ -122.918239, 38.749723 ], [ -122.916603, 38.748193 ], [ -122.915651, 38.74894 ], [ -122.914396, 38.75716 ], [ -122.912175, 38.759292 ], [ -122.911808, 38.76183 ], [ -122.910109, 38.762264 ], [ -122.90943, 38.763791 ], [ -122.919213, 38.763711 ], [ -122.920304, 38.766171 ], [ -122.924477, 38.768771 ], [ -122.924571, 38.774912 ], [ -122.925928, 38.778196 ], [ -122.924031, 38.778538 ], [ -122.918757, 38.777461 ], [ -122.913435, 38.773143 ], [ -122.911383, 38.773686 ], [ -122.905899, 38.773189 ], [ -122.902308, 38.774819 ], [ -122.904038, 38.776914 ], [ -122.902407, 38.782154 ], [ -122.904148, 38.781968 ], [ -122.904835, 38.784154 ], [ -122.912273, 38.787469 ], [ -122.912167, 38.790001 ], [ -122.906795, 38.791402 ], [ -122.901045, 38.785882 ], [ -122.896635, 38.783337 ], [ -122.880015, 38.785221 ], [ -122.876377, 38.783551 ], [ -122.862319, 38.799545 ], [ -122.827026, 38.799697 ], [ -122.824574, 38.801047 ], [ -122.819491, 38.801232 ], [ -122.817848, 38.799884 ], [ -122.810993, 38.799974 ], [ -122.804885, 38.798972 ], [ -122.802431, 38.797596 ], [ -122.802202, 38.795695 ], [ -122.799837, 38.794434 ], [ -122.797818, 38.792151 ], [ -122.795949, 38.792143 ], [ -122.793375, 38.789865 ], [ -122.791842, 38.790253 ], [ -122.783176, 38.786398 ], [ -122.782056, 38.787059 ], [ -122.777187, 38.78531 ], [ -122.774803, 38.785904 ], [ -122.772823, 38.783096 ], [ -122.768604, 38.783716 ], [ -122.76863, 38.782009 ], [ -122.767289, 38.783694 ], [ -122.764682, 38.781171 ], [ -122.763195, 38.781053 ], [ -122.763492, 38.780077 ], [ -122.760085, 38.780143 ], [ -122.757265, 38.777626 ], [ -122.748745, 38.779847 ], [ -122.744507, 38.778815 ], [ -122.744742, 38.777941 ], [ -122.743236, 38.776783 ], [ -122.743601, 38.775355 ], [ -122.745747, 38.774681 ], [ -122.744501, 38.772769 ], [ -122.744195, 38.769874 ], [ -122.742282, 38.768488 ], [ -122.746368, 38.764698 ], [ -122.74818, 38.764838 ], [ -122.751624, 38.767313 ], [ -122.754026, 38.768032 ], [ -122.75223, 38.766568 ], [ -122.752136, 38.765398 ], [ -122.754419, 38.764995 ], [ -122.754708, 38.764125 ], [ -122.752097, 38.76177 ], [ -122.753766, 38.761429 ], [ -122.755021, 38.759026 ], [ -122.755779, 38.75972 ], [ -122.758697, 38.75977 ], [ -122.761567, 38.758333 ], [ -122.763222, 38.758528 ], [ -122.763892, 38.759487 ], [ -122.768641, 38.760173 ], [ -122.770613, 38.75825 ], [ -122.769876, 38.755984 ], [ -122.770631, 38.755216 ], [ -122.767113, 38.748193 ], [ -122.768074, 38.747285 ], [ -122.766853, 38.745081 ], [ -122.767883, 38.741513 ], [ -122.766952, 38.738988 ], [ -122.761458, 38.735453 ], [ -122.757275, 38.733876 ], [ -122.759657, 38.734153 ], [ -122.761135, 38.732992 ], [ -122.761889, 38.733754 ], [ -122.764063, 38.733381 ], [ -122.769425, 38.734307 ], [ -122.773914, 38.73653 ], [ -122.775904, 38.738376 ], [ -122.780736, 38.740095 ], [ -122.78809, 38.739406 ], [ -122.79105, 38.735854 ], [ -122.794964, 38.733957 ], [ -122.798454, 38.735253 ], [ -122.801035, 38.737818 ], [ -122.801814, 38.736796 ], [ -122.800713, 38.733341 ], [ -122.802818, 38.729061 ], [ -122.796714, 38.728401 ], [ -122.797154, 38.708156 ], [ -122.791911, 38.70803 ], [ -122.793314, 38.706377 ], [ -122.79349, 38.704893 ], [ -122.789733, 38.701168 ], [ -122.790098, 38.700212 ], [ -122.789334, 38.698608 ], [ -122.790709, 38.696861 ], [ -122.790352, 38.695806 ], [ -122.791558, 38.693604 ], [ -122.792561, 38.693335 ], [ -122.792428, 38.690951 ], [ -122.795372, 38.690264 ], [ -122.797567, 38.684452 ], [ -122.80525, 38.679937 ], [ -122.805366, 38.677853 ], [ -122.806086, 38.67919 ], [ -122.805542, 38.679981 ], [ -122.803852, 38.680834 ], [ -122.805375, 38.682685 ], [ -122.811817, 38.678193 ], [ -122.808397, 38.675431 ], [ -122.829222, 38.658628 ], [ -122.831756, 38.657674 ], [ -122.842992, 38.660883 ], [ -122.852153, 38.661934 ], [ -122.854161, 38.661453 ], [ -122.854407, 38.663852 ], [ -122.868023, 38.662993 ], [ -122.868032, 38.65941 ], [ -122.87172, 38.658972 ], [ -122.874658, 38.659592 ], [ -122.876348, 38.664306 ], [ -122.881975, 38.664361 ], [ -122.882061, 38.671643 ], [ -122.891388, 38.671643 ], [ -122.891302, 38.679025 ], [ -122.900557, 38.679217 ], [ -122.903522, 38.675118 ], [ -122.939626, 38.699419 ], [ -122.950008, 38.695864 ], [ -122.95012, 38.698147 ], [ -122.952224, 38.701027 ], [ -122.956574, 38.702228 ], [ -122.958801, 38.69831 ], [ -122.963745, 38.695174 ], [ -122.968416, 38.696915 ], [ -122.972247, 38.701187 ], [ -122.9801, 38.706444 ], [ -122.983784, 38.705998 ], [ -122.983908, 38.703435 ], [ -122.982358, 38.700868 ], [ -122.984044, 38.698508 ], [ -122.987716, 38.69704 ], [ -122.988637, 38.695222 ], [ -122.991232, 38.694003 ], [ -122.994509, 38.695912 ], [ -122.993513, 38.696682 ], [ -122.994659, 38.697266 ], [ -122.995212, 38.695885 ], [ -122.997943, 38.696066 ], [ -122.999058, 38.695184 ], [ -122.997207, 38.694356 ], [ -122.997979, 38.692895 ], [ -123.006214, 38.690908 ], [ -123.00843, 38.691391 ], [ -123.008211, 38.689958 ], [ -123.006539, 38.688529 ], [ -123.007418, 38.686036 ], [ -123.009096, 38.685572 ], [ -123.011056, 38.686859 ], [ -123.014112, 38.686551 ], [ -123.015566, 38.681728 ], [ -123.018365, 38.679273 ], [ -123.020783, 38.67966 ], [ -123.022538, 38.677594 ], [ -123.024416, 38.676759 ], [ -123.025999, 38.673125 ], [ -123.025195, 38.672581 ], [ -123.022447, 38.673527 ], [ -123.021639, 38.672607 ], [ -123.025046, 38.670675 ], [ -123.026885, 38.668441 ], [ -123.026121, 38.66769 ], [ -123.026996, 38.666144 ], [ -123.029361, 38.668505 ], [ -123.032765, 38.669773 ], [ -123.037279, 38.668009 ], [ -123.04025, 38.670236 ], [ -123.044577, 38.671024 ], [ -123.04843, 38.673103 ], [ -123.05356, 38.673664 ], [ -123.058141, 38.677472 ], [ -123.060035, 38.677982 ], [ -123.063061, 38.677189 ], [ -123.064527, 38.675755 ], [ -123.066231, 38.676715 ], [ -123.066499, 38.677884 ], [ -123.073666, 38.675132 ], [ -123.076241, 38.675151 ], [ -123.07647, 38.673567 ], [ -123.08018, 38.669541 ], [ -123.077539, 38.664398 ], [ -123.075437, 38.662431 ], [ -123.075232, 38.660371 ], [ -123.077291, 38.656513 ], [ -123.079495, 38.659396 ], [ -123.082729, 38.66057 ], [ -123.084927, 38.662453 ], [ -123.085301, 38.663979 ], [ -123.08771, 38.665407 ], [ -123.090432, 38.665123 ], [ -123.090899, 38.666983 ], [ -123.093633, 38.669366 ], [ -123.099177, 38.67098 ], [ -123.101006, 38.674909 ], [ -123.099799, 38.677739 ], [ -123.105099, 38.68263 ], [ -123.106717, 38.683024 ], [ -123.110424, 38.682244 ], [ -123.104718, 38.681423 ], [ -123.108512, 38.680591 ], [ -123.111062, 38.677867 ], [ -123.117433, 38.677793 ], [ -123.118305, 38.6788 ], [ -123.122013, 38.678994 ], [ -123.124224, 38.681081 ], [ -123.126471, 38.678593 ], [ -123.129675, 38.67743 ], [ -123.13525, 38.677002 ], [ -123.146188, 38.685314 ], [ -123.150168, 38.685386 ], [ -123.154001, 38.683434 ], [ -123.156529, 38.684235 ], [ -123.157805, 38.683309 ], [ -123.161521, 38.685162 ], [ -123.159727, 38.685915 ], [ -123.157287, 38.68956 ], [ -123.157449, 38.690474 ], [ -123.159264, 38.6917 ], [ -123.160818, 38.691306 ], [ -123.160264, 38.692924 ], [ -123.156038, 38.69323 ], [ -123.154987, 38.691959 ], [ -123.155203, 38.689774 ], [ -123.153807, 38.692065 ], [ -123.156427, 38.694411 ], [ -123.159876, 38.694989 ], [ -123.162475, 38.700082 ], [ -123.16708, 38.704489 ], [ -123.177427, 38.710858 ], [ -123.182755, 38.711111 ], [ -123.189599, 38.70904 ], [ -123.193897, 38.70865 ], [ -123.201406, 38.71233 ], [ -123.208299, 38.712236 ], [ -123.215291, 38.715723 ], [ -123.217955, 38.713816 ], [ -123.222112, 38.713155 ], [ -123.225774, 38.715802 ], [ -123.226741, 38.715143 ], [ -123.227738, 38.71718 ], [ -123.229862, 38.715405 ], [ -123.233081, 38.717266 ], [ -123.238767, 38.716127 ], [ -123.241622, 38.717779 ], [ -123.241302, 38.72079 ], [ -123.243965, 38.72179 ], [ -123.246529, 38.723974 ], [ -123.24705, 38.726242 ], [ -123.249275, 38.729367 ], [ -123.254582, 38.730758 ], [ -123.25595, 38.730446 ], [ -123.255367, 38.731692 ], [ -123.251787, 38.730569 ], [ -123.250338, 38.732028 ], [ -123.25057, 38.733051 ], [ -123.249087, 38.733341 ], [ -123.249532, 38.734899 ], [ -123.247633, 38.734401 ], [ -123.246406, 38.735034 ], [ -123.246957, 38.737218 ], [ -123.244791, 38.73663 ], [ -123.243018, 38.739532 ], [ -123.244358, 38.742234 ], [ -123.241169, 38.742295 ], [ -123.240346, 38.74352 ], [ -123.240983, 38.744833 ], [ -123.240532, 38.745838 ], [ -123.241976, 38.74822 ], [ -123.243627, 38.749654 ], [ -123.244969, 38.749775 ], [ -123.24584, 38.751402 ], [ -123.246161, 38.744246 ], [ -123.265117, 38.744623 ], [ -123.26509, 38.73845 ], [ -123.269781, 38.739906 ], [ -123.27567, 38.745869 ], [ -123.278995, 38.74648 ], [ -123.289339, 38.75316 ], [ -123.299145, 38.757782 ], [ -123.30064, 38.757666 ], [ -123.304562, 38.754678 ], [ -123.309382, 38.75386 ], [ -123.311914, 38.752619 ], [ -123.31343, 38.752553 ], [ -123.314082, 38.753569 ], [ -123.314377, 38.751751 ], [ -123.317828, 38.751548 ], [ -123.325904, 38.756991 ], [ -123.32998, 38.757106 ], [ -123.337495, 38.759939 ], [ -123.343843, 38.759444 ], [ -123.343503, 38.760497 ], [ -123.344726, 38.762087 ], [ -123.344551, 38.764568 ], [ -123.342119, 38.765107 ], [ -123.34153, 38.769445 ], [ -123.340916, 38.768731 ], [ -123.339183, 38.769202 ], [ -123.343451, 38.770851 ], [ -123.345118, 38.769457 ], [ -123.345011, 38.768326 ], [ -123.346857, 38.768643 ], [ -123.34707, 38.769269 ], [ -123.345469, 38.770498 ], [ -123.346171, 38.779304 ], [ -123.349481, 38.778967 ], [ -123.351013, 38.777876 ], [ -123.357158, 38.778328 ], [ -123.364271, 38.781324 ], [ -123.368261, 38.782034 ], [ -123.368394, 38.80664 ] ] ] } },
{ "type": "Feature", "properties": { "zip": "95444" }, "geometry": { "type": "Polygon", "coordinates": [ [ [ -122.87395, 38.43358 ], [ -122.87258, 38.436195 ], [ -122.869784, 38.436271 ], [ -122.870052, 38.43893 ], [ -122.868927, 38.43906 ], [ -122.869857, 38.441395 ], [ -122.867821, 38.44123 ], [ -122.867248, 38.436463 ], [ -122.865201, 38.436245 ], [ -122.864894, 38.434261 ], [ -122.8657, 38.434297 ], [ -122.865761, 38.432026 ], [ -122.865108, 38.427638 ], [ -122.869577, 38.425995 ], [ -122.873395, 38.429504 ], [ -122.87395, 38.43358 ] ] ] } },
{ "type": "Feature", "properties": { "zip": "95476" }, "geometry": { "type": "Polygon", "coordinates": [ [ [ -122.574568, 38.324861 ], [ -122.573533, 38.327554 ], [ -122.567218, 38.327505 ], [ -122.566829, 38.330472 ], [ -122.570003, 38.332776 ], [ -122.569865, 38.334706 ], [ -122.563253, 38.33767 ], [ -122.561692, 38.340937 ], [ -122.559722, 38.340897 ], [ -122.556911, 38.344768 ], [ -122.555432, 38.345251 ], [ -122.552251, 38.344306 ], [ -122.549733, 38.344514 ], [ -122.541186, 38.349073 ], [ -122.536393, 38.350665 ], [ -122.533581, 38.350763 ], [ -122.524745, 38.354572 ], [ -122.522915, 38.352853 ], [ -122.522495, 38.350897 ], [ -122.519348, 38.351343 ], [ -122.517408, 38.349414 ], [ -122.521116, 38.348886 ], [ -122.519943, 38.347682 ], [ -122.520843, 38.347002 ], [ -122.518775, 38.345079 ], [ -122.518955, 38.344484 ], [ -122.518287, 38.345122 ], [ -122.518764, 38.345812 ], [ -122.517045, 38.346171 ], [ -122.515792, 38.348013 ], [ -122.514453, 38.346656 ], [ -122.512793, 38.338613 ], [ -122.506165, 38.340044 ], [ -122.500777, 38.342523 ], [ -122.497034, 38.342864 ], [ -122.492898, 38.3447 ], [ -122.490242, 38.347817 ], [ -122.485067, 38.349851 ], [ -122.481935, 38.350006 ], [ -122.480108, 38.351287 ], [ -122.478542, 38.358655 ], [ -122.477002, 38.355459 ], [ -122.474075, 38.353657 ], [ -122.472678, 38.358912 ], [ -122.473079, 38.359628 ], [ -122.471047, 38.361321 ], [ -122.469895, 38.363825 ], [ -122.470397, 38.365149 ], [ -122.468817, 38.365554 ], [ -122.469683, 38.366968 ], [ -122.469509, 38.36837 ], [ -122.468027, 38.368771 ], [ -122.466301, 38.367837 ], [ -122.461812, 38.368666 ], [ -122.459391, 38.370358 ], [ -122.457437, 38.36862 ], [ -122.457741, 38.367466 ], [ -122.45449, 38.365619 ], [ -122.452246, 38.362071 ], [ -122.447196, 38.359035 ], [ -122.442283, 38.359035 ], [ -122.439506, 38.358112 ], [ -122.43743, 38.356662 ], [ -122.436683, 38.355137 ], [ -122.429328, 38.351001 ], [ -122.429114, 38.349453 ], [ -122.427329, 38.34914 ], [ -122.427207, 38.346043 ], [ -122.42499, 38.345113 ], [ -122.421514, 38.339513 ], [ -122.419683, 38.338536 ], [ -122.418753, 38.339589 ], [ -122.417257, 38.339322 ], [ -122.417562, 38.33801 ], [ -122.411993, 38.334012 ], [ -122.413732, 38.330693 ], [ -122.4121, 38.32787 ], [ -122.409719, 38.325963 ], [ -122.40946, 38.321133 ], [ -122.408575, 38.320111 ], [ -122.406866, 38.321805 ], [ -122.405401, 38.322118 ], [ -122.403738, 38.319722 ], [ -122.401953, 38.314191 ], [ -122.396336, 38.309179 ], [ -122.395377, 38.306428 ], [ -122.392165, 38.306879 ], [ -122.385468, 38.298633 ], [ -122.386773, 38.298092 ], [ -122.378547, 38.284181 ], [ -122.377088, 38.27962 ], [ -122.389272, 38.267867 ], [ -122.389896, 38.260695 ], [ -122.388157, 38.258345 ], [ -122.385587, 38.256715 ], [ -122.384342, 38.2545 ], [ -122.382487, 38.254115 ], [ -122.377287, 38.249915 ], [ -122.377187, 38.248415 ], [ -122.373865, 38.247438 ], [ -122.374587, 38.244515 ], [ -122.370481, 38.245318 ], [ -122.370387, 38.246915 ], [ -122.366787, 38.247015 ], [ -122.359924, 38.230501 ], [ -122.358037, 38.214706 ], [ -122.359018, 38.209583 ], [ -122.350681, 38.201831 ], [ -122.350855, 38.196926 ], [ -122.349564, 38.193972 ], [ -122.350502, 38.192611 ], [ -122.355128, 38.196862 ], [ -122.359102, 38.197567 ], [ -122.360257, 38.197115 ], [ -122.360544, 38.19506 ], [ -122.357051, 38.190634 ], [ -122.35737, 38.183958 ], [ -122.358565, 38.181974 ], [ -122.36679, 38.183824 ], [ -122.369048, 38.181777 ], [ -122.369699, 38.182362 ], [ -122.379044, 38.180832 ], [ -122.379614, 38.182167 ], [ -122.37861, 38.18393 ], [ -122.376249, 38.185945 ], [ -122.37369, 38.186326 ], [ -122.372773, 38.187651 ], [ -122.373484, 38.189189 ], [ -122.378987, 38.191457 ], [ -122.383254, 38.191377 ], [ -122.385523, 38.19257 ], [ -122.386941, 38.195521 ], [ -122.386633, 38.197943 ], [ -122.385249, 38.199674 ], [ -122.381724, 38.200816 ], [ -122.380017, 38.202492 ], [ -122.379379, 38.206476 ], [ -122.377886, 38.206708 ], [ -122.375642, 38.204662 ], [ -122.374476, 38.205469 ], [ -122.376725, 38.207531 ], [ -122.378688, 38.208076 ], [ -122.380206, 38.207478 ], [ -122.380868, 38.205965 ], [ -122.380514, 38.203701 ], [ -122.382767, 38.200969 ], [ -122.39014, 38.200626 ], [ -122.391958, 38.199402 ], [ -122.392751, 38.19748 ], [ -122.399287, 38.201514 ], [ -122.403706, 38.206746 ], [ -122.406338, 38.207483 ], [ -122.410209, 38.207165 ], [ -122.412367, 38.208259 ], [ -122.414183, 38.211891 ], [ -122.416697, 38.213144 ], [ -122.41841, 38.212968 ], [ -122.418947, 38.209326 ], [ -122.4208, 38.206568 ], [ -122.42615, 38.207513 ], [ -122.425845, 38.209252 ], [ -122.427759, 38.210166 ], [ -122.435786, 38.199394 ], [ -122.436814, 38.196952 ], [ -122.437809, 38.188176 ], [ -122.440013, 38.184475 ], [ -122.439492, 38.182036 ], [ -122.443696, 38.179033 ], [ -122.441779, 38.177555 ], [ -122.441324, 38.175348 ], [ -122.442695, 38.171991 ], [ -122.440057, 38.170953 ], [ -122.426076, 38.170342 ], [ -122.423404, 38.169062 ], [ -122.425012, 38.166013 ], [ -122.421964, 38.164172 ], [ -122.420734, 38.160821 ], [ -122.419043, 38.160463 ], [ -122.413169, 38.161852 ], [ -122.409823, 38.160917 ], [ -122.4086, 38.159185 ], [ -122.407662, 38.153461 ], [ -122.404533, 38.14795 ], [ -122.407827, 38.1401 ], [ -122.410743, 38.136618 ], [ -122.419936262945996, 38.129352333911797 ], [ -122.432997, 38.1233 ], [ -122.443499, 38.116985 ], [ -122.448964, 38.117724 ], [ -122.450928, 38.120344 ], [ -122.448366, 38.126121 ], [ -122.44145, 38.134853 ], [ -122.44478, 38.138345 ], [ -122.463822, 38.130823 ], [ -122.497522, 38.115134 ], [ -122.498801216835005, 38.111297326741003 ], [ -122.501626, 38.112331 ], [ -122.491419, 38.120194 ], [ -122.487147, 38.122393 ], [ -122.489103, 38.125958 ], [ -122.476293, 38.133982 ], [ -122.489445, 38.151475 ], [ -122.49815, 38.157339 ], [ -122.497113, 38.160279 ], [ -122.499988, 38.158769 ], [ -122.501152, 38.162216 ], [ -122.518485, 38.176178 ], [ -122.51947, 38.176154 ], [ -122.523106, 38.1733 ], [ -122.53883, 38.18557 ], [ -122.537755, 38.186989 ], [ -122.54188, 38.190195 ], [ -122.54426, 38.194497 ], [ -122.535711, 38.203617 ], [ -122.521792, 38.205368 ], [ -122.511823, 38.199055 ], [ -122.51034, 38.196436 ], [ -122.508327, 38.195106 ], [ -122.500905, 38.194592 ], [ -122.498528, 38.191748 ], [ -122.497, 38.191568 ], [ -122.493784, 38.189339 ], [ -122.486634, 38.187843 ], [ -122.485185, 38.186568 ], [ -122.481224, 38.18551 ], [ -122.480471, 38.184532 ], [ -122.474846, 38.182836 ], [ -122.471616, 38.180722 ], [ -122.469533, 38.177333 ], [ -122.460789, 38.171291 ], [ -122.45739, 38.170038 ], [ -122.453561, 38.175178 ], [ -122.447245, 38.177113 ], [ -122.445434, 38.179458 ], [ -122.450511, 38.178304 ], [ -122.456042, 38.18079 ], [ -122.46145, 38.184872 ], [ -122.463475, 38.185356 ], [ -122.461112, 38.188027 ], [ -122.458045, 38.189958 ], [ -122.498391, 38.222877 ], [ -122.495444, 38.225418 ], [ -122.502459, 38.238773 ], [ -122.507615, 38.237065 ], [ -122.505437, 38.240024 ], [ -122.505393, 38.242675 ], [ -122.500218, 38.247664 ], [ -122.503159, 38.246703 ], [ -122.507394, 38.247293 ], [ -122.512323, 38.254844 ], [ -122.524888, 38.261151 ], [ -122.533451, 38.262812 ], [ -122.535797, 38.265166 ], [ -122.545901, 38.271122 ], [ -122.546117, 38.272665 ], [ -122.549817, 38.274506 ], [ -122.551071, 38.276232 ], [ -122.563219, 38.285347 ], [ -122.559942, 38.287649 ], [ -122.555342, 38.288467 ], [ -122.553619, 38.29384 ], [ -122.567606, 38.31286 ], [ -122.572684, 38.316201 ], [ -122.573573, 38.31753 ], [ -122.574568, 38.324861 ] ], [ [ -122.512793, 38.338613 ], [ -122.51692, 38.339224 ], [ -122.520335, 38.341677 ], [ -122.524159, 38.338815 ], [ -122.527502, 38.339037 ], [ -122.530113, 38.340201 ], [ -122.535098, 38.338817 ], [ -122.535258, 38.336779 ], [ -122.537461, 38.337733 ], [ -122.538665, 38.337312 ], [ -122.537441, 38.334634 ], [ -122.535395, 38.332738 ], [ -122.535209, 38.33136 ], [ -122.533748, 38.330146 ], [ -122.535349, 38.329286 ], [ -122.534066, 38.327939 ], [ -122.535705, 38.325669 ], [ -122.534838, 38.325195 ], [ -122.533153, 38.326095 ], [ -122.531384, 38.32545 ], [ -122.531568, 38.326624 ], [ -122.529909, 38.325557 ], [ -122.529043, 38.326202 ], [ -122.525693, 38.325113 ], [ -122.524495, 38.326896 ], [ -122.52488, 38.329664 ], [ -122.526639, 38.331733 ], [ -122.524905, 38.332559 ], [ -122.523736, 38.335302 ], [ -122.524617, 38.336279 ], [ -122.518594, 38.336276 ], [ -122.517348, 38.334125 ], [ -122.51419, 38.335259 ], [ -122.513832, 38.337088 ], [ -122.51193, 38.337119 ], [ -122.512793, 38.338613 ] ] ] } },
{ "type": "Feature", "properties": { "zip": "95421" }, "geometry": { "type": "Polygon", "coordinates": [ [ [ -123.366539, 38.614379 ], [ -123.356743, 38.624499 ], [ -123.360015, 38.626674 ], [ -123.360015, 38.628508 ], [ -123.350501, 38.628469 ], [ -123.350451, 38.632331 ], [ -123.349126, 38.632307 ], [ -123.353001, 38.633764 ], [ -123.352594, 38.634524 ], [ -123.349353, 38.633625 ], [ -123.351895, 38.636495 ], [ -123.353623, 38.637117 ], [ -123.353755, 38.638595 ], [ -123.356797, 38.640593 ], [ -123.35881, 38.640995 ], [ -123.359401, 38.642657 ], [ -123.358168, 38.644526 ], [ -123.356922, 38.644583 ], [ -123.356194, 38.643265 ], [ -123.354248, 38.643299 ], [ -123.353971, 38.645715 ], [ -123.35247, 38.648572 ], [ -123.350015, 38.650138 ], [ -123.359918, 38.650793 ], [ -123.359111, 38.653245 ], [ -123.359885, 38.653974 ], [ -123.362854, 38.653228 ], [ -123.36458, 38.651753 ], [ -123.364378, 38.652574 ], [ -123.361218, 38.655239 ], [ -123.358504, 38.655439 ], [ -123.357025, 38.653855 ], [ -123.356047, 38.654549 ], [ -123.355125, 38.653779 ], [ -123.353486, 38.654155 ], [ -123.353285, 38.653369 ], [ -123.347668, 38.655732 ], [ -123.345169, 38.655269 ], [ -123.343391, 38.657112 ], [ -123.34143, 38.656434 ], [ -123.341421, 38.654849 ], [ -123.337801, 38.654714 ], [ -123.339144, 38.655868 ], [ -123.338195, 38.65842 ], [ -123.335752, 38.660114 ], [ -123.333672, 38.659895 ], [ -123.328793, 38.664154 ], [ -123.325333, 38.660459 ], [ -123.321711, 38.661448 ], [ -123.317732, 38.656236 ], [ -123.318152, 38.654719 ], [ -123.315924, 38.654604 ], [ -123.315602, 38.652544 ], [ -123.313493, 38.652071 ], [ -123.313486, 38.651198 ], [ -123.310292, 38.650901 ], [ -123.309528, 38.647138 ], [ -123.306054, 38.647022 ], [ -123.306341, 38.644852 ], [ -123.304429, 38.643122 ], [ -123.300219, 38.643127 ], [ -123.2962, 38.6381 ], [ -123.292635, 38.635319 ], [ -123.289925, 38.634209 ], [ -123.286773, 38.635499 ], [ -123.284588, 38.63368 ], [ -123.280071, 38.634009 ], [ -123.276479, 38.631843 ], [ -123.263672, 38.631126 ], [ -123.250426, 38.63235 ], [ -123.250177, 38.63352 ], [ -123.251502, 38.634584 ], [ -123.250338, 38.636059 ], [ -123.251781, 38.638753 ], [ -123.254827, 38.641748 ], [ -123.262087, 38.645953 ], [ -123.261882, 38.647687 ], [ -123.263607, 38.648929 ], [ -123.264186, 38.650386 ], [ -123.26372, 38.651446 ], [ -123.266448, 38.653972 ], [ -123.265201, 38.653874 ], [ -123.262765, 38.655446 ], [ -123.262963, 38.657315 ], [ -123.262097, 38.659074 ], [ -123.258576, 38.659928 ], [ -123.257919, 38.661805 ], [ -123.252747, 38.663983 ], [ -123.247562, 38.668655 ], [ -123.245151, 38.669134 ], [ -123.245198, 38.675547 ], [ -123.242645, 38.677358 ], [ -123.23577, 38.674635 ], [ -123.233215, 38.671309 ], [ -123.234217, 38.662522 ], [ -123.232602, 38.65998 ], [ -123.230348, 38.659907 ], [ -123.228723, 38.662262 ], [ -123.226154, 38.661443 ], [ -123.224763, 38.659339 ], [ -123.224176, 38.660776 ], [ -123.223012, 38.661067 ], [ -123.220432, 38.659759 ], [ -123.22242, 38.659201 ], [ -123.219108, 38.657862 ], [ -123.218038, 38.658387 ], [ -123.218394, 38.657004 ], [ -123.21403, 38.652769 ], [ -123.21544, 38.650646 ], [ -123.214667, 38.649441 ], [ -123.214996, 38.645758 ], [ -123.215761, 38.645428 ], [ -123.215263, 38.641896 ], [ -123.214169, 38.64038 ], [ -123.214504, 38.639203 ], [ -123.213777, 38.639916 ], [ -123.214886, 38.6438 ], [ -123.213961, 38.645569 ], [ -123.214026, 38.650271 ], [ -123.211504, 38.651261 ], [ -123.210713, 38.652349 ], [ -123.209592, 38.65208 ], [ -123.209718, 38.650712 ], [ -123.208702, 38.649789 ], [ -123.206159, 38.649954 ], [ -123.205374, 38.648751 ], [ -123.202207, 38.648351 ], [ -123.198935, 38.645253 ], [ -123.195587, 38.649681 ], [ -123.192512, 38.650433 ], [ -123.191055, 38.652263 ], [ -123.185044, 38.65407 ], [ -123.183909, 38.655114 ], [ -123.177806, 38.656097 ], [ -123.176699, 38.657965 ], [ -123.174134, 38.66448 ], [ -123.189162, 38.664389 ], [ -123.188868, 38.666739 ], [ -123.190746, 38.669026 ], [ -123.195945, 38.672359 ], [ -123.192578, 38.67228 ], [ -123.189696, 38.671038 ], [ -123.183431, 38.672652 ], [ -123.182071, 38.673681 ], [ -123.180335, 38.67237 ], [ -123.17815, 38.671973 ], [ -123.171619, 38.671905 ], [ -123.169979, 38.674094 ], [ -123.166274, 38.675317 ], [ -123.162579, 38.673823 ], [ -123.160628, 38.674369 ], [ -123.157787, 38.672714 ], [ -123.154231, 38.673839 ], [ -123.149844, 38.673253 ], [ -123.149335, 38.674451 ], [ -123.146931, 38.675082 ], [ -123.140296, 38.673357 ], [ -123.139149, 38.676381 ], [ -123.14066, 38.679043 ], [ -123.139086, 38.679962 ], [ -123.13525, 38.677002 ], [ -123.129675, 38.67743 ], [ -123.126471, 38.678593 ], [ -123.124224, 38.681081 ], [ -123.122013, 38.678994 ], [ -123.113783, 38.677545 ], [ -123.111062, 38.677867 ], [ -123.108512, 38.680591 ], [ -123.104718, 38.681423 ], [ -123.110424, 38.682244 ], [ -123.106717, 38.683024 ], [ -123.105099, 38.68263 ], [ -123.099799, 38.677739 ], [ -123.101006, 38.674909 ], [ -123.099177, 38.67098 ], [ -123.093633, 38.669366 ], [ -123.090899, 38.666983 ], [ -123.090432, 38.665123 ], [ -123.08771, 38.665407 ], [ -123.085301, 38.663979 ], [ -123.084927, 38.662453 ], [ -123.082729, 38.66057 ], [ -123.079495, 38.659396 ], [ -123.077291, 38.656513 ], [ -123.080451, 38.65058 ], [ -123.104233, 38.65175 ], [ -123.105811, 38.650796 ], [ -123.107901, 38.651442 ], [ -123.1088, 38.645249 ], [ -123.109901, 38.645751 ], [ -123.114135, 38.642637 ], [ -123.112594, 38.641176 ], [ -123.109829, 38.641801 ], [ -123.1093, 38.638205 ], [ -123.110391, 38.637275 ], [ -123.107767, 38.634323 ], [ -123.107863, 38.631483 ], [ -123.102692, 38.627155 ], [ -123.101444, 38.625101 ], [ -123.094853, 38.62295 ], [ -123.093172, 38.620808 ], [ -123.09252, 38.618385 ], [ -123.093096, 38.615023 ], [ -123.08872, 38.609519 ], [ -123.089303, 38.607689 ], [ -123.090982, 38.606475 ], [ -123.089678, 38.60224 ], [ -123.090573, 38.600207 ], [ -123.089396, 38.597471 ], [ -123.086056, 38.595093 ], [ -123.08376, 38.596841 ], [ -123.073924, 38.591958 ], [ -123.071229, 38.591777 ], [ -123.067953, 38.593843 ], [ -123.064159, 38.592854 ], [ -123.061982, 38.589865 ], [ -123.062232, 38.58845 ], [ -123.065143, 38.58624 ], [ -123.066334, 38.58271 ], [ -123.065792, 38.580549 ], [ -123.062773, 38.577906 ], [ -123.058902, 38.578049 ], [ -123.050973, 38.573134 ], [ -123.049767, 38.570806 ], [ -123.050352, 38.568741 ], [ -123.049702, 38.56617 ], [ -123.051416, 38.564813 ], [ -123.053131, 38.565253 ], [ -123.053936, 38.562363 ], [ -123.053327, 38.560836 ], [ -123.05649, 38.559298 ], [ -123.059786, 38.554826 ], [ -123.062193, 38.554524 ], [ -123.064207, 38.55164 ], [ -123.067111, 38.550991 ], [ -123.068146, 38.550002 ], [ -123.069279, 38.546618 ], [ -123.072776, 38.542454 ], [ -123.072657, 38.540031 ], [ -123.071482, 38.538449 ], [ -123.072156, 38.535913 ], [ -123.071342, 38.537096 ], [ -123.06766, 38.536244 ], [ -123.068982, 38.534887 ], [ -123.065093, 38.535861 ], [ -123.065667, 38.534049 ], [ -123.061281, 38.536979 ], [ -123.055385, 38.536329 ], [ -123.052915, 38.534325 ], [ -123.050762, 38.531133 ], [ -123.049502, 38.526392 ], [ -123.044127, 38.522925 ], [ -123.041651, 38.522577 ], [ -123.039377, 38.519531 ], [ -123.039731, 38.517849 ], [ -123.037112, 38.51648 ], [ -123.036882, 38.512881 ], [ -123.035974, 38.511465 ], [ -123.036675, 38.498647 ], [ -123.038561, 38.498753 ], [ -123.036551, 38.498204 ], [ -123.035376, 38.495623 ], [ -123.034304, 38.488438 ], [ -123.032903, 38.489975 ], [ -123.030432, 38.487412 ], [ -123.046176, 38.487669 ], [ -123.046109, 38.48393 ], [ -123.041845, 38.483783 ], [ -123.041469, 38.466748 ], [ -123.049448, 38.467295 ], [ -123.050322, 38.466048 ], [ -123.049936, 38.465498 ], [ -123.053152, 38.463604 ], [ -123.053719, 38.460857 ], [ -123.050505, 38.456494 ], [ -123.050004, 38.453927 ], [ -123.053247, 38.453217 ], [ -123.05521, 38.455244 ], [ -123.059229, 38.457476 ], [ -123.060287, 38.463376 ], [ -123.066028, 38.469957 ], [ -123.068757, 38.470926 ], [ -123.070031, 38.472749 ], [ -123.068215, 38.475599 ], [ -123.069407, 38.475613 ], [ -123.069814, 38.477124 ], [ -123.071824, 38.478337 ], [ -123.074823, 38.478634 ], [ -123.07615, 38.479944 ], [ -123.078017, 38.480369 ], [ -123.080087, 38.482254 ], [ -123.083171, 38.483 ], [ -123.08522, 38.481773 ], [ -123.095211, 38.484214 ], [ -123.10907, 38.480736 ], [ -123.116976, 38.476896 ], [ -123.118066, 38.475512 ], [ -123.11719, 38.47343 ], [ -123.1182, 38.470345 ], [ -123.121497, 38.469493 ], [ -123.124166, 38.471452 ], [ -123.130542, 38.47364 ], [ -123.139114, 38.47503 ], [ -123.143111, 38.478951 ], [ -123.144985, 38.478308 ], [ -123.151522, 38.479012 ], [ -123.148774, 38.48857 ], [ -123.142753, 38.501052 ], [ -123.17992, 38.521591 ], [ -123.180221, 38.526147 ], [ -123.175616, 38.5261 ], [ -123.177459, 38.526424 ], [ -123.181866, 38.530254 ], [ -123.184989, 38.530768 ], [ -123.186554, 38.529292 ], [ -123.193239, 38.526101 ], [ -123.196574, 38.527839 ], [ -123.200371, 38.528654 ], [ -123.20472, 38.526175 ], [ -123.205258, 38.527312 ], [ -123.207558, 38.527047 ], [ -123.208709, 38.52816 ], [ -123.210992, 38.525381 ], [ -123.214807, 38.529992 ], [ -123.218686, 38.532583 ], [ -123.219236, 38.533743 ], [ -123.221359, 38.534363 ], [ -123.223281, 38.533138 ], [ -123.225942, 38.529697 ], [ -123.227553, 38.526127 ], [ -123.231137, 38.525257 ], [ -123.23196, 38.523804 ], [ -123.234836, 38.523903 ], [ -123.235468, 38.525373 ], [ -123.238772, 38.525135 ], [ -123.24095, 38.52381 ], [ -123.245455, 38.527673 ], [ -123.254359, 38.533028 ], [ -123.257486, 38.531711 ], [ -123.252007, 38.548836 ], [ -123.254025, 38.549873 ], [ -123.256449, 38.553175 ], [ -123.262893, 38.554181 ], [ -123.26426, 38.556025 ], [ -123.267142, 38.556115 ], [ -123.270944, 38.554693 ], [ -123.273887, 38.555166 ], [ -123.276917, 38.558532 ], [ -123.278572, 38.55918 ], [ -123.27912, 38.560844 ], [ -123.2829, 38.563584 ], [ -123.282671, 38.572319 ], [ -123.287851, 38.572813 ], [ -123.287627, 38.573872 ], [ -123.289268, 38.576603 ], [ -123.29488, 38.581908 ], [ -123.297709, 38.579726 ], [ -123.295008, 38.574177 ], [ -123.295686, 38.571997 ], [ -123.299075, 38.574534 ], [ -123.300797, 38.573755 ], [ -123.304359, 38.574349 ], [ -123.305702, 38.573593 ], [ -123.31189, 38.575993 ], [ -123.315613, 38.574968 ], [ -123.319282, 38.569598 ], [ -123.320891, 38.569104 ], [ -123.324532, 38.570469 ], [ -123.327556, 38.572914 ], [ -123.331951, 38.573442 ], [ -123.333524, 38.574476 ], [ -123.334789, 38.57746 ], [ -123.333737, 38.57832 ], [ -123.33185, 38.577698 ], [ -123.33337, 38.579218 ], [ -123.332192, 38.581132 ], [ -123.334023, 38.582885 ], [ -123.33742, 38.583843 ], [ -123.336562, 38.585501 ], [ -123.340219, 38.586932 ], [ -123.341076, 38.589943 ], [ -123.349652, 38.599031 ], [ -123.350065, 38.600355 ], [ -123.361468, 38.606194 ], [ -123.364982, 38.613161 ], [ -123.366539, 38.614379 ] ] ] } },
{ "type": "Feature", "properties": { "zip": "94129" }, "geometry": { "type": "Polygon", "coordinates": [ [ [ -122.485757214250995, 37.790679114676799 ], [ -122.480296, 37.801293 ], [ -122.478171, 37.808353 ], [ -122.476785, 37.80944 ], [ -122.470701, 37.80855 ], [ -122.463793, 37.804653 ], [ -122.448481951551003, 37.806023713434499 ], [ -122.44946, 37.802454 ], [ -122.44782, 37.801633 ], [ -122.446344, 37.792164 ], [ -122.44772, 37.791894 ], [ -122.44794, 37.792904 ], [ -122.449426, 37.791637 ], [ -122.475547, 37.786782 ], [ -122.484146, 37.787665 ], [ -122.484072, 37.789515 ], [ -122.485757214250995, 37.790679114676799 ] ] ] } },
{ "type": "Feature", "properties": { "zip": "94550" }, "geometry": { "type": "Polygon", "coordinates": [ [ [ -121.826291, 37.67279 ], [ -121.823733, 37.673454 ], [ -121.823729, 37.674154 ], [ -121.787481, 37.678106 ], [ -121.788118, 37.678954 ], [ -121.764867, 37.685891 ], [ -121.758839, 37.68665 ], [ -121.761728, 37.685109 ], [ -121.744545, 37.69102 ], [ -121.742346, 37.689424 ], [ -121.744422, 37.69107 ], [ -121.719538, 37.701314 ], [ -121.720535, 37.702799 ], [ -121.719286, 37.701409 ], [ -121.702324, 37.708382 ], [ -121.698853, 37.710942 ], [ -121.698925, 37.70968 ], [ -121.697021, 37.705493 ], [ -121.698656, 37.709671 ], [ -121.69668, 37.715656 ], [ -121.69661, 37.718514 ], [ -121.681105, 37.721753 ], [ -121.675405, 37.721126 ], [ -121.670564, 37.718543 ], [ -121.665206, 37.717951 ], [ -121.646511, 37.725489 ], [ -121.637115, 37.7276 ], [ -121.632907, 37.731958 ], [ -121.629502, 37.734201 ], [ -121.627038, 37.731814 ], [ -121.621387, 37.731238 ], [ -121.608699, 37.732274 ], [ -121.605019, 37.734139 ], [ -121.602921, 37.733204 ], [ -121.597685, 37.725449 ], [ -121.596127, 37.724389 ], [ -121.593728, 37.724346 ], [ -121.590756, 37.725811 ], [ -121.587764, 37.725339 ], [ -121.58544, 37.722871 ], [ -121.581495, 37.721466 ], [ -121.575277, 37.723549 ], [ -121.572708, 37.725751 ], [ -121.570087, 37.726641 ], [ -121.568121, 37.726256 ], [ -121.568034, 37.725436 ], [ -121.565109, 37.723154 ], [ -121.562881, 37.719132 ], [ -121.561662, 37.714887 ], [ -121.56773, 37.714899 ], [ -121.568189, 37.712949 ], [ -121.573509, 37.709407 ], [ -121.576337, 37.706035 ], [ -121.581802, 37.702953 ], [ -121.585051, 37.698576 ], [ -121.587593, 37.697261 ], [ -121.589097, 37.69737 ], [ -121.589395, 37.695978 ], [ -121.592015, 37.693283 ], [ -121.592493, 37.691212 ], [ -121.593842, 37.690779 ], [ -121.597163, 37.687056 ], [ -121.600065, 37.686356 ], [ -121.607929, 37.687438 ], [ -121.624888, 37.686427 ], [ -121.629519, 37.686826 ], [ -121.628624, 37.685087 ], [ -121.629734, 37.684689 ], [ -121.624935, 37.682582 ], [ -121.623709, 37.679035 ], [ -121.622281, 37.672709 ], [ -121.623617, 37.672114 ], [ -121.625328, 37.669732 ], [ -121.618239, 37.666578 ], [ -121.609861, 37.668131 ], [ -121.60904, 37.667056 ], [ -121.605477, 37.666327 ], [ -121.605492, 37.664747 ], [ -121.556957, 37.664226 ], [ -121.556655, 37.542732 ], [ -121.550454, 37.539332 ], [ -121.548355, 37.535932 ], [ -121.546854, 37.535032 ], [ -121.545754, 37.532532 ], [ -121.541833, 37.530215 ], [ -121.533616, 37.528887 ], [ -121.529897, 37.527048 ], [ -121.528817, 37.52806 ], [ -121.523862, 37.526212 ], [ -121.522328, 37.524705 ], [ -121.519134, 37.524447 ], [ -121.516749, 37.525512 ], [ -121.507883, 37.524774 ], [ -121.50442, 37.525863 ], [ -121.501475, 37.525003 ], [ -121.498268, 37.522427 ], [ -121.49958, 37.52014 ], [ -121.502371, 37.51847 ], [ -121.497232, 37.512463 ], [ -121.496676, 37.509211 ], [ -121.495521, 37.508659 ], [ -121.495213, 37.50686 ], [ -121.496017, 37.504938 ], [ -121.493183, 37.502421 ], [ -121.482065, 37.501439 ], [ -121.479362, 37.496484 ], [ -121.475897, 37.495272 ], [ -121.469214, 37.48936 ], [ -121.471198, 37.485034 ], [ -121.47106, 37.483317 ], [ -121.474527, 37.479344 ], [ -121.476342, 37.480294 ], [ -121.478885, 37.479714 ], [ -121.48341, 37.475423 ], [ -121.486775, 37.475652 ], [ -121.484252, 37.466032 ], [ -121.474509, 37.461526 ], [ -121.473452, 37.460169 ], [ -121.473089, 37.456764 ], [ -121.469554, 37.455743 ], [ -121.468933, 37.453875 ], [ -121.467179, 37.453341 ], [ -121.465332, 37.454549 ], [ -121.464022, 37.453838 ], [ -121.464052, 37.452477 ], [ -121.462917, 37.451489 ], [ -121.462655, 37.448438 ], [ -121.463476, 37.445692 ], [ -121.462151, 37.442334 ], [ -121.46186, 37.438799 ], [ -121.464139, 37.437603 ], [ -121.469936, 37.430872 ], [ -121.470338, 37.427709 ], [ -121.468758, 37.425285 ], [ -121.472204, 37.424131 ], [ -121.472606, 37.423345 ], [ -121.466251, 37.415034 ], [ -121.463551, 37.415934 ], [ -121.456351, 37.406735 ], [ -121.455651, 37.401035 ], [ -121.458251, 37.398135 ], [ -121.456651, 37.395535 ], [ -121.45155, 37.394635 ], [ -121.449804, 37.392288 ], [ -121.448163, 37.391677 ], [ -121.444583, 37.393361 ], [ -121.442744, 37.392763 ], [ -121.436085, 37.39613 ], [ -121.43155, 37.394235 ], [ -121.42405, 37.393635 ], [ -121.41945, 37.390735 ], [ -121.412549, 37.389435 ], [ -121.412156, 37.387272 ], [ -121.410629, 37.386108 ], [ -121.409075, 37.380672 ], [ -121.411051, 37.378379 ], [ -121.415849, 37.375916 ], [ -121.41929, 37.364445 ], [ -121.4225, 37.363091 ], [ -121.42365, 37.358837 ], [ -121.41981, 37.352807 ], [ -121.419549, 37.35112 ], [ -121.42046, 37.350467 ], [ -121.420596, 37.347765 ], [ -121.419821, 37.34654 ], [ -121.42075, 37.344737 ], [ -121.40915, 37.330637 ], [ -121.41115, 37.327537 ], [ -121.410218, 37.325061 ], [ -121.411939, 37.324445 ], [ -121.409398, 37.321464 ], [ -121.40748, 37.313114 ], [ -121.406334, 37.312762 ], [ -121.405753, 37.31099 ], [ -121.407519, 37.309837 ], [ -121.408942, 37.309877 ], [ -121.418115, 37.303416 ], [ -121.42275, 37.299138 ], [ -121.423452, 37.295287 ], [ -121.427244, 37.295914 ], [ -121.431391, 37.294994 ], [ -121.434017, 37.292934 ], [ -121.436816, 37.291971 ], [ -121.44112, 37.293857 ], [ -121.443551, 37.296638 ], [ -121.44965, 37.293939 ], [ -121.448918, 37.290094 ], [ -121.452973, 37.286735 ], [ -121.454009, 37.28405 ], [ -121.458051, 37.284139 ], [ -121.459068, 37.282319 ], [ -121.453966, 37.277184 ], [ -121.45479, 37.273973 ], [ -121.482718, 37.273716 ], [ -121.483501, 37.274918 ], [ -121.489856, 37.275214 ], [ -121.486844, 37.273237 ], [ -121.485823, 37.268194 ], [ -121.482921, 37.266877 ], [ -121.480342, 37.264461 ], [ -121.480085, 37.258593 ], [ -121.48071, 37.257687 ], [ -121.479431, 37.257033 ], [ -121.478447, 37.254435 ], [ -121.479807, 37.2536 ], [ -121.480529, 37.254165 ], [ -121.482556, 37.252835 ], [ -121.484102, 37.252494 ], [ -121.483738, 37.253813 ], [ -121.486364, 37.254163 ], [ -121.486282, 37.255443 ], [ -121.487458, 37.256443 ], [ -121.490806, 37.257639 ], [ -121.489377, 37.258095 ], [ -121.489825, 37.259227 ], [ -121.491529, 37.258864 ], [ -121.491495, 37.259858 ], [ -121.492781, 37.260253 ], [ -121.495447, 37.259323 ], [ -121.500692, 37.259865 ], [ -121.503035, 37.259199 ], [ -121.504711, 37.260441 ], [ -121.50733, 37.260102 ], [ -121.513033, 37.263769 ], [ -121.513746, 37.266186 ], [ -121.516157, 37.267962 ], [ -121.518424, 37.271567 ], [ -121.51859, 37.273506 ], [ -121.555399, 37.273814 ], [ -121.555772, 37.275293 ], [ -121.53445, 37.275275 ], [ -121.535944, 37.278885 ], [ -121.537827, 37.280253 ], [ -121.537971, 37.283434 ], [ -121.540094, 37.286662 ], [ -121.538505, 37.288455 ], [ -121.545566, 37.295774 ], [ -121.548179, 37.293921 ], [ -121.548032, 37.291534 ], [ -121.549899, 37.290908 ], [ -121.551805, 37.288842 ], [ -121.553258, 37.289175 ], [ -121.555431, 37.287335 ], [ -121.55739, 37.288655 ], [ -121.561722, 37.288234 ], [ -121.563892, 37.293184 ], [ -121.566036, 37.2946 ], [ -121.567571, 37.298359 ], [ -121.567744, 37.303353 ], [ -121.564374, 37.305046 ], [ -121.561661, 37.30534 ], [ -121.552196, 37.304869 ], [ -121.549829, 37.305491 ], [ -121.549293, 37.307133 ], [ -121.547893, 37.307772 ], [ -121.546753, 37.306562 ], [ -121.54624, 37.30931 ], [ -121.54699, 37.30982 ], [ -121.54445, 37.31246 ], [ -121.54588, 37.31571 ], [ -121.5386, 37.318395 ], [ -121.540424, 37.319777 ], [ -121.537902, 37.325998 ], [ -121.535036, 37.327523 ], [ -121.535341, 37.328581 ], [ -121.533694, 37.333602 ], [ -121.529709, 37.336002 ], [ -121.53219, 37.33822 ], [ -121.5281, 37.33852 ], [ -121.52587, 37.34213 ], [ -121.5272, 37.34233 ], [ -121.52802, 37.34384 ], [ -121.534066, 37.347118 ], [ -121.537481, 37.350706 ], [ -121.539707, 37.351778 ], [ -121.54301, 37.35272 ], [ -121.5435, 37.35154 ], [ -121.54483, 37.35163 ], [ -121.54487, 37.35047 ], [ -121.552478, 37.354165 ], [ -121.555404, 37.353693 ], [ -121.562035, 37.354978 ], [ -121.56453, 37.356463 ], [ -121.56726, 37.356018 ], [ -121.572395, 37.35803 ], [ -121.573113, 37.359285 ], [ -121.57195, 37.36122 ], [ -121.57505, 37.36285 ], [ -121.578937, 37.362562 ], [ -121.580251, 37.364322 ], [ -121.580582, 37.366536 ], [ -121.57957, 37.367794 ], [ -121.580555, 37.370217 ], [ -121.579902, 37.3732 ], [ -121.581316, 37.374938 ], [ -121.581461, 37.376597 ], [ -121.58485, 37.37932 ], [ -121.58475, 37.38044 ], [ -121.58703, 37.38344 ], [ -121.58629, 37.38432 ], [ -121.58713, 37.38939 ], [ -121.58974, 37.39255 ], [ -121.59141, 37.39334 ], [ -121.59242, 37.39562 ], [ -121.59661, 37.40006 ], [ -121.6012, 37.40011 ], [ -121.60269, 37.39851 ], [ -121.60277, 37.40188 ], [ -121.60437, 37.40372 ], [ -121.603832, 37.404509 ], [ -121.591345, 37.404561 ], [ -121.591731, 37.439569 ], [ -121.594596, 37.44224 ], [ -121.596346, 37.44192 ], [ -121.596657, 37.443948 ], [ -121.598724, 37.445326 ], [ -121.599994, 37.449072 ], [ -121.603681, 37.450912 ], [ -121.603565, 37.451642 ], [ -121.601546, 37.451874 ], [ -121.598583, 37.453874 ], [ -121.598177, 37.455533 ], [ -121.596924, 37.456599 ], [ -121.596836, 37.460863 ], [ -121.594329, 37.464588 ], [ -121.596121, 37.465587 ], [ -121.596943, 37.469416 ], [ -121.596171, 37.47107 ], [ -121.59744, 37.47135 ], [ -121.598709, 37.474074 ], [ -121.601171, 37.476617 ], [ -121.606205, 37.478758 ], [ -121.606868, 37.481362 ], [ -121.608284, 37.482633 ], [ -121.660944, 37.482831 ], [ -121.662478, 37.484927 ], [ -121.662666, 37.487111 ], [ -121.665419, 37.489091 ], [ -121.667344, 37.489482 ], [ -121.670366, 37.492278 ], [ -121.671487, 37.499379 ], [ -121.673142, 37.501203 ], [ -121.670716, 37.501957 ], [ -121.672613, 37.503641 ], [ -121.673005, 37.505593 ], [ -121.676197, 37.508042 ], [ -121.678287, 37.512075 ], [ -121.676718, 37.512446 ], [ -121.677245, 37.514306 ], [ -121.676215, 37.51622 ], [ -121.676694, 37.517371 ], [ -121.675439, 37.518448 ], [ -121.675321, 37.520159 ], [ -121.682307, 37.530262 ], [ -121.680966, 37.531199 ], [ -121.678511, 37.528804 ], [ -121.677494, 37.53315 ], [ -121.67613, 37.53444 ], [ -121.676477, 37.53768 ], [ -121.675029, 37.539101 ], [ -121.678487, 37.540448 ], [ -121.677098, 37.542077 ], [ -121.683178, 37.54749 ], [ -121.687205, 37.547233 ], [ -121.688342, 37.546402 ], [ -121.690878, 37.547192 ], [ -121.69193, 37.548519 ], [ -121.694405, 37.548432 ], [ -121.694474, 37.54779 ], [ -121.698067, 37.552345 ], [ -121.700668, 37.552958 ], [ -121.700797, 37.556191 ], [ -121.703124, 37.558209 ], [ -121.70752, 37.559671 ], [ -121.711482, 37.564843 ], [ -121.713687, 37.564578 ], [ -121.715478, 37.566766 ], [ -121.719956, 37.569271 ], [ -121.719423, 37.573312 ], [ -121.720772, 37.574548 ], [ -121.721059, 37.576863 ], [ -121.72197, 37.577587 ], [ -121.725572, 37.577477 ], [ -121.728271, 37.580496 ], [ -121.730833, 37.581394 ], [ -121.732294, 37.58448 ], [ -121.736994, 37.584751 ], [ -121.737955, 37.585942 ], [ -121.733844, 37.586296 ], [ -121.73235, 37.591323 ], [ -121.7302, 37.592679 ], [ -121.732628, 37.593276 ], [ -121.734654, 37.592652 ], [ -121.733462, 37.594109 ], [ -121.734889, 37.594452 ], [ -121.735213, 37.595577 ], [ -121.73353, 37.596641 ], [ -121.736914, 37.597918 ], [ -121.737556, 37.599066 ], [ -121.740743, 37.60089 ], [ -121.741273, 37.599573 ], [ -121.778568, 37.600409 ], [ -121.810202, 37.619755 ], [ -121.807815, 37.625675 ], [ -121.802276, 37.629466 ], [ -121.802072, 37.63398 ], [ -121.801514, 37.635452 ], [ -121.799568, 37.636717 ], [ -121.799048, 37.640324 ], [ -121.79986, 37.642431 ], [ -121.80454, 37.647594 ], [ -121.806084, 37.655553 ], [ -121.823801, 37.662487 ], [ -121.823756, 37.671082 ], [ -121.825378, 37.67049 ], [ -121.826291, 37.67279 ] ] ] } },
{ "type": "Feature", "properties": { "zip": "94552" }, "geometry": { "type": "Polygon", "coordinates": [ [ [ -122.12099, 37.792982 ], [ -122.119135, 37.794109 ], [ -122.116681, 37.799187 ], [ -122.115255, 37.799989 ], [ -122.113812, 37.802729 ], [ -122.112793, 37.802844 ], [ -122.045473, 37.798126 ], [ -122.030472, 37.787727 ], [ -122.021972, 37.784227 ], [ -122.017772, 37.781227 ], [ -122.014072, 37.780227 ], [ -121.997411, 37.76336 ], [ -122.010771, 37.755127 ], [ -122.011771, 37.747428 ], [ -122.001071, 37.739028 ], [ -121.995426, 37.738351 ], [ -121.988097, 37.733149 ], [ -121.980104, 37.731105 ], [ -121.971938, 37.730324 ], [ -121.971263, 37.729556 ], [ -121.975286, 37.726284 ], [ -121.974255, 37.725824 ], [ -121.973233, 37.727153 ], [ -121.971417, 37.726115 ], [ -121.971919, 37.722253 ], [ -121.97114, 37.721223 ], [ -121.973717, 37.720535 ], [ -121.975739, 37.71874 ], [ -121.975317, 37.714285 ], [ -121.972682, 37.712662 ], [ -121.973833, 37.709396 ], [ -121.987797, 37.709318 ], [ -121.987587, 37.700512 ], [ -121.979312, 37.698996 ], [ -121.979666, 37.698032 ], [ -121.973317, 37.697033 ], [ -121.976002, 37.696124 ], [ -121.974691, 37.695346 ], [ -121.976844, 37.689668 ], [ -121.983491, 37.689006 ], [ -121.979823, 37.680226 ], [ -121.976811, 37.675482 ], [ -121.974831, 37.674045 ], [ -121.973332, 37.674138 ], [ -121.967597, 37.671429 ], [ -121.963545, 37.671754 ], [ -121.963979, 37.669662 ], [ -121.966841, 37.667324 ], [ -121.967851, 37.663903 ], [ -121.963697, 37.663159 ], [ -121.95983, 37.659922 ], [ -121.96042, 37.658959 ], [ -121.959461, 37.657821 ], [ -121.953273, 37.653213 ], [ -121.951418, 37.653936 ], [ -121.949819, 37.652989 ], [ -121.945035, 37.647334 ], [ -121.942667, 37.645675 ], [ -121.941442, 37.643976 ], [ -121.941739, 37.643201 ], [ -121.93934, 37.642452 ], [ -121.938694, 37.640228 ], [ -121.935293, 37.63815 ], [ -121.934143, 37.634903 ], [ -121.931614, 37.632273 ], [ -121.930989, 37.630538 ], [ -121.927621, 37.628664 ], [ -121.927524, 37.607292 ], [ -121.931971, 37.607263 ], [ -121.931831, 37.592548 ], [ -121.934868, 37.591002 ], [ -121.936294, 37.591154 ], [ -121.938133, 37.59506 ], [ -121.938009, 37.597675 ], [ -121.939608, 37.598827 ], [ -121.946024, 37.59751 ], [ -121.949705, 37.598114 ], [ -121.951652, 37.597529 ], [ -121.957238, 37.591019 ], [ -121.957637, 37.589487 ], [ -121.967939, 37.598203 ], [ -121.966597, 37.595817 ], [ -121.977948, 37.594381 ], [ -121.983527, 37.599147 ], [ -121.986233, 37.59895 ], [ -121.987698, 37.599726 ], [ -121.983483, 37.602861 ], [ -121.986074, 37.605171 ], [ -121.993174, 37.606651 ], [ -121.995749, 37.606051 ], [ -121.999882, 37.608281 ], [ -122.007134, 37.60615 ], [ -122.011609, 37.608805 ], [ -122.009236, 37.608751 ], [ -122.005352, 37.611125 ], [ -122.005848, 37.611877 ], [ -122.004371, 37.61316 ], [ -122.003635, 37.615831 ], [ -122.001962, 37.616928 ], [ -122.003234, 37.622769 ], [ -122.002776, 37.624696 ], [ -122.006593, 37.627058 ], [ -122.002287, 37.627205 ], [ -121.999106, 37.629031 ], [ -121.998892, 37.630418 ], [ -121.996149, 37.631511 ], [ -121.991341, 37.630825 ], [ -121.990386, 37.633408 ], [ -121.986594, 37.634155 ], [ -121.986616, 37.650702 ], [ -121.996164, 37.650477 ], [ -121.99673, 37.658592 ], [ -122.000777, 37.658519 ], [ -122.000875, 37.662229 ], [ -122.003866, 37.662754 ], [ -122.00993, 37.666354 ], [ -122.005799, 37.673021 ], [ -122.01342, 37.67473 ], [ -122.020422, 37.674275 ], [ -122.022791, 37.672482 ], [ -122.028126, 37.679188 ], [ -122.03148, 37.678874 ], [ -122.028959, 37.676895 ], [ -122.029245, 37.674821 ], [ -122.031259, 37.674624 ], [ -122.032091, 37.675264 ], [ -122.029861, 37.675797 ], [ -122.029409, 37.676868 ], [ -122.031598, 37.678855 ], [ -122.040785, 37.679371 ], [ -122.043736, 37.686717 ], [ -122.047151, 37.689666 ], [ -122.047274, 37.690937 ], [ -122.044459, 37.69253 ], [ -122.044522, 37.695734 ], [ -122.049251, 37.693562 ], [ -122.057081, 37.693598 ], [ -122.058796, 37.692063 ], [ -122.06244, 37.691612 ], [ -122.062334, 37.692601 ], [ -122.060137, 37.693204 ], [ -122.058284, 37.695727 ], [ -122.057033, 37.695062 ], [ -122.056555, 37.6981 ], [ -122.055276, 37.699029 ], [ -122.054474, 37.701567 ], [ -122.055822, 37.703094 ], [ -122.055401, 37.703784 ], [ -122.056555, 37.704171 ], [ -122.055849, 37.706517 ], [ -122.055943, 37.711437 ], [ -122.057787, 37.711197 ], [ -122.059321, 37.712298 ], [ -122.058379, 37.714404 ], [ -122.059934, 37.714704 ], [ -122.058578, 37.718458 ], [ -122.063261, 37.717941 ], [ -122.062753, 37.719669 ], [ -122.063994, 37.720364 ], [ -122.063082, 37.720916 ], [ -122.062638, 37.723177 ], [ -122.064177, 37.723471 ], [ -122.061692, 37.729551 ], [ -122.059932, 37.738777 ], [ -122.062206, 37.748429 ], [ -122.063595, 37.749157 ], [ -122.062559, 37.749969 ], [ -122.063096, 37.75119 ], [ -122.067748, 37.756175 ], [ -122.070651, 37.756754 ], [ -122.068917, 37.757067 ], [ -122.0683, 37.758847 ], [ -122.06921, 37.759805 ], [ -122.068406, 37.762086 ], [ -122.076136, 37.762653 ], [ -122.078605, 37.761404 ], [ -122.080766, 37.759021 ], [ -122.081241, 37.759586 ], [ -122.081436, 37.758508 ], [ -122.08046, 37.757266 ], [ -122.081766, 37.75576 ], [ -122.079716, 37.749631 ], [ -122.07747, 37.749757 ], [ -122.077715, 37.748209 ], [ -122.080258, 37.749349 ], [ -122.088764, 37.756321 ], [ -122.090634, 37.76289 ], [ -122.092053, 37.764971 ], [ -122.094072, 37.764331 ], [ -122.090803, 37.77121 ], [ -122.089477, 37.772228 ], [ -122.093224, 37.776759 ], [ -122.092234, 37.780208 ], [ -122.092999, 37.781748 ], [ -122.096566, 37.782359 ], [ -122.094009, 37.783709 ], [ -122.093124, 37.788493 ], [ -122.094264, 37.788398 ], [ -122.096381, 37.785942 ], [ -122.096401, 37.784937 ], [ -122.098921, 37.784271 ], [ -122.102036, 37.784836 ], [ -122.103436, 37.787138 ], [ -122.106061, 37.788631 ], [ -122.107888, 37.788674 ], [ -122.112643, 37.787074 ], [ -122.115472, 37.782903 ], [ -122.116885, 37.784688 ], [ -122.118523, 37.789472 ], [ -122.121079, 37.791471 ], [ -122.12099, 37.792982 ] ] ] } },
{ "type": "Feature", "properties": { "zip": "94558" }, "geometry": { "type": "MultiPolygon", "coordinates": [ [ [ [ -122.310444, 38.220613 ], [ -122.306832, 38.225939 ], [ -122.303329, 38.22698 ], [ -122.304932, 38.228745 ], [ -122.303416, 38.231917 ], [ -122.307196, 38.235721 ], [ -122.306031, 38.236464 ], [ -122.308289, 38.238698 ], [ -122.295991, 38.245814 ], [ -122.30533, 38.248844 ], [ -122.306374, 38.258017 ], [ -122.303576, 38.254006 ], [ -122.301814, 38.249791 ], [ -122.300225, 38.248407 ], [ -122.285279, 38.244135 ], [ -122.284668, 38.245635 ], [ -122.28471, 38.253911 ], [ -122.283658, 38.256721 ], [ -122.283932, 38.258661 ], [ -122.286175, 38.259829 ], [ -122.286685, 38.261517 ], [ -122.284502, 38.265074 ], [ -122.286973, 38.270604 ], [ -122.286491, 38.272134 ], [ -122.283057, 38.274562 ], [ -122.281909, 38.278298 ], [ -122.285211, 38.281676 ], [ -122.274013, 38.28048 ], [ -122.273701, 38.27831 ], [ -122.268191, 38.278091 ], [ -122.267879, 38.27927 ], [ -122.267142, 38.279358 ], [ -122.265537, 38.279268 ], [ -122.265604, 38.277947 ], [ -122.252151, 38.27754 ], [ -122.251432, 38.274803 ], [ -122.255283, 38.272515 ], [ -122.254932, 38.268013 ], [ -122.271483, 38.268807 ], [ -122.270769, 38.263959 ], [ -122.271431, 38.253791 ], [ -122.267193, 38.240141 ], [ -122.253128, 38.228456 ], [ -122.253264, 38.222599 ], [ -122.257998, 38.223131 ], [ -122.256489, 38.211462 ], [ -122.267243, 38.21162 ], [ -122.265266, 38.208502 ], [ -122.280499, 38.205564 ], [ -122.280839, 38.201996 ], [ -122.283751, 38.201909 ], [ -122.306755, 38.209041 ], [ -122.309937, 38.215497 ], [ -122.310444, 38.220613 ] ] ], [ [ [ -122.497475, 38.424306 ], [ -122.493491, 38.42921 ], [ -122.494191, 38.43111 ], [ -122.491391, 38.43441 ], [ -122.487107, 38.431718 ], [ -122.485507, 38.437478 ], [ -122.484195, 38.438006 ], [ -122.479995, 38.443825 ], [ -122.456804, 38.442908 ], [ -122.45589, 38.425829 ], [ -122.437601, 38.431847 ], [ -122.442576, 38.441797 ], [ -122.43568, 38.446852 ], [ -122.431751, 38.447717 ], [ -122.42538, 38.446062 ], [ -122.416968, 38.452478 ], [ -122.414825, 38.450079 ], [ -122.407855, 38.455577 ], [ -122.409602, 38.459052 ], [ -122.411844, 38.460459 ], [ -122.410669, 38.464442 ], [ -122.412175, 38.46459 ], [ -122.398907, 38.47015 ], [ -122.400597, 38.475869 ], [ -122.404186, 38.479812 ], [ -122.404518, 38.483524 ], [ -122.405704, 38.484742 ], [ -122.404375, 38.486894 ], [ -122.402694, 38.487877 ], [ -122.398431, 38.486774 ], [ -122.391783, 38.487514 ], [ -122.386108, 38.485733 ], [ -122.376721, 38.480648 ], [ -122.372593, 38.480256 ], [ -122.37225, 38.479069 ], [ -122.37073, 38.479818 ], [ -122.370189, 38.481083 ], [ -122.366191, 38.480663 ], [ -122.364231, 38.48174 ], [ -122.360439, 38.481638 ], [ -122.357515, 38.483271 ], [ -122.356043, 38.482875 ], [ -122.355222, 38.480548 ], [ -122.358179, 38.480587 ], [ -122.357183, 38.479662 ], [ -122.357766, 38.478544 ], [ -122.355954, 38.478139 ], [ -122.35629, 38.476124 ], [ -122.354871, 38.475451 ], [ -122.356903, 38.47503 ], [ -122.358035, 38.473774 ], [ -122.358462, 38.470646 ], [ -122.361317, 38.470413 ], [ -122.361184, 38.468949 ], [ -122.354138, 38.465376 ], [ -122.348181, 38.46743 ], [ -122.345349, 38.465233 ], [ -122.33777, 38.465657 ], [ -122.307882, 38.464315 ], [ -122.300429, 38.46497 ], [ -122.301428, 38.478652 ], [ -122.243563, 38.475777 ], [ -122.243676, 38.485103 ], [ -122.247124, 38.49173 ], [ -122.246742, 38.494032 ], [ -122.25117, 38.496628 ], [ -122.253042, 38.496791 ], [ -122.256032, 38.498689 ], [ -122.256699, 38.500251 ], [ -122.244349, 38.499949 ], [ -122.24413, 38.507068 ], [ -122.252174, 38.507278 ], [ -122.252039, 38.535286 ], [ -122.253607, 38.535908 ], [ -122.25178, 38.53585 ], [ -122.250856, 38.550086 ], [ -122.260003, 38.550086 ], [ -122.260003, 38.562443 ], [ -122.279663, 38.56494 ], [ -122.279522, 38.577379 ], [ -122.328062, 38.580287 ], [ -122.328143, 38.609374 ], [ -122.327322, 38.627721 ], [ -122.322656, 38.624169 ], [ -122.322732, 38.622613 ], [ -122.321774, 38.621809 ], [ -122.316823, 38.619535 ], [ -122.305628, 38.618717 ], [ -122.298731, 38.621516 ], [ -122.296081, 38.620939 ], [ -122.29226, 38.618723 ], [ -122.289175, 38.618447 ], [ -122.289938, 38.619903 ], [ -122.289347, 38.62184 ], [ -122.290299, 38.623873 ], [ -122.289808, 38.626105 ], [ -122.288504, 38.626886 ], [ -122.290538, 38.63013 ], [ -122.289027, 38.632864 ], [ -122.291987, 38.633121 ], [ -122.291995, 38.634801 ], [ -122.293717, 38.636552 ], [ -122.295221, 38.635378 ], [ -122.296041, 38.637745 ], [ -122.292632, 38.636651 ], [ -122.292666, 38.638331 ], [ -122.296068, 38.64003 ], [ -122.295477, 38.640893 ], [ -122.299074, 38.647036 ], [ -122.302566, 38.649069 ], [ -122.306198, 38.654984 ], [ -122.303807, 38.648742 ], [ -122.302439, 38.648091 ], [ -122.307121, 38.64799 ], [ -122.307886, 38.648863 ], [ -122.31138, 38.649377 ], [ -122.315026, 38.652528 ], [ -122.3151, 38.656976 ], [ -122.316746, 38.65901 ], [ -122.320605, 38.658889 ], [ -122.325914, 38.663592 ], [ -122.327402, 38.663581 ], [ -122.329379, 38.665125 ], [ -122.330211, 38.668937 ], [ -122.330466, 38.665583 ], [ -122.332344, 38.667313 ], [ -122.333099, 38.670561 ], [ -122.334614, 38.672313 ], [ -122.338839, 38.675248 ], [ -122.344439, 38.6763 ], [ -122.354099, 38.685492 ], [ -122.350923, 38.687629 ], [ -122.354029, 38.686404 ], [ -122.355227, 38.687695 ], [ -122.354449, 38.690497 ], [ -122.357032, 38.69219 ], [ -122.360161, 38.692676 ], [ -122.361001, 38.694175 ], [ -122.37144, 38.699053 ], [ -122.37169, 38.70087 ], [ -122.370888, 38.702326 ], [ -122.372673, 38.705212 ], [ -122.379208, 38.705711 ], [ -122.381176, 38.70508 ], [ -122.380982, 38.719433 ], [ -122.390277, 38.719292 ], [ -122.389729, 38.733934 ], [ -122.394485, 38.734014 ], [ -122.393348, 38.730307 ], [ -122.399354, 38.7305 ], [ -122.399532, 38.726838 ], [ -122.41817, 38.727271 ], [ -122.418048, 38.730871 ], [ -122.413362, 38.730776 ], [ -122.413362, 38.741612 ], [ -122.408699, 38.741612 ], [ -122.408804, 38.752646 ], [ -122.427288, 38.752988 ], [ -122.415789, 38.768002 ], [ -122.402889, 38.772902 ], [ -122.408989, 38.776301 ], [ -122.410089, 38.785501 ], [ -122.412289, 38.785801 ], [ -122.397989, 38.804001 ], [ -122.379388, 38.802101 ], [ -122.373488, 38.817 ], [ -122.381988, 38.8338 ], [ -122.403886, 38.8556 ], [ -122.395056, 38.864245 ], [ -122.393456, 38.862939 ], [ -122.38984, 38.856811 ], [ -122.385248, 38.853787 ], [ -122.385184, 38.852475 ], [ -122.379536, 38.849243 ], [ -122.37696, 38.849211 ], [ -122.373584, 38.847179 ], [ -122.371552, 38.844651 ], [ -122.366656, 38.843212 ], [ -122.349968, 38.835756 ], [ -122.348624, 38.83606 ], [ -122.34208, 38.842076 ], [ -122.338336, 38.842172 ], [ -122.335439, 38.843468 ], [ -122.332671, 38.842364 ], [ -122.329759, 38.842364 ], [ -122.326207, 38.845932 ], [ -122.324047, 38.846252 ], [ -122.319967, 38.843852 ], [ -122.317647, 38.840796 ], [ -122.315359, 38.839468 ], [ -122.303007, 38.842396 ], [ -122.302447, 38.839852 ], [ -122.296031, 38.838684 ], [ -122.287998, 38.839931 ], [ -122.281647, 38.82462 ], [ -122.278783, 38.82206 ], [ -122.276607, 38.81862 ], [ -122.273983, 38.809437 ], [ -122.269279, 38.801869 ], [ -122.267023, 38.800701 ], [ -122.265599, 38.796797 ], [ -122.261807, 38.793165 ], [ -122.261535, 38.791005 ], [ -122.259647, 38.789917 ], [ -122.259775, 38.786253 ], [ -122.258334, 38.785532 ], [ -122.255695, 38.781134 ], [ -122.251983, 38.767726 ], [ -122.250063, 38.758334 ], [ -122.250111, 38.755262 ], [ -122.246943, 38.749855 ], [ -122.244415, 38.748799 ], [ -122.242607, 38.746367 ], [ -122.241487, 38.743151 ], [ -122.239503, 38.742975 ], [ -122.235135, 38.740223 ], [ -122.234831, 38.738543 ], [ -122.233503, 38.737823 ], [ -122.234175, 38.736879 ], [ -122.230191, 38.732191 ], [ -122.230815, 38.730783 ], [ -122.228319, 38.727487 ], [ -122.226463, 38.726687 ], [ -122.226943, 38.725471 ], [ -122.225038, 38.722335 ], [ -122.225673, 38.720971 ], [ -122.228415, 38.720623 ], [ -122.223038, 38.704511 ], [ -122.224206, 38.699984 ], [ -122.221646, 38.696016 ], [ -122.213822, 38.693408 ], [ -122.21235, 38.694208 ], [ -122.212094, 38.69592 ], [ -122.21099, 38.69488 ], [ -122.208206, 38.695536 ], [ -122.207198, 38.693344 ], [ -122.204542, 38.691472 ], [ -122.201998, 38.688336 ], [ -122.202062, 38.6864 ], [ -122.199726, 38.683312 ], [ -122.200478, 38.680272 ], [ -122.20291, 38.67864 ], [ -122.203422, 38.677184 ], [ -122.199966, 38.673184 ], [ -122.19803, 38.669056 ], [ -122.193565, 38.665808 ], [ -122.191933, 38.663312 ], [ -122.183245, 38.657136 ], [ -122.175644, 38.658576 ], [ -122.168301, 38.655296 ], [ -122.163165, 38.64696 ], [ -122.162989, 38.643184 ], [ -122.165933, 38.641921 ], [ -122.165949, 38.640257 ], [ -122.161212, 38.635761 ], [ -122.16254, 38.632689 ], [ -122.166653, 38.631649 ], [ -122.170429, 38.629601 ], [ -122.168461, 38.624641 ], [ -122.168349, 38.619297 ], [ -122.165965, 38.617681 ], [ -122.162508, 38.619393 ], [ -122.160924, 38.619297 ], [ -122.157564, 38.622689 ], [ -122.151468, 38.625249 ], [ -122.150828, 38.624433 ], [ -122.151068, 38.621905 ], [ -122.145292, 38.615521 ], [ -122.144412, 38.612209 ], [ -122.14198, 38.609681 ], [ -122.140364, 38.609873 ], [ -122.139388, 38.609169 ], [ -122.13382, 38.597601 ], [ -122.134156, 38.595073 ], [ -122.128987, 38.586993 ], [ -122.128123, 38.583697 ], [ -122.128971, 38.582946 ], [ -122.128843, 38.580194 ], [ -122.127755, 38.576946 ], [ -122.126187, 38.575138 ], [ -122.122315, 38.562434 ], [ -122.120731, 38.559858 ], [ -122.117275, 38.546434 ], [ -122.114027, 38.53789 ], [ -122.115291, 38.535202 ], [ -122.114955, 38.53373 ], [ -122.111643, 38.530642 ], [ -122.112955, 38.528994 ], [ -122.112731, 38.526627 ], [ -122.111563, 38.524051 ], [ -122.109387, 38.523139 ], [ -122.109595, 38.521411 ], [ -122.104923, 38.517043 ], [ -122.103281, 38.513348 ], [ -122.106283, 38.508307 ], [ -122.107183, 38.494507 ], [ -122.104982, 38.492807 ], [ -122.104882, 38.490807 ], [ -122.108182, 38.486107 ], [ -122.111182, 38.477208 ], [ -122.113178, 38.474816 ], [ -122.120527, 38.453926 ], [ -122.123582, 38.447608 ], [ -122.126628, 38.435451 ], [ -122.126389, 38.428918 ], [ -122.124952, 38.423921 ], [ -122.123458, 38.423074 ], [ -122.119721, 38.418029 ], [ -122.117983, 38.414109 ], [ -122.114692, 38.413908 ], [ -122.114982, 38.412309 ], [ -122.114081, 38.412198 ], [ -122.109709, 38.407442 ], [ -122.109583, 38.40461 ], [ -122.098475, 38.393007 ], [ -122.089164, 38.384662 ], [ -122.086071, 38.380498 ], [ -122.07768, 38.363711 ], [ -122.07608, 38.363711 ], [ -122.07338, 38.360911 ], [ -122.07338, 38.358411 ], [ -122.069679, 38.350811 ], [ -122.070679, 38.346411 ], [ -122.069479, 38.344211 ], [ -122.069779, 38.342811 ], [ -122.064779, 38.333411 ], [ -122.062979, 38.333511 ], [ -122.061379, 38.329611 ], [ -122.062079, 38.325111 ], [ -122.065271, 38.323204 ], [ -122.068179, 38.318412 ], [ -122.065079, 38.317112 ], [ -122.064779, 38.315912 ], [ -122.205982, 38.315713 ], [ -122.206179, 38.314014 ], [ -122.204081, 38.31011 ], [ -122.201396, 38.308013 ], [ -122.202583, 38.304113 ], [ -122.199382, 38.301591 ], [ -122.199082, 38.300113 ], [ -122.203782, 38.293914 ], [ -122.203482, 38.292914 ], [ -122.201682, 38.292414 ], [ -122.201482, 38.289314 ], [ -122.198282, 38.284814 ], [ -122.196681, 38.284414 ], [ -122.196381, 38.281914 ], [ -122.190681, 38.277514 ], [ -122.191081, 38.275914 ], [ -122.188381, 38.271614 ], [ -122.195681, 38.271514 ], [ -122.197381, 38.272714 ], [ -122.206382, 38.271614 ], [ -122.208482, 38.272214 ], [ -122.208811, 38.278912 ], [ -122.210401, 38.280052 ], [ -122.213782, 38.279671 ], [ -122.217954, 38.282537 ], [ -122.217917, 38.27993 ], [ -122.227179, 38.279874 ], [ -122.22729, 38.28694 ], [ -122.234636, 38.287042 ], [ -122.234433, 38.289389 ], [ -122.23694, 38.289628 ], [ -122.236703, 38.29217 ], [ -122.23898, 38.292624 ], [ -122.239026, 38.291429 ], [ -122.24049, 38.291291 ], [ -122.240365, 38.293509 ], [ -122.241138, 38.294492 ], [ -122.242216, 38.294592 ], [ -122.24232, 38.293225 ], [ -122.24451, 38.293352 ], [ -122.244133, 38.288697 ], [ -122.247674, 38.290477 ], [ -122.247466, 38.293359 ], [ -122.248902, 38.293269 ], [ -122.250109, 38.291951 ], [ -122.251474, 38.294834 ], [ -122.251845, 38.293423 ], [ -122.25729, 38.292118 ], [ -122.261231, 38.289565 ], [ -122.260205, 38.288645 ], [ -122.264074, 38.289418 ], [ -122.263349, 38.293933 ], [ -122.258104, 38.292531 ], [ -122.256939, 38.295256 ], [ -122.261222, 38.296382 ], [ -122.268622, 38.295931 ], [ -122.269439, 38.29712 ], [ -122.271667, 38.297089 ], [ -122.271657, 38.297712 ], [ -122.267392, 38.296968 ], [ -122.26612, 38.300511 ], [ -122.264675, 38.300501 ], [ -122.265396, 38.29863 ], [ -122.263482, 38.297934 ], [ -122.261228, 38.298234 ], [ -122.259894, 38.30184 ], [ -122.260435, 38.3025 ], [ -122.258195, 38.302669 ], [ -122.257649, 38.303556 ], [ -122.259098, 38.304243 ], [ -122.259628, 38.307363 ], [ -122.262376, 38.308059 ], [ -122.264295, 38.306336 ], [ -122.266458, 38.307646 ], [ -122.267461, 38.310905 ], [ -122.266333, 38.311747 ], [ -122.270894, 38.311153 ], [ -122.269544, 38.312268 ], [ -122.270364, 38.314668 ], [ -122.271794, 38.313734 ], [ -122.275727, 38.313158 ], [ -122.274439, 38.311629 ], [ -122.276446, 38.310652 ], [ -122.285145, 38.310231 ], [ -122.285082, 38.308557 ], [ -122.287881, 38.307697 ], [ -122.289391, 38.309524 ], [ -122.294378, 38.308624 ], [ -122.294737, 38.307988 ], [ -122.295013, 38.308515 ], [ -122.298379, 38.307908 ], [ -122.298245, 38.30734 ], [ -122.301269, 38.306417 ], [ -122.301531, 38.307337 ], [ -122.304783, 38.306787 ], [ -122.301844, 38.296276 ], [ -122.302226, 38.292202 ], [ -122.29899, 38.274647 ], [ -122.299349, 38.266188 ], [ -122.300661, 38.262186 ], [ -122.302424, 38.260798 ], [ -122.306452, 38.259828 ], [ -122.306384, 38.258362 ], [ -122.312145, 38.258826 ], [ -122.318533, 38.261592 ], [ -122.31937, 38.262977 ], [ -122.319872, 38.265833 ], [ -122.318457, 38.267322 ], [ -122.321127, 38.272937 ], [ -122.320771, 38.275134 ], [ -122.321754, 38.277332 ], [ -122.324752, 38.279869 ], [ -122.325337, 38.281254 ], [ -122.324784, 38.278048 ], [ -122.326457, 38.274696 ], [ -122.330022, 38.272197 ], [ -122.331258, 38.270086 ], [ -122.334715, 38.274009 ], [ -122.333766, 38.276797 ], [ -122.335046, 38.278878 ], [ -122.347433, 38.27992 ], [ -122.360014, 38.289705 ], [ -122.372493, 38.290488 ], [ -122.372556, 38.292398 ], [ -122.37863, 38.301464 ], [ -122.385468, 38.298633 ], [ -122.392165, 38.306879 ], [ -122.395377, 38.306428 ], [ -122.396336, 38.309179 ], [ -122.401953, 38.314191 ], [ -122.403738, 38.319722 ], [ -122.405401, 38.322118 ], [ -122.406866, 38.321805 ], [ -122.408575, 38.320111 ], [ -122.40946, 38.321133 ], [ -122.409719, 38.325963 ], [ -122.4121, 38.32787 ], [ -122.413732, 38.330693 ], [ -122.411993, 38.334012 ], [ -122.417562, 38.33801 ], [ -122.417257, 38.339322 ], [ -122.418753, 38.339589 ], [ -122.419683, 38.338536 ], [ -122.421514, 38.339513 ], [ -122.42499, 38.345113 ], [ -122.427207, 38.346043 ], [ -122.427329, 38.34914 ], [ -122.429114, 38.349453 ], [ -122.429328, 38.351001 ], [ -122.436683, 38.355137 ], [ -122.43743, 38.356662 ], [ -122.439506, 38.358112 ], [ -122.442283, 38.359035 ], [ -122.447196, 38.359035 ], [ -122.452246, 38.362071 ], [ -122.45449, 38.365619 ], [ -122.457741, 38.367466 ], [ -122.457115, 38.370548 ], [ -122.452872, 38.374668 ], [ -122.44999, 38.374912 ], [ -122.44789, 38.379312 ], [ -122.453522, 38.382392 ], [ -122.45399, 38.383912 ], [ -122.460491, 38.388111 ], [ -122.465891, 38.390411 ], [ -122.470191, 38.397511 ], [ -122.468091, 38.400011 ], [ -122.470791, 38.402811 ], [ -122.470591, 38.404911 ], [ -122.47539, 38.406511 ], [ -122.475591, 38.409111 ], [ -122.497475, 38.424306 ] ], [ [ -122.416502, 38.429271 ], [ -122.411884, 38.424462 ], [ -122.400501, 38.434248 ], [ -122.402729, 38.43672 ], [ -122.416502, 38.429271 ] ], [ [ -122.409722, 38.39475 ], [ -122.400644, 38.394529 ], [ -122.400214, 38.383763 ], [ -122.395649, 38.383798 ], [ -122.395572, 38.380223 ], [ -122.381904, 38.37988 ], [ -122.377974, 38.3821 ], [ -122.377945, 38.387175 ], [ -122.375377, 38.390656 ], [ -122.374214, 38.391172 ], [ -122.370098, 38.385778 ], [ -122.353893, 38.393006 ], [ -122.355961, 38.395259 ], [ -122.350158, 38.399784 ], [ -122.356514, 38.405708 ], [ -122.352106, 38.409144 ], [ -122.357362, 38.414061 ], [ -122.341167, 38.427615 ], [ -122.345817, 38.431493 ], [ -122.351387, 38.439618 ], [ -122.353461, 38.445128 ], [ -122.360761, 38.45063 ], [ -122.367947, 38.447436 ], [ -122.365001, 38.444219 ], [ -122.373841, 38.438902 ], [ -122.372679, 38.435402 ], [ -122.37415, 38.433563 ], [ -122.375519, 38.428855 ], [ -122.373418, 38.425534 ], [ -122.373692, 38.423717 ], [ -122.374316, 38.42443 ], [ -122.373316, 38.422922 ], [ -122.369976, 38.421177 ], [ -122.371267, 38.419988 ], [ -122.370378, 38.417659 ], [ -122.367258, 38.415529 ], [ -122.365831, 38.413382 ], [ -122.366663, 38.41029 ], [ -122.370205, 38.408245 ], [ -122.379013, 38.411806 ], [ -122.381406, 38.411389 ], [ -122.368671, 38.406083 ], [ -122.359161, 38.397559 ], [ -122.35967, 38.397318 ], [ -122.368983, 38.405878 ], [ -122.381782, 38.411195 ], [ -122.384689, 38.412911 ], [ -122.389622, 38.418157 ], [ -122.395472, 38.412925 ], [ -122.394862, 38.410742 ], [ -122.401218, 38.414744 ], [ -122.401165, 38.409743 ], [ -122.397356, 38.410024 ], [ -122.397211, 38.407643 ], [ -122.395074, 38.408912 ], [ -122.394371, 38.410482 ], [ -122.391518, 38.408735 ], [ -122.392947, 38.40676 ], [ -122.410065, 38.406644 ], [ -122.409722, 38.39475 ] ] ] ] } },
{ "type": "Feature", "properties": { "zip": "94612" }, "geometry": { "type": "Polygon", "coordinates": [ [ [ -122.278678, 37.807284 ], [ -122.279911, 37.807784 ], [ -122.274789, 37.814912 ], [ -122.275629, 37.817635 ], [ -122.274, 37.818229 ], [ -122.273752, 37.819135 ], [ -122.272136, 37.818879 ], [ -122.272463, 37.817625 ], [ -122.270319, 37.81793 ], [ -122.270753, 37.816756 ], [ -122.267992, 37.816261 ], [ -122.267493, 37.81824 ], [ -122.267695, 37.816856 ], [ -122.265935, 37.815979 ], [ -122.262558, 37.816146 ], [ -122.263071, 37.815063 ], [ -122.261495, 37.813034 ], [ -122.262312, 37.810926 ], [ -122.259598, 37.809868 ], [ -122.258937, 37.805524 ], [ -122.257275, 37.805883 ], [ -122.256001, 37.807463 ], [ -122.253054, 37.807861 ], [ -122.252774, 37.808747 ], [ -122.249148, 37.808391 ], [ -122.250597, 37.805237 ], [ -122.253447, 37.803608 ], [ -122.254505, 37.800561 ], [ -122.257805, 37.799704 ], [ -122.259551, 37.798132 ], [ -122.268504, 37.801541 ], [ -122.269242, 37.802702 ], [ -122.270871, 37.802471 ], [ -122.280477, 37.806293 ], [ -122.278678, 37.807284 ] ] ] } },
{ "type": "Feature", "properties": { "zip": "95037" }, "geometry": { "type": "Polygon", "coordinates": [ [ [ -121.84811, 37.10542 ], [ -121.83825, 37.10657 ], [ -121.8361, 37.10967 ], [ -121.834977, 37.108645 ], [ -121.834852, 37.104793 ], [ -121.832256, 37.099608 ], [ -121.803116, 37.099906 ], [ -121.803091, 37.098912 ], [ -121.79596, 37.09901 ], [ -121.795977, 37.102668 ], [ -121.79947, 37.102656 ], [ -121.799511, 37.109759 ], [ -121.803139, 37.109759 ], [ -121.803358, 37.136861 ], [ -121.816816, 37.143991 ], [ -121.815577, 37.14645 ], [ -121.815771, 37.148874 ], [ -121.814497, 37.150202 ], [ -121.814766, 37.151767 ], [ -121.813414, 37.152338 ], [ -121.812849, 37.153933 ], [ -121.811235, 37.152877 ], [ -121.807921, 37.152672 ], [ -121.804999, 37.15308 ], [ -121.802866, 37.154459 ], [ -121.801953, 37.156389 ], [ -121.799347, 37.155432 ], [ -121.79975, 37.15641 ], [ -121.798725, 37.157053 ], [ -121.800915, 37.160216 ], [ -121.801999, 37.164282 ], [ -121.803008, 37.165005 ], [ -121.802647, 37.166432 ], [ -121.799777, 37.168192 ], [ -121.798627, 37.171048 ], [ -121.796643, 37.172134 ], [ -121.787779, 37.172158 ], [ -121.784777, 37.174812 ], [ -121.785751, 37.178323 ], [ -121.784947, 37.178998 ], [ -121.785237, 37.185113 ], [ -121.779808, 37.188252 ], [ -121.774731, 37.188344 ], [ -121.770733, 37.186074 ], [ -121.767785, 37.185414 ], [ -121.766037, 37.187418 ], [ -121.76597, 37.189933 ], [ -121.768661, 37.192145 ], [ -121.767125, 37.192067 ], [ -121.764561, 37.190187 ], [ -121.762964, 37.190831 ], [ -121.763827, 37.188953 ], [ -121.759783, 37.186176 ], [ -121.759358, 37.184823 ], [ -121.755406, 37.184071 ], [ -121.758032, 37.187019 ], [ -121.755602, 37.187579 ], [ -121.729181, 37.206745 ], [ -121.733447, 37.210907 ], [ -121.73004, 37.208735 ], [ -121.727217, 37.210472 ], [ -121.726099, 37.20895 ], [ -121.722977, 37.209851 ], [ -121.710292, 37.202287 ], [ -121.715741, 37.208948 ], [ -121.708833, 37.209001 ], [ -121.702937, 37.20347 ], [ -121.692333, 37.200674 ], [ -121.679121, 37.200674 ], [ -121.679087, 37.202378 ], [ -121.673359, 37.203368 ], [ -121.667904, 37.206163 ], [ -121.665525, 37.206162 ], [ -121.66366, 37.209689 ], [ -121.662713, 37.209748 ], [ -121.664534, 37.207935 ], [ -121.664527, 37.206276 ], [ -121.661945, 37.205287 ], [ -121.662207, 37.203551 ], [ -121.65981, 37.201369 ], [ -121.656156, 37.201076 ], [ -121.655154, 37.199725 ], [ -121.654096, 37.200384 ], [ -121.651892, 37.199949 ], [ -121.649964, 37.195624 ], [ -121.651325, 37.194482 ], [ -121.648703, 37.19102 ], [ -121.646465, 37.190305 ], [ -121.646844, 37.187915 ], [ -121.645039, 37.186415 ], [ -121.64225, 37.187792 ], [ -121.64087, 37.187138 ], [ -121.640089, 37.18388 ], [ -121.637637, 37.184598 ], [ -121.636471, 37.182576 ], [ -121.633554, 37.181119 ], [ -121.630103, 37.177952 ], [ -121.630359, 37.17598 ], [ -121.627156, 37.17155 ], [ -121.627878, 37.17032 ], [ -121.626938, 37.169567 ], [ -121.630393, 37.166979 ], [ -121.625364, 37.167102 ], [ -121.618385, 37.172366 ], [ -121.609362, 37.176705 ], [ -121.610504, 37.178444 ], [ -121.608646, 37.17916 ], [ -121.606314, 37.177995 ], [ -121.606077, 37.174711 ], [ -121.607049, 37.172819 ], [ -121.604649, 37.171918 ], [ -121.604951, 37.170867 ], [ -121.602247, 37.169748 ], [ -121.598358, 37.165274 ], [ -121.595911, 37.165164 ], [ -121.592146, 37.161941 ], [ -121.587195, 37.159654 ], [ -121.590166, 37.164128 ], [ -121.589485, 37.165406 ], [ -121.588693, 37.164248 ], [ -121.584928, 37.16566 ], [ -121.582868, 37.163735 ], [ -121.579337, 37.163234 ], [ -121.579558, 37.164488 ], [ -121.577934, 37.166739 ], [ -121.576505, 37.166882 ], [ -121.577959, 37.168872 ], [ -121.574479, 37.170278 ], [ -121.568769, 37.170133 ], [ -121.569065, 37.175415 ], [ -121.567987, 37.177185 ], [ -121.568972, 37.179049 ], [ -121.560074, 37.180883 ], [ -121.554868, 37.185718 ], [ -121.55381, 37.189424 ], [ -121.551423, 37.187924 ], [ -121.550357, 37.189666 ], [ -121.550328, 37.195605 ], [ -121.549205, 37.20167 ], [ -121.547204, 37.201298 ], [ -121.54537, 37.202012 ], [ -121.541524, 37.200549 ], [ -121.540212, 37.201428 ], [ -121.538076, 37.201131 ], [ -121.536352, 37.200076 ], [ -121.533312, 37.194675 ], [ -121.528891, 37.192487 ], [ -121.525789, 37.187646 ], [ -121.519536, 37.183105 ], [ -121.516186, 37.181604 ], [ -121.512862, 37.18246 ], [ -121.512602, 37.181844 ], [ -121.509045, 37.182117 ], [ -121.502921, 37.181131 ], [ -121.498764, 37.17928 ], [ -121.496408, 37.176869 ], [ -121.495121, 37.174596 ], [ -121.495339, 37.172806 ], [ -121.498935, 37.170046 ], [ -121.49591, 37.165229 ], [ -121.495819, 37.162805 ], [ -121.491507, 37.159259 ], [ -121.493542, 37.155384 ], [ -121.490334, 37.150546 ], [ -121.488546, 37.144448 ], [ -121.487282, 37.143477 ], [ -121.484196, 37.137055 ], [ -121.484648, 37.136115 ], [ -121.483536, 37.133144 ], [ -121.484288, 37.129627 ], [ -121.481377, 37.126849 ], [ -121.481906, 37.125695 ], [ -121.480472, 37.122102 ], [ -121.48106, 37.118201 ], [ -121.547638, 37.118158 ], [ -121.545267, 37.119994 ], [ -121.549283, 37.119039 ], [ -121.552711, 37.120808 ], [ -121.553046, 37.123852 ], [ -121.555097, 37.127016 ], [ -121.557911, 37.128505 ], [ -121.55859, 37.131719 ], [ -121.563908, 37.135548 ], [ -121.564072, 37.137367 ], [ -121.566131, 37.137774 ], [ -121.569377, 37.140172 ], [ -121.572069, 37.144234 ], [ -121.574835, 37.145785 ], [ -121.577727, 37.149153 ], [ -121.57955, 37.153493 ], [ -121.58518, 37.1527 ], [ -121.584169, 37.13908 ], [ -121.583285, 37.137504 ], [ -121.585073, 37.138616 ], [ -121.587394, 37.138087 ], [ -121.586651, 37.136771 ], [ -121.589985, 37.134896 ], [ -121.596916, 37.13288 ], [ -121.59576, 37.13166 ], [ -121.59594, 37.13083 ], [ -121.599096, 37.129628 ], [ -121.593695, 37.120472 ], [ -121.62405, 37.10984 ], [ -121.622023, 37.106057 ], [ -121.625651, 37.105323 ], [ -121.621045, 37.100855 ], [ -121.623215, 37.100054 ], [ -121.61835, 37.097 ], [ -121.620778, 37.095895 ], [ -121.624289, 37.096976 ], [ -121.629423, 37.094801 ], [ -121.625987, 37.095248 ], [ -121.624355, 37.096769 ], [ -121.622372, 37.095332 ], [ -121.616454, 37.095273 ], [ -121.619533, 37.095265 ], [ -121.62762, 37.09276 ], [ -121.62899, 37.0928 ], [ -121.62931, 37.0938 ], [ -121.63044, 37.09356 ], [ -121.629699, 37.092225 ], [ -121.631493, 37.091813 ], [ -121.631299, 37.090868 ], [ -121.629337, 37.091259 ], [ -121.62885, 37.09057 ], [ -121.630215, 37.08906 ], [ -121.635965, 37.088934 ], [ -121.639401, 37.091256 ], [ -121.64394, 37.091076 ], [ -121.648674, 37.087885 ], [ -121.651542, 37.084831 ], [ -121.653392, 37.084997 ], [ -121.65228, 37.08244 ], [ -121.65567, 37.07912 ], [ -121.65755, 37.0745 ], [ -121.643662, 37.06963 ], [ -121.643521, 37.068278 ], [ -121.641361, 37.066842 ], [ -121.641311, 37.065411 ], [ -121.638896, 37.063734 ], [ -121.626197, 37.063639 ], [ -121.624497, 37.061706 ], [ -121.626403, 37.060338 ], [ -121.629655, 37.05973 ], [ -121.631528, 37.058248 ], [ -121.633298, 37.055264 ], [ -121.639761, 37.05617 ], [ -121.646224, 37.058887 ], [ -121.647829, 37.058557 ], [ -121.649888, 37.052712 ], [ -121.66287, 37.05945 ], [ -121.665494, 37.057375 ], [ -121.664326, 37.055736 ], [ -121.666772, 37.053876 ], [ -121.668418, 37.05564 ], [ -121.694381, 37.055061 ], [ -121.753835, 37.061105 ], [ -121.75329, 37.05999 ], [ -121.75539, 37.05752 ], [ -121.75359, 37.05345 ], [ -121.75512, 37.05529 ], [ -121.75645, 37.05479 ], [ -121.75881, 37.05034 ], [ -121.76153, 37.04896 ], [ -121.76339, 37.0506 ], [ -121.76322, 37.05177 ], [ -121.76696, 37.05328 ], [ -121.77517, 37.05296 ], [ -121.77605, 37.05486 ], [ -121.78155, 37.056991 ], [ -121.78201, 37.05836 ], [ -121.78604, 37.06199 ], [ -121.79355, 37.06431 ], [ -121.79582, 37.06356 ], [ -121.80084, 37.06604 ], [ -121.80151, 37.06749 ], [ -121.809076, 37.069301 ], [ -121.810527, 37.070674 ], [ -121.812516, 37.075155 ], [ -121.81719, 37.07788 ], [ -121.81649, 37.08037 ], [ -121.8184, 37.08382 ], [ -121.82366, 37.08605 ], [ -121.82402, 37.08757 ], [ -121.83154, 37.0886 ], [ -121.83433, 37.09123 ], [ -121.83877, 37.09209 ], [ -121.83865, 37.09322 ], [ -121.84414, 37.09473 ], [ -121.84449, 37.0965 ], [ -121.84629, 37.09702 ], [ -121.84441, 37.09746 ], [ -121.84321, 37.10079 ], [ -121.84492, 37.10315 ], [ -121.84811, 37.10542 ] ] ] } },
{ "type": "Feature", "properties": { "zip": "95430" }, "geometry": { "type": "Polygon", "coordinates": [ [ [ -123.053152, 38.463604 ], [ -123.048449, 38.465889 ], [ -123.04548, 38.464751 ], [ -123.043021, 38.462311 ], [ -123.040239, 38.463382 ], [ -123.033054, 38.469319 ], [ -123.028385, 38.470763 ], [ -123.026649, 38.475663 ], [ -123.024845, 38.477091 ], [ -123.024322, 38.476607 ], [ -123.026426, 38.474147 ], [ -123.026455, 38.472542 ], [ -123.02777, 38.470609 ], [ -123.031768, 38.46905 ], [ -123.039021, 38.462836 ], [ -123.046344, 38.459529 ], [ -123.047261, 38.456285 ], [ -123.048786, 38.454327 ], [ -123.050004, 38.453927 ], [ -123.050505, 38.456494 ], [ -123.053719, 38.460857 ], [ -123.053152, 38.463604 ] ] ] } },
{ "type": "Feature", "properties": { "zip": "94573" }, "geometry": { "type": "Polygon", "coordinates": [ [ [ -122.438458, 38.450382 ], [ -122.437459, 38.451755 ], [ -122.433246, 38.453183 ], [ -122.431974, 38.455996 ], [ -122.434, 38.458204 ], [ -122.431834, 38.46138 ], [ -122.432735, 38.462825 ], [ -122.430245, 38.468649 ], [ -122.427927, 38.469834 ], [ -122.414792, 38.46341 ], [ -122.412175, 38.46459 ], [ -122.410669, 38.464442 ], [ -122.411844, 38.460459 ], [ -122.409602, 38.459052 ], [ -122.407855, 38.455577 ], [ -122.414825, 38.450079 ], [ -122.416968, 38.452478 ], [ -122.42538, 38.446062 ], [ -122.431751, 38.447717 ], [ -122.43568, 38.446852 ], [ -122.439967, 38.450838 ], [ -122.438458, 38.450382 ] ] ] } },
{ "type": "Feature", "properties": { "zip": "94586" }, "geometry": { "type": "Polygon", "coordinates": [ [ [ -121.967901, 37.664156 ], [ -121.966841, 37.667324 ], [ -121.963979, 37.669662 ], [ -121.963975, 37.670884 ], [ -121.96134, 37.675015 ], [ -121.952791, 37.671855 ], [ -121.952768, 37.669006 ], [ -121.947639, 37.664955 ], [ -121.941684, 37.663376 ], [ -121.937484, 37.663591 ], [ -121.93179, 37.660558 ], [ -121.93061, 37.655895 ], [ -121.923269, 37.643332 ], [ -121.914831, 37.635091 ], [ -121.91481, 37.633934 ], [ -121.909546, 37.626521 ], [ -121.907297, 37.625675 ], [ -121.902321, 37.621882 ], [ -121.897553, 37.615031 ], [ -121.89599, 37.617115 ], [ -121.89226, 37.615716 ], [ -121.889556, 37.612372 ], [ -121.889766, 37.614843 ], [ -121.888741, 37.617432 ], [ -121.889231, 37.619023 ], [ -121.886691, 37.619848 ], [ -121.886388, 37.616755 ], [ -121.884012, 37.616243 ], [ -121.884417, 37.615234 ], [ -121.877017, 37.616246 ], [ -121.87979, 37.621715 ], [ -121.879919, 37.623533 ], [ -121.811402, 37.623645 ], [ -121.810209, 37.624989 ], [ -121.808888, 37.624131 ], [ -121.810202, 37.619755 ], [ -121.778568, 37.600409 ], [ -121.766262, 37.600381 ], [ -121.773871, 37.596738 ], [ -121.771793, 37.594423 ], [ -121.772327, 37.593142 ], [ -121.779985, 37.590661 ], [ -121.780299, 37.58922 ], [ -121.783411, 37.588418 ], [ -121.790224, 37.584599 ], [ -121.793559, 37.585034 ], [ -121.802306, 37.581866 ], [ -121.804529, 37.582053 ], [ -121.806061, 37.583932 ], [ -121.809498, 37.583841 ], [ -121.812656, 37.584763 ], [ -121.811205, 37.581586 ], [ -121.809776, 37.580795 ], [ -121.810162, 37.579685 ], [ -121.806808, 37.572493 ], [ -121.80097, 37.568037 ], [ -121.799397, 37.56329 ], [ -121.796885, 37.560966 ], [ -121.797355, 37.56017 ], [ -121.794604, 37.550604 ], [ -121.789451, 37.546708 ], [ -121.787049, 37.546751 ], [ -121.78498, 37.544894 ], [ -121.772046, 37.526392 ], [ -121.768819, 37.523973 ], [ -121.766344, 37.52434 ], [ -121.764132, 37.522458 ], [ -121.768402, 37.520761 ], [ -121.770276, 37.521187 ], [ -121.770903, 37.522268 ], [ -121.772221, 37.522524 ], [ -121.772999, 37.521826 ], [ -121.771052, 37.520177 ], [ -121.773286, 37.515444 ], [ -121.772341, 37.513702 ], [ -121.772798, 37.511667 ], [ -121.771576, 37.511449 ], [ -121.772187, 37.510504 ], [ -121.771493, 37.508838 ], [ -121.773649, 37.505306 ], [ -121.773374, 37.503545 ], [ -121.777046, 37.500664 ], [ -121.781091, 37.50185 ], [ -121.786269, 37.501216 ], [ -121.788875, 37.502902 ], [ -121.793049, 37.503008 ], [ -121.79896, 37.505872 ], [ -121.802017, 37.50602 ], [ -121.803472, 37.507572 ], [ -121.80696, 37.506495 ], [ -121.811857, 37.506907 ], [ -121.813374, 37.505781 ], [ -121.824525, 37.503314 ], [ -121.829648, 37.506372 ], [ -121.828898, 37.509442 ], [ -121.831043, 37.510439 ], [ -121.833574, 37.509642 ], [ -121.839789, 37.511449 ], [ -121.844871, 37.509722 ], [ -121.845285, 37.508426 ], [ -121.852558, 37.503951 ], [ -121.85413, 37.503676 ], [ -121.856276, 37.504626 ], [ -121.861923, 37.503102 ], [ -121.863412, 37.49986 ], [ -121.863013, 37.508773 ], [ -121.86604, 37.510002 ], [ -121.868492, 37.512934 ], [ -121.869197, 37.515761 ], [ -121.864888, 37.517208 ], [ -121.867452, 37.517725 ], [ -121.868919, 37.519267 ], [ -121.879399, 37.520473 ], [ -121.880048, 37.52136 ], [ -121.879065, 37.528855 ], [ -121.878148, 37.530239 ], [ -121.88312, 37.536138 ], [ -121.887328, 37.538977 ], [ -121.887457, 37.54304 ], [ -121.890668, 37.547936 ], [ -121.893614, 37.550203 ], [ -121.899323, 37.546589 ], [ -121.904813, 37.550106 ], [ -121.907336, 37.549275 ], [ -121.909575, 37.555009 ], [ -121.915067, 37.55625 ], [ -121.914499, 37.560769 ], [ -121.918835, 37.560973 ], [ -121.918495, 37.55983 ], [ -121.920679, 37.559287 ], [ -121.923714, 37.559685 ], [ -121.923782, 37.560399 ], [ -121.919408, 37.560429 ], [ -121.920501, 37.564365 ], [ -121.920156, 37.565946 ], [ -121.923149, 37.568222 ], [ -121.925707, 37.568086 ], [ -121.92583, 37.56943 ], [ -121.927619, 37.571479 ], [ -121.931739, 37.572744 ], [ -121.93253, 37.574003 ], [ -121.929942, 37.578509 ], [ -121.92604, 37.579789 ], [ -121.92713, 37.581245 ], [ -121.925614, 37.582349 ], [ -121.928374, 37.584376 ], [ -121.928118, 37.585947 ], [ -121.930267, 37.586225 ], [ -121.932767, 37.591732 ], [ -121.931831, 37.592548 ], [ -121.931971, 37.607263 ], [ -121.927524, 37.607292 ], [ -121.927621, 37.628664 ], [ -121.930989, 37.630538 ], [ -121.931614, 37.632273 ], [ -121.934143, 37.634903 ], [ -121.935293, 37.63815 ], [ -121.938694, 37.640228 ], [ -121.93934, 37.642452 ], [ -121.941739, 37.643201 ], [ -121.941442, 37.643976 ], [ -121.942667, 37.645675 ], [ -121.945035, 37.647334 ], [ -121.949819, 37.652989 ], [ -121.951418, 37.653936 ], [ -121.953273, 37.653213 ], [ -121.959461, 37.657821 ], [ -121.96042, 37.658959 ], [ -121.95983, 37.659922 ], [ -121.963697, 37.663159 ], [ -121.967901, 37.664156 ] ] ] } },
{ "type": "Feature", "properties": { "zip": "95450" }, "geometry": { "type": "Polygon", "coordinates": [ [ [ -123.411736, 38.668911 ], [ -123.408925, 38.667606 ], [ -123.405871, 38.668459 ], [ -123.406359, 38.670044 ], [ -123.404371, 38.668736 ], [ -123.40251, 38.668744 ], [ -123.401912, 38.667134 ], [ -123.400306, 38.666279 ], [ -123.400871, 38.665073 ], [ -123.399235, 38.663923 ], [ -123.396122, 38.663754 ], [ -123.392433, 38.664667 ], [ -123.391558, 38.663362 ], [ -123.389339, 38.662857 ], [ -123.387414, 38.660545 ], [ -123.38187, 38.657521 ], [ -123.380441, 38.655734 ], [ -123.380355, 38.653857 ], [ -123.376854, 38.651338 ], [ -123.368124, 38.647559 ], [ -123.365752, 38.648291 ], [ -123.36458, 38.651753 ], [ -123.362854, 38.653228 ], [ -123.359885, 38.653974 ], [ -123.359111, 38.653245 ], [ -123.359918, 38.650793 ], [ -123.350015, 38.650138 ], [ -123.35247, 38.648572 ], [ -123.353971, 38.645715 ], [ -123.354248, 38.643299 ], [ -123.356194, 38.643265 ], [ -123.356922, 38.644583 ], [ -123.358168, 38.644526 ], [ -123.359401, 38.642657 ], [ -123.35881, 38.640995 ], [ -123.356797, 38.640593 ], [ -123.353755, 38.638595 ], [ -123.353623, 38.637117 ], [ -123.351895, 38.636495 ], [ -123.349353, 38.633625 ], [ -123.352594, 38.634524 ], [ -123.353001, 38.633764 ], [ -123.349126, 38.632307 ], [ -123.350451, 38.632331 ], [ -123.350501, 38.628469 ], [ -123.360015, 38.628508 ], [ -123.360015, 38.626674 ], [ -123.356743, 38.624499 ], [ -123.366539, 38.614379 ], [ -123.364982, 38.613161 ], [ -123.361468, 38.606194 ], [ -123.350065, 38.600355 ], [ -123.349652, 38.599031 ], [ -123.341076, 38.589943 ], [ -123.340219, 38.586932 ], [ -123.336562, 38.585501 ], [ -123.33742, 38.583843 ], [ -123.334023, 38.582885 ], [ -123.332192, 38.581132 ], [ -123.33337, 38.579218 ], [ -123.33185, 38.577698 ], [ -123.333737, 38.57832 ], [ -123.334789, 38.57746 ], [ -123.333524, 38.574476 ], [ -123.331951, 38.573442 ], [ -123.327556, 38.572914 ], [ -123.324532, 38.570469 ], [ -123.320891, 38.569104 ], [ -123.319282, 38.569598 ], [ -123.315613, 38.574968 ], [ -123.31189, 38.575993 ], [ -123.305702, 38.573593 ], [ -123.304359, 38.574349 ], [ -123.300797, 38.573755 ], [ -123.299075, 38.574534 ], [ -123.295686, 38.571997 ], [ -123.295008, 38.574177 ], [ -123.297709, 38.579726 ], [ -123.29488, 38.581908 ], [ -123.289268, 38.576603 ], [ -123.287627, 38.573872 ], [ -123.287851, 38.572813 ], [ -123.282671, 38.572319 ], [ -123.2829, 38.563584 ], [ -123.27912, 38.560844 ], [ -123.278572, 38.55918 ], [ -123.276917, 38.558532 ], [ -123.273887, 38.555166 ], [ -123.270944, 38.554693 ], [ -123.267142, 38.556115 ], [ -123.26426, 38.556025 ], [ -123.262893, 38.554181 ], [ -123.256449, 38.553175 ], [ -123.254025, 38.549873 ], [ -123.252007, 38.548836 ], [ -123.257486, 38.531711 ], [ -123.254359, 38.533028 ], [ -123.245455, 38.527673 ], [ -123.24095, 38.52381 ], [ -123.238772, 38.525135 ], [ -123.235468, 38.525373 ], [ -123.234836, 38.523903 ], [ -123.23196, 38.523804 ], [ -123.231137, 38.525257 ], [ -123.227553, 38.526127 ], [ -123.225942, 38.529697 ], [ -123.223281, 38.533138 ], [ -123.221359, 38.534363 ], [ -123.219236, 38.533743 ], [ -123.218686, 38.532583 ], [ -123.214807, 38.529992 ], [ -123.210992, 38.525381 ], [ -123.208709, 38.52816 ], [ -123.207558, 38.527047 ], [ -123.205258, 38.527312 ], [ -123.20472, 38.526175 ], [ -123.200371, 38.528654 ], [ -123.196574, 38.527839 ], [ -123.193239, 38.526101 ], [ -123.186554, 38.529292 ], [ -123.184989, 38.530768 ], [ -123.181866, 38.530254 ], [ -123.177459, 38.526424 ], [ -123.175616, 38.5261 ], [ -123.180221, 38.526147 ], [ -123.17992, 38.521591 ], [ -123.142753, 38.501052 ], [ -123.148774, 38.48857 ], [ -123.151522, 38.479012 ], [ -123.144985, 38.478308 ], [ -123.143111, 38.478951 ], [ -123.139114, 38.47503 ], [ -123.130542, 38.47364 ], [ -123.124166, 38.471452 ], [ -123.121497, 38.469493 ], [ -123.1182, 38.470345 ], [ -123.11719, 38.47343 ], [ -123.118066, 38.475512 ], [ -123.116976, 38.476896 ], [ -123.10907, 38.480736 ], [ -123.095211, 38.484214 ], [ -123.08522, 38.481773 ], [ -123.083171, 38.483 ], [ -123.080087, 38.482254 ], [ -123.078017, 38.480369 ], [ -123.07615, 38.479944 ], [ -123.074823, 38.478634 ], [ -123.071824, 38.478337 ], [ -123.069814, 38.477124 ], [ -123.069407, 38.475613 ], [ -123.068215, 38.475599 ], [ -123.070031, 38.472749 ], [ -123.068757, 38.470926 ], [ -123.066028, 38.469957 ], [ -123.060287, 38.463376 ], [ -123.059229, 38.457476 ], [ -123.05521, 38.455244 ], [ -123.05396, 38.453387 ], [ -123.061349, 38.446745 ], [ -123.073065, 38.442255 ], [ -123.079313, 38.44368 ], [ -123.089111, 38.449035 ], [ -123.094844, 38.449505 ], [ -123.097558, 38.447145 ], [ -123.098813, 38.443552 ], [ -123.098364, 38.438904 ], [ -123.102434, 38.435546 ], [ -123.100677, 38.433373 ], [ -123.101032, 38.431836 ], [ -123.108604, 38.431731 ], [ -123.108603, 38.430858 ], [ -123.113526, 38.432336 ], [ -123.117693, 38.432575 ], [ -123.118542, 38.434245 ], [ -123.120467, 38.435079 ], [ -123.119659, 38.435906 ], [ -123.120153, 38.436924 ], [ -123.122449435492996, 38.437431546796198 ], [ -123.124357, 38.440615 ], [ -123.12797, 38.440679 ], [ -123.126328, 38.44312 ], [ -123.128825, 38.450418 ], [ -123.136797, 38.454768 ], [ -123.143608, 38.455887 ], [ -123.145325, 38.459422 ], [ -123.151804853100003, 38.462479221716301 ], [ -123.151876, 38.464104 ], [ -123.156355, 38.464626 ], [ -123.157074, 38.466869 ], [ -123.161587, 38.468219 ], [ -123.166428, 38.474947 ], [ -123.186366, 38.485936 ], [ -123.198609, 38.491141 ], [ -123.202277, 38.494314 ], [ -123.209575, 38.49612 ], [ -123.215247, 38.499512 ], [ -123.220297, 38.498618 ], [ -123.231382, 38.502572 ], [ -123.231356, 38.50528 ], [ -123.233707455360005, 38.505809382800102 ], [ -123.236637, 38.509256 ], [ -123.242078, 38.50999 ], [ -123.24567, 38.511974 ], [ -123.250685, 38.510189 ], [ -123.254914, 38.511982 ], [ -123.254673, 38.515882 ], [ -123.258156, 38.516824 ], [ -123.269016, 38.525206 ], [ -123.267774, 38.527594 ], [ -123.268747, 38.529887 ], [ -123.274173, 38.532718 ], [ -123.278804, 38.531489 ], [ -123.279109, 38.535857 ], [ -123.282928, 38.535968 ], [ -123.287156, 38.540223 ], [ -123.29046, 38.540551 ], [ -123.297151, 38.543452 ], [ -123.29865, 38.545124 ], [ -123.297467, 38.546788 ], [ -123.301419, 38.546926 ], [ -123.306308, 38.549274 ], [ -123.306782, 38.552709 ], [ -123.310398, 38.556184 ], [ -123.323317, 38.561325 ], [ -123.323919, 38.563721 ], [ -123.330644, 38.566857 ], [ -123.331899, 38.565542 ], [ -123.340106, 38.572228 ], [ -123.340388, 38.577831 ], [ -123.339361040678995, 38.582976796168303 ], [ -123.343338, 38.590008 ], [ -123.349612, 38.596805 ], [ -123.354789, 38.598214 ], [ -123.357142, 38.596545 ], [ -123.359756, 38.598216 ], [ -123.361884, 38.601023 ], [ -123.368313, 38.603232 ], [ -123.371876, 38.607235 ], [ -123.368075, 38.607875 ], [ -123.366649, 38.610475 ], [ -123.3676, 38.613447 ], [ -123.374862, 38.615503 ], [ -123.379303, 38.621953 ], [ -123.390655, 38.631459 ], [ -123.387879, 38.632619 ], [ -123.389894, 38.63523 ], [ -123.39434, 38.637154 ], [ -123.393317, 38.63878 ], [ -123.403155364426993, 38.649584560241202 ], [ -123.401681, 38.649704 ], [ -123.399442, 38.651907 ], [ -123.40471, 38.659512 ], [ -123.405239, 38.66233 ], [ -123.408718, 38.665433 ], [ -123.411736, 38.668911 ] ] ] } },
{ "type": "Feature", "properties": { "zip": "94549" }, "geometry": { "type": "Polygon", "coordinates": [ [ [ -122.211098, 37.907889 ], [ -122.210374, 37.908608 ], [ -122.208918, 37.908943 ], [ -122.204327, 37.908957 ], [ -122.200719, 37.914038 ], [ -122.200146, 37.917538 ], [ -122.195641, 37.922173 ], [ -122.184728, 37.919162 ], [ -122.174716, 37.917967 ], [ -122.166383, 37.919708 ], [ -122.164546, 37.92129 ], [ -122.161926, 37.920327 ], [ -122.160877, 37.918226 ], [ -122.160838, 37.920409 ], [ -122.149879, 37.922296 ], [ -122.142318, 37.91754 ], [ -122.139466, 37.918138 ], [ -122.137837, 37.917435 ], [ -122.134738, 37.919299 ], [ -122.135895, 37.923231 ], [ -122.133559, 37.926218 ], [ -122.130969, 37.925277 ], [ -122.12919, 37.926825 ], [ -122.126555, 37.927465 ], [ -122.125859, 37.94461 ], [ -122.117068, 37.949409 ], [ -122.117893, 37.9515 ], [ -122.117473, 37.953559 ], [ -122.115704, 37.953557 ], [ -122.115652, 37.955909 ], [ -122.111634, 37.955393 ], [ -122.111586, 37.956549 ], [ -122.10917, 37.957823 ], [ -122.10806, 37.956815 ], [ -122.107602, 37.959237 ], [ -122.104884, 37.958673 ], [ -122.103138, 37.954957 ], [ -122.098931, 37.951881 ], [ -122.100923, 37.950613 ], [ -122.098495, 37.947444 ], [ -122.096738, 37.947039 ], [ -122.098065, 37.945631 ], [ -122.098024, 37.943597 ], [ -122.09468, 37.943186 ], [ -122.09321, 37.940818 ], [ -122.089876, 37.940861 ], [ -122.089576, 37.93676 ], [ -122.090695, 37.935403 ], [ -122.088425, 37.931865 ], [ -122.086753, 37.931863 ], [ -122.086451, 37.927856 ], [ -122.088746, 37.927257 ], [ -122.087997, 37.92526 ], [ -122.089469, 37.924944 ], [ -122.089522, 37.921425 ], [ -122.092452, 37.920827 ], [ -122.093255, 37.922492 ], [ -122.09589, 37.921883 ], [ -122.096498, 37.92075 ], [ -122.094706, 37.919331 ], [ -122.092546, 37.920332 ], [ -122.091772, 37.917303 ], [ -122.100011, 37.917398 ], [ -122.098415, 37.912372 ], [ -122.099055, 37.910208 ], [ -122.08657, 37.910595 ], [ -122.084711, 37.908118 ], [ -122.080635, 37.906406 ], [ -122.08066, 37.904747 ], [ -122.083957, 37.904174 ], [ -122.083874, 37.900566 ], [ -122.086021, 37.899081 ], [ -122.08529, 37.89869 ], [ -122.090701, 37.899782 ], [ -122.092274, 37.902624 ], [ -122.092782, 37.897634 ], [ -122.083059, 37.897605 ], [ -122.082205, 37.896433 ], [ -122.082196, 37.892847 ], [ -122.083876, 37.89138 ], [ -122.085864, 37.890939 ], [ -122.08838, 37.886542 ], [ -122.086606, 37.885168 ], [ -122.091755, 37.885668 ], [ -122.08807, 37.881779 ], [ -122.089701, 37.881319 ], [ -122.089331, 37.875269 ], [ -122.083061, 37.868243 ], [ -122.081605, 37.865325 ], [ -122.078048, 37.857244 ], [ -122.079975, 37.856758 ], [ -122.079926, 37.8542 ], [ -122.077976, 37.852496 ], [ -122.079842, 37.851301 ], [ -122.079624, 37.849443 ], [ -122.088232, 37.849266 ], [ -122.087826, 37.850954 ], [ -122.107742, 37.850713 ], [ -122.10298, 37.85799 ], [ -122.106147, 37.857985 ], [ -122.106655, 37.862894 ], [ -122.109734, 37.864612 ], [ -122.109737, 37.866475 ], [ -122.108197, 37.867767 ], [ -122.106768, 37.867758 ], [ -122.107126, 37.86886 ], [ -122.105693, 37.871931 ], [ -122.112314, 37.873304 ], [ -122.112522, 37.874317 ], [ -122.115868, 37.874616 ], [ -122.116209, 37.873642 ], [ -122.126772, 37.87269 ], [ -122.128444, 37.873568 ], [ -122.128407, 37.874998 ], [ -122.133794, 37.874795 ], [ -122.13379, 37.875696 ], [ -122.136067, 37.875717 ], [ -122.136104, 37.872095 ], [ -122.141787, 37.872129 ], [ -122.141829, 37.8685 ], [ -122.145262, 37.868523 ], [ -122.156675, 37.871604 ], [ -122.155545, 37.872628 ], [ -122.155859, 37.881386 ], [ -122.155439, 37.882571 ], [ -122.153683, 37.883035 ], [ -122.155732, 37.883567 ], [ -122.155806, 37.881857 ], [ -122.158168, 37.881156 ], [ -122.163238, 37.88113 ], [ -122.161695, 37.883093 ], [ -122.164991, 37.885346 ], [ -122.165032, 37.889546 ], [ -122.16688, 37.889503 ], [ -122.166921, 37.892055 ], [ -122.165059, 37.892363 ], [ -122.165216, 37.909492 ], [ -122.160939, 37.909544 ], [ -122.160909, 37.913042 ], [ -122.166785, 37.917035 ], [ -122.174056, 37.915394 ], [ -122.175663, 37.91582 ], [ -122.176956, 37.918144 ], [ -122.184847, 37.918731 ], [ -122.192613, 37.920183 ], [ -122.195702, 37.921555 ], [ -122.198009, 37.9186 ], [ -122.199859, 37.917509 ], [ -122.200022, 37.914894 ], [ -122.203291, 37.909522 ], [ -122.204897, 37.908411 ], [ -122.210499, 37.908375 ], [ -122.211129, 37.907251 ], [ -122.210539, 37.905823 ], [ -122.211257, 37.90685 ], [ -122.211098, 37.907889 ] ] ] } },
{ "type": "Feature", "properties": { "zip": "95119" }, "geometry": { "type": "Polygon", "coordinates": [ [ [ -121.82138, 37.223308 ], [ -121.821268, 37.229494 ], [ -121.817846, 37.227654 ], [ -121.813325, 37.226643 ], [ -121.808975, 37.226752 ], [ -121.808298, 37.225071 ], [ -121.80645, 37.225186 ], [ -121.805451, 37.224098 ], [ -121.800888, 37.225944 ], [ -121.803739, 37.226612 ], [ -121.803844, 37.2341 ], [ -121.802071, 37.234126 ], [ -121.802097, 37.235095 ], [ -121.803869, 37.23606 ], [ -121.804056, 37.243137 ], [ -121.792757, 37.240139 ], [ -121.792548, 37.240843 ], [ -121.79359, 37.24126 ], [ -121.79391, 37.244091 ], [ -121.795903, 37.245984 ], [ -121.795287, 37.25079 ], [ -121.802898, 37.25533 ], [ -121.80249, 37.255625 ], [ -121.768706, 37.235438 ], [ -121.773614, 37.229462 ], [ -121.772071, 37.228947 ], [ -121.773454, 37.227315 ], [ -121.775338, 37.228546 ], [ -121.778987, 37.224585 ], [ -121.77134, 37.221114 ], [ -121.770862, 37.217377 ], [ -121.772762, 37.213142 ], [ -121.775662, 37.212243 ], [ -121.778225, 37.208188 ], [ -121.779424, 37.208678 ], [ -121.779692, 37.207734 ], [ -121.786947, 37.209886 ], [ -121.786802, 37.21112 ], [ -121.790272, 37.211422 ], [ -121.790843, 37.214709 ], [ -121.793603, 37.215473 ], [ -121.797425, 37.214233 ], [ -121.799575, 37.21487 ], [ -121.80115, 37.214159 ], [ -121.802581, 37.216337 ], [ -121.811447, 37.217521 ], [ -121.812522, 37.219237 ], [ -121.815829, 37.220168 ], [ -121.815847, 37.221018 ], [ -121.82138, 37.223308 ] ] ] } },
{ "type": "Feature", "properties": { "zip": "94945" }, "geometry": { "type": "Polygon", "coordinates": [ [ [ -122.624079, 38.130861 ], [ -122.622005, 38.13731 ], [ -122.613983, 38.139752 ], [ -122.608904, 38.138779 ], [ -122.608794, 38.147819 ], [ -122.607336, 38.146946 ], [ -122.599094, 38.147019 ], [ -122.592104, 38.145889 ], [ -122.580488, 38.136284 ], [ -122.577759, 38.138402 ], [ -122.568892, 38.136064 ], [ -122.567897, 38.13507 ], [ -122.565256, 38.134903 ], [ -122.564459, 38.13187 ], [ -122.563874, 38.135646 ], [ -122.564899, 38.145382 ], [ -122.569625, 38.158222 ], [ -122.57963, 38.166411 ], [ -122.597533, 38.179034 ], [ -122.599587, 38.181126 ], [ -122.600917, 38.185263 ], [ -122.598169, 38.187194 ], [ -122.592601, 38.188775 ], [ -122.591145, 38.185992 ], [ -122.587221, 38.186988 ], [ -122.586806, 38.187721 ], [ -122.584514, 38.188073 ], [ -122.583709, 38.187041 ], [ -122.582118, 38.18802 ], [ -122.581864, 38.186113 ], [ -122.579799, 38.185536 ], [ -122.578201, 38.183583 ], [ -122.573237, 38.183299 ], [ -122.570693, 38.183518 ], [ -122.570931, 38.184594 ], [ -122.573174, 38.185877 ], [ -122.572502, 38.187067 ], [ -122.570732, 38.187142 ], [ -122.567881, 38.183801 ], [ -122.565093, 38.182217 ], [ -122.568384, 38.176836 ], [ -122.564463, 38.175081 ], [ -122.564264, 38.170694 ], [ -122.563193, 38.169318 ], [ -122.559243, 38.168619 ], [ -122.553292, 38.169977 ], [ -122.55198, 38.169001 ], [ -122.553492, 38.166618 ], [ -122.557992, 38.16353 ], [ -122.558435, 38.161974 ], [ -122.557138, 38.159578 ], [ -122.549615, 38.15729 ], [ -122.545376, 38.158733 ], [ -122.54371, 38.158068 ], [ -122.537697, 38.151514 ], [ -122.533257, 38.148119 ], [ -122.523964, 38.143511 ], [ -122.519019, 38.139742 ], [ -122.513104, 38.13212 ], [ -122.511291, 38.124919 ], [ -122.507926, 38.118098 ], [ -122.50282, 38.113002 ], [ -122.487947, 38.105118 ], [ -122.486046, 38.101191 ], [ -122.485911065741007, 38.099244010299103 ], [ -122.487164, 38.099271 ], [ -122.489474, 38.09502 ], [ -122.493816, 38.092178 ], [ -122.493776, 38.094321 ], [ -122.50241, 38.089634 ], [ -122.505542, 38.085391 ], [ -122.509193, 38.084457 ], [ -122.512263, 38.085302 ], [ -122.514809, 38.091066 ], [ -122.517847, 38.0916 ], [ -122.52318, 38.087641 ], [ -122.528482, 38.087735 ], [ -122.529098, 38.086077 ], [ -122.527547, 38.082906 ], [ -122.52823, 38.081531 ], [ -122.533847, 38.084311 ], [ -122.534826, 38.087356 ], [ -122.546108, 38.08008 ], [ -122.559055, 38.092317 ], [ -122.561816, 38.090452 ], [ -122.561871, 38.093935 ], [ -122.563609, 38.09373 ], [ -122.566549, 38.095134 ], [ -122.56631, 38.097624 ], [ -122.576713, 38.106863 ], [ -122.578607, 38.106739 ], [ -122.589165, 38.111634 ], [ -122.589906, 38.111148 ], [ -122.588018, 38.113829 ], [ -122.593961, 38.116194 ], [ -122.599539, 38.116676 ], [ -122.604056, 38.11465 ], [ -122.605988, 38.116351 ], [ -122.613489, 38.119293 ], [ -122.612366, 38.122223 ], [ -122.612754, 38.123889 ], [ -122.616794, 38.125095 ], [ -122.618869, 38.120846 ], [ -122.624051, 38.122797 ], [ -122.624079, 38.130861 ] ] ] } },
{ "type": "Feature", "properties": { "zip": "95123" }, "geometry": { "type": "Polygon", "coordinates": [ [ [ -121.875991, 37.255746 ], [ -121.848434, 37.255388 ], [ -121.844786, 37.265966 ], [ -121.831087, 37.26598 ], [ -121.830951, 37.262451 ], [ -121.83478, 37.262473 ], [ -121.834244, 37.258199 ], [ -121.81211, 37.25905 ], [ -121.810299, 37.260202 ], [ -121.795287, 37.25079 ], [ -121.795903, 37.245984 ], [ -121.79391, 37.244091 ], [ -121.79359, 37.24126 ], [ -121.792548, 37.240843 ], [ -121.792757, 37.240139 ], [ -121.804056, 37.243137 ], [ -121.803869, 37.23606 ], [ -121.802097, 37.235095 ], [ -121.802071, 37.234126 ], [ -121.803844, 37.2341 ], [ -121.803739, 37.226612 ], [ -121.800888, 37.225944 ], [ -121.803662, 37.224639 ], [ -121.805451, 37.224098 ], [ -121.80645, 37.225186 ], [ -121.808298, 37.225071 ], [ -121.808975, 37.226752 ], [ -121.813325, 37.226643 ], [ -121.817846, 37.227654 ], [ -121.821268, 37.229494 ], [ -121.821589, 37.228162 ], [ -121.826071, 37.228672 ], [ -121.827938, 37.227733 ], [ -121.827341, 37.225867 ], [ -121.835346, 37.226734 ], [ -121.835166, 37.228191 ], [ -121.840148, 37.229562 ], [ -121.840743, 37.225373 ], [ -121.841795, 37.224983 ], [ -121.843629, 37.226537 ], [ -121.848237, 37.228201 ], [ -121.848277, 37.229078 ], [ -121.846922, 37.228874 ], [ -121.848498, 37.230387 ], [ -121.846953, 37.232622 ], [ -121.850197, 37.232648 ], [ -121.852472, 37.2339 ], [ -121.852424, 37.235664 ], [ -121.862343, 37.23931 ], [ -121.863134, 37.237333 ], [ -121.870284, 37.23714 ], [ -121.869138, 37.239373 ], [ -121.868973, 37.242995 ], [ -121.874926, 37.242606 ], [ -121.875991, 37.255746 ] ], [ [ -121.834739, 37.259023 ], [ -121.839353, 37.258992 ], [ -121.839354, 37.25813 ], [ -121.835136, 37.258144 ], [ -121.834739, 37.259023 ] ] ] } },
{ "type": "Feature", "properties": { "zip": "94534" }, "geometry": { "type": "Polygon", "coordinates": [ [ [ -122.216482, 38.266015 ], [ -122.212282, 38.272814 ], [ -122.210982, 38.271914 ], [ -122.206382, 38.271614 ], [ -122.197381, 38.272714 ], [ -122.195681, 38.271514 ], [ -122.188381, 38.271614 ], [ -122.191081, 38.275914 ], [ -122.190681, 38.277514 ], [ -122.196381, 38.281914 ], [ -122.196681, 38.284414 ], [ -122.198282, 38.284814 ], [ -122.201482, 38.289314 ], [ -122.201682, 38.292414 ], [ -122.203482, 38.292914 ], [ -122.203782, 38.293914 ], [ -122.199082, 38.300113 ], [ -122.199382, 38.301591 ], [ -122.202583, 38.304113 ], [ -122.201396, 38.308013 ], [ -122.204081, 38.31011 ], [ -122.206179, 38.314014 ], [ -122.205982, 38.315713 ], [ -122.064779, 38.315912 ], [ -122.065079, 38.317112 ], [ -122.068179, 38.318412 ], [ -122.065271, 38.323204 ], [ -122.044568, 38.323544 ], [ -122.034119, 38.3231 ], [ -122.033993, 38.31601 ], [ -122.031809, 38.315367 ], [ -122.033416, 38.30889 ], [ -122.034381, 38.291608 ], [ -122.069522, 38.249783 ], [ -122.086594, 38.242292 ], [ -122.084418, 38.240802 ], [ -122.084117, 38.239667 ], [ -122.0711, 38.240093 ], [ -122.071093, 38.238649 ], [ -122.079019, 38.236778 ], [ -122.079014, 38.234186 ], [ -122.071231, 38.236778 ], [ -122.070219, 38.234998 ], [ -122.066648, 38.235007 ], [ -122.071066, 38.23274 ], [ -122.071158, 38.2291 ], [ -122.064, 38.230956 ], [ -122.053683, 38.235977 ], [ -122.045672, 38.235853 ], [ -122.08958, 38.15249 ], [ -122.100452, 38.156543 ], [ -122.101636, 38.158372 ], [ -122.103111, 38.158954 ], [ -122.107006, 38.155557 ], [ -122.109127, 38.154683 ], [ -122.111966, 38.155281 ], [ -122.114467, 38.158719 ], [ -122.113746, 38.162554 ], [ -122.1085, 38.163984 ], [ -122.11038, 38.16645 ], [ -122.113812, 38.168415 ], [ -122.113885, 38.170914 ], [ -122.127713, 38.17137 ], [ -122.115094, 38.156264 ], [ -122.114819, 38.153708 ], [ -122.11325, 38.152061 ], [ -122.112606, 38.148228 ], [ -122.111128, 38.146716 ], [ -122.115592, 38.146676 ], [ -122.116808, 38.14506 ], [ -122.123198, 38.141602 ], [ -122.123009, 38.139624 ], [ -122.124308, 38.137404 ], [ -122.122999, 38.135592 ], [ -122.12145, 38.130121 ], [ -122.121895, 38.129401 ], [ -122.127816, 38.12497 ], [ -122.131067, 38.125125 ], [ -122.132443, 38.126156 ], [ -122.141275, 38.121947 ], [ -122.141526, 38.120139 ], [ -122.140755, 38.119919 ], [ -122.140172, 38.117683 ], [ -122.147596, 38.121515 ], [ -122.148319, 38.124292 ], [ -122.148614, 38.120886 ], [ -122.154025, 38.121092 ], [ -122.154789, 38.120161 ], [ -122.156539, 38.121775 ], [ -122.158081, 38.121975 ], [ -122.161424, 38.121281 ], [ -122.163512, 38.119885 ], [ -122.163575, 38.118567 ], [ -122.164664, 38.120824 ], [ -122.165727, 38.120988 ], [ -122.16542, 38.123482 ], [ -122.166166, 38.124878 ], [ -122.165518, 38.126061 ], [ -122.167139, 38.13169 ], [ -122.169049, 38.134483 ], [ -122.169478, 38.137577 ], [ -122.16615, 38.147053 ], [ -122.154791, 38.16739 ], [ -122.152781, 38.168159 ], [ -122.151912, 38.173611 ], [ -122.153443, 38.174864 ], [ -122.154292, 38.177467 ], [ -122.153594, 38.178402 ], [ -122.155918, 38.18021 ], [ -122.157367, 38.187942 ], [ -122.160111, 38.189239 ], [ -122.161777, 38.191423 ], [ -122.176497, 38.184879 ], [ -122.180105, 38.184833 ], [ -122.186213, 38.188168 ], [ -122.189964, 38.187764 ], [ -122.197056, 38.18895 ], [ -122.199458, 38.188436 ], [ -122.200231, 38.190083 ], [ -122.196108, 38.190195 ], [ -122.194864, 38.191789 ], [ -122.192169, 38.191664 ], [ -122.188456, 38.193378 ], [ -122.186789, 38.192894 ], [ -122.184553, 38.1958 ], [ -122.180414, 38.194739 ], [ -122.181075, 38.197039 ], [ -122.178319, 38.196881 ], [ -122.171944, 38.198497 ], [ -122.1709, 38.197361 ], [ -122.167272, 38.198939 ], [ -122.165956, 38.198825 ], [ -122.167522, 38.197497 ], [ -122.164865, 38.19745 ], [ -122.165333, 38.195794 ], [ -122.162955, 38.197563 ], [ -122.162891, 38.206386 ], [ -122.15664, 38.206948 ], [ -122.156683, 38.207683 ], [ -122.150936, 38.208482 ], [ -122.151302, 38.209617 ], [ -122.149504, 38.210619 ], [ -122.149464, 38.213196 ], [ -122.154397, 38.21674 ], [ -122.157346, 38.216897 ], [ -122.157457, 38.221694 ], [ -122.159357, 38.220825 ], [ -122.167043, 38.23508 ], [ -122.162973, 38.236045 ], [ -122.163003, 38.239969 ], [ -122.164842, 38.241833 ], [ -122.170431, 38.242917 ], [ -122.171986, 38.241967 ], [ -122.178753, 38.243447 ], [ -122.184206, 38.240469 ], [ -122.190317, 38.240461 ], [ -122.194917, 38.244169 ], [ -122.198264, 38.245197 ], [ -122.198997, 38.248106 ], [ -122.2008, 38.249411 ], [ -122.199481, 38.250915 ], [ -122.19518, 38.250716 ], [ -122.193281, 38.256415 ], [ -122.196781, 38.258415 ], [ -122.202981, 38.259215 ], [ -122.208481, 38.258415 ], [ -122.212982, 38.259115 ], [ -122.216882, 38.262315 ], [ -122.216482, 38.266015 ] ] ] } },
{ "type": "Feature", "properties": { "zip": "94303" }, "geometry": { "type": "Polygon", "coordinates": [ [ [ -122.156315, 37.469409 ], [ -122.153693, 37.474498 ], [ -122.147181, 37.473573 ], [ -122.145864, 37.475594 ], [ -122.139519, 37.475927 ], [ -122.139764, 37.480852 ], [ -122.13867, 37.48188 ], [ -122.131263, 37.484191 ], [ -122.124974, 37.487384 ], [ -122.123975195791999, 37.485545203106099 ], [ -122.125008, 37.48211 ], [ -122.124344, 37.476273 ], [ -122.121676, 37.477376 ], [ -122.121028274424006, 37.476568186435401 ], [ -122.123137, 37.474 ], [ -122.113305, 37.463786 ], [ -122.112386, 37.460485 ], [ -122.111062, 37.459342 ], [ -122.112746, 37.46321 ], [ -122.109554736025004, 37.463242620332203 ], [ -122.106355, 37.461289 ], [ -122.101803, 37.462727 ], [ -122.100750567717995, 37.4617968727893 ], [ -122.101163, 37.459342 ], [ -122.099095, 37.457984 ], [ -122.096953747810005, 37.458441288232798 ], [ -122.089569757660996, 37.452880778243099 ], [ -122.090133, 37.448023 ], [ -122.094247, 37.445652 ], [ -122.094232, 37.444354 ], [ -122.092508, 37.442409 ], [ -122.093121, 37.441019 ], [ -122.096428, 37.440012 ], [ -122.099142, 37.436332 ], [ -122.088704, 37.435914 ], [ -122.085199, 37.434967 ], [ -122.086586, 37.432847 ], [ -122.086546, 37.423472 ], [ -122.08999, 37.42382 ], [ -122.09703, 37.42791 ], [ -122.09666, 37.43196 ], [ -122.09743, 37.43343 ], [ -122.09971, 37.43356 ], [ -122.10115, 37.42791 ], [ -122.097761, 37.424805 ], [ -122.098146, 37.421652 ], [ -122.10025, 37.42177 ], [ -122.102158, 37.415586 ], [ -122.103498, 37.4163 ], [ -122.108172, 37.415834 ], [ -122.111104, 37.419381 ], [ -122.11005, 37.41993 ], [ -122.11211, 37.42238 ], [ -122.11383, 37.42174 ], [ -122.11518, 37.42249 ], [ -122.11607, 37.42347 ], [ -122.11472, 37.42419 ], [ -122.12257, 37.42915 ], [ -122.122111, 37.430814 ], [ -122.125746, 37.433705 ], [ -122.12862, 37.43296 ], [ -122.14321, 37.44215 ], [ -122.13975, 37.44314 ], [ -122.13973, 37.44874 ], [ -122.14116, 37.450795 ], [ -122.139319, 37.450185 ], [ -122.136708, 37.454337 ], [ -122.138774, 37.454802 ], [ -122.141907, 37.457831 ], [ -122.144933, 37.4582 ], [ -122.145053, 37.460785 ], [ -122.149996, 37.461753 ], [ -122.151257, 37.462739 ], [ -122.150557, 37.465987 ], [ -122.156315, 37.469409 ] ] ] } },
{ "type": "Feature", "properties": { "zip": "94517" }, "geometry": { "type": "Polygon", "coordinates": [ [ [ -121.989461, 37.899781 ], [ -121.981538, 37.91096 ], [ -121.973233, 37.920712 ], [ -121.967513, 37.925968 ], [ -121.960353, 37.929252 ], [ -121.958085, 37.931209 ], [ -121.957025, 37.934072 ], [ -121.944862, 37.933983 ], [ -121.946006, 37.937357 ], [ -121.94426, 37.937344 ], [ -121.944266, 37.941235 ], [ -121.950944, 37.94124 ], [ -121.950916, 37.948499 ], [ -121.957343, 37.952109 ], [ -121.952399, 37.95565 ], [ -121.951692, 37.95425 ], [ -121.95247, 37.953619 ], [ -121.951, 37.951932 ], [ -121.948075, 37.951075 ], [ -121.94681, 37.951188 ], [ -121.944659, 37.954134 ], [ -121.93933, 37.955862 ], [ -121.914617, 37.955142 ], [ -121.914464, 37.942992 ], [ -121.911322, 37.941266 ], [ -121.90592, 37.940266 ], [ -121.905456, 37.938204 ], [ -121.89866, 37.932421 ], [ -121.889965, 37.930723 ], [ -121.88811, 37.924347 ], [ -121.886293, 37.922302 ], [ -121.884037, 37.92142 ], [ -121.881322, 37.922553 ], [ -121.879905, 37.924705 ], [ -121.876737, 37.923302 ], [ -121.876888, 37.933226 ], [ -121.872015, 37.930951 ], [ -121.870476, 37.929274 ], [ -121.867967, 37.924468 ], [ -121.86796, 37.918145 ], [ -121.832385, 37.918114 ], [ -121.831688, 37.895799 ], [ -121.805233, 37.896252 ], [ -121.805152, 37.890681 ], [ -121.802664, 37.891633 ], [ -121.800019, 37.89115 ], [ -121.799008, 37.8926 ], [ -121.799155, 37.894518 ], [ -121.796255, 37.896124 ], [ -121.794367, 37.896149 ], [ -121.791511, 37.89448 ], [ -121.790743, 37.893168 ], [ -121.787855, 37.89223 ], [ -121.784855, 37.889568 ], [ -121.775994, 37.884891 ], [ -121.777333, 37.882018 ], [ -121.770655, 37.878305 ], [ -121.767117, 37.877505 ], [ -121.766855, 37.87493 ], [ -121.76193, 37.87458 ], [ -121.759934, 37.873644 ], [ -121.759242, 37.872518 ], [ -121.755767, 37.870843 ], [ -121.756955, 37.869768 ], [ -121.751217, 37.869868 ], [ -121.75126, 37.867647 ], [ -121.759734, 37.867924 ], [ -121.763352, 37.866688 ], [ -121.767719, 37.866355 ], [ -121.772288, 37.863078 ], [ -121.771205, 37.860586 ], [ -121.773676, 37.858438 ], [ -121.774601, 37.852339 ], [ -121.777319, 37.849828 ], [ -121.777769, 37.850434 ], [ -121.782254, 37.84762 ], [ -121.784235, 37.853422 ], [ -121.789794, 37.856651 ], [ -121.792666, 37.857187 ], [ -121.794754, 37.862095 ], [ -121.796685, 37.863151 ], [ -121.796687, 37.863952 ], [ -121.800185, 37.865211 ], [ -121.803093, 37.867739 ], [ -121.804068, 37.869817 ], [ -121.809324, 37.868646 ], [ -121.81175, 37.869339 ], [ -121.814939, 37.867021 ], [ -121.814015, 37.864343 ], [ -121.813976, 37.860308 ], [ -121.822966, 37.860193 ], [ -121.823145, 37.852922 ], [ -121.832131, 37.853086 ], [ -121.832168, 37.838971 ], [ -121.8231, 37.839062 ], [ -121.823216, 37.828203 ], [ -121.824687, 37.831041 ], [ -121.827613, 37.831991 ], [ -121.82733, 37.83331 ], [ -121.828764, 37.833809 ], [ -121.830146, 37.835732 ], [ -121.832454, 37.835913 ], [ -121.832513, 37.837923 ], [ -121.835573, 37.837639 ], [ -121.83914, 37.839627 ], [ -121.84327, 37.840374 ], [ -121.846844, 37.845847 ], [ -121.911001, 37.846086 ], [ -121.910987, 37.858341 ], [ -121.914384, 37.862149 ], [ -121.914055, 37.881945 ], [ -121.940892, 37.881437 ], [ -121.940737, 37.88815 ], [ -121.962901, 37.888208 ], [ -121.977707, 37.885273 ], [ -121.981789, 37.889901 ], [ -121.98799, 37.894688 ], [ -121.988822, 37.897177 ], [ -121.988169, 37.898121 ], [ -121.990644, 37.899584 ], [ -121.989461, 37.899781 ] ] ] } },
{ "type": "Feature", "properties": { "zip": "94706" }, "geometry": { "type": "Polygon", "coordinates": [ [ [ -122.309261, 37.897728 ], [ -122.30218, 37.898525 ], [ -122.299648, 37.898098 ], [ -122.296207, 37.898925 ], [ -122.289884, 37.897553 ], [ -122.288169, 37.897835 ], [ -122.288053, 37.899312 ], [ -122.287089, 37.899561 ], [ -122.287047, 37.890918 ], [ -122.284468, 37.891062 ], [ -122.283114, 37.888682 ], [ -122.284357, 37.887014 ], [ -122.280452, 37.885763 ], [ -122.281971, 37.884575 ], [ -122.282678, 37.881249 ], [ -122.284701, 37.880135 ], [ -122.290898, 37.881437 ], [ -122.296416, 37.88031 ], [ -122.297435, 37.883326 ], [ -122.305786, 37.882021 ], [ -122.307224, 37.887072 ], [ -122.308687, 37.887471 ], [ -122.307835, 37.890415 ], [ -122.309261, 37.897728 ] ] ] } },
{ "type": "Feature", "properties": { "zip": "94507" }, "geometry": { "type": "Polygon", "coordinates": [ [ [ -122.05376, 37.873134 ], [ -122.051813, 37.874715 ], [ -122.052289, 37.876124 ], [ -122.054853, 37.876441 ], [ -122.05456, 37.880576 ], [ -122.051592, 37.881664 ], [ -122.050071, 37.880846 ], [ -122.040902, 37.869666 ], [ -122.03879, 37.868722 ], [ -122.037029, 37.865707 ], [ -122.035453, 37.867838 ], [ -122.028934, 37.867898 ], [ -122.028605, 37.865835 ], [ -122.026151, 37.866488 ], [ -122.026051, 37.873402 ], [ -122.023171, 37.871952 ], [ -122.023239, 37.866409 ], [ -122.020163, 37.866467 ], [ -122.020034, 37.87352 ], [ -122.010286, 37.871866 ], [ -122.011716, 37.87456 ], [ -122.009892, 37.877893 ], [ -122.00642, 37.879785 ], [ -122.003474, 37.877761 ], [ -122.000489, 37.876985 ], [ -122.001811, 37.873722 ], [ -121.997127, 37.872329 ], [ -121.998343, 37.869831 ], [ -121.989908, 37.86837 ], [ -121.989091, 37.861807 ], [ -121.969296, 37.862425 ], [ -121.966665, 37.859786 ], [ -121.965841, 37.860593 ], [ -121.963959, 37.860573 ], [ -121.956474, 37.857918 ], [ -121.955309, 37.855169 ], [ -121.954552, 37.855776 ], [ -121.950836, 37.854199 ], [ -121.949975, 37.855181 ], [ -121.945283, 37.855333 ], [ -121.936994, 37.854351 ], [ -121.933485, 37.85235 ], [ -121.933868, 37.850391 ], [ -121.92776, 37.84606 ], [ -121.921069, 37.843025 ], [ -121.922342, 37.842585 ], [ -121.922674, 37.840881 ], [ -121.925221, 37.841146 ], [ -121.927076, 37.842783 ], [ -121.932422, 37.841562 ], [ -121.933759, 37.844023 ], [ -121.936026, 37.843621 ], [ -121.937264, 37.844271 ], [ -121.938162, 37.841173 ], [ -121.9407, 37.841922 ], [ -121.940342, 37.84319 ], [ -121.941649, 37.843409 ], [ -121.943931, 37.841977 ], [ -121.946133, 37.843306 ], [ -121.948148, 37.842284 ], [ -121.949831, 37.844115 ], [ -121.949171, 37.844991 ], [ -121.951473, 37.852918 ], [ -121.960417, 37.852799 ], [ -121.960455, 37.845528 ], [ -121.965859, 37.842982 ], [ -121.965475, 37.843482 ], [ -121.966429, 37.843604 ], [ -121.965858, 37.845348 ], [ -121.986842, 37.844641 ], [ -121.986798, 37.837433 ], [ -121.996927, 37.837093 ], [ -121.997029, 37.845224 ], [ -122.004802, 37.844762 ], [ -122.009186, 37.8463 ], [ -122.012341, 37.846295 ], [ -122.013318, 37.845941 ], [ -122.013262, 37.845042 ], [ -122.015536, 37.845797 ], [ -122.014097, 37.843343 ], [ -122.016271, 37.839393 ], [ -122.017612, 37.84014 ], [ -122.019018, 37.839119 ], [ -122.015694, 37.835657 ], [ -122.020353, 37.83119 ], [ -122.021472, 37.827326 ], [ -122.023982, 37.827215 ], [ -122.026586, 37.827886 ], [ -122.036196, 37.837108 ], [ -122.037831, 37.837707 ], [ -122.043312, 37.837509 ], [ -122.043306, 37.838457 ], [ -122.04788, 37.83876 ], [ -122.04788, 37.842205 ], [ -122.052357, 37.842497 ], [ -122.05322, 37.863345 ], [ -122.054078, 37.864263 ], [ -122.052997, 37.865671 ], [ -122.055502, 37.873113 ], [ -122.05376, 37.873134 ] ] ] } },
{ "type": "Feature", "properties": { "zip": "94526" }, "geometry": { "type": "Polygon", "coordinates": [ [ [ -122.028549, 37.827651 ], [ -122.025082, 37.825791 ], [ -122.025938, 37.827861 ], [ -122.021472, 37.827326 ], [ -122.020353, 37.83119 ], [ -122.015694, 37.835657 ], [ -122.019018, 37.839119 ], [ -122.017612, 37.84014 ], [ -122.016271, 37.839393 ], [ -122.014097, 37.843343 ], [ -122.015536, 37.845797 ], [ -122.013262, 37.845042 ], [ -122.013318, 37.845941 ], [ -122.012501, 37.846247 ], [ -122.009439, 37.846349 ], [ -122.004802, 37.844762 ], [ -121.997029, 37.845224 ], [ -121.996927, 37.837093 ], [ -121.986798, 37.837433 ], [ -121.986842, 37.844641 ], [ -121.965858, 37.845348 ], [ -121.966429, 37.843604 ], [ -121.965475, 37.843482 ], [ -121.965859, 37.842982 ], [ -121.976, 37.83807 ], [ -121.969821, 37.838165 ], [ -121.96918, 37.835878 ], [ -121.967251, 37.835309 ], [ -121.966155, 37.833933 ], [ -121.962475, 37.832936 ], [ -121.959128, 37.833088 ], [ -121.95647, 37.831739 ], [ -121.959773, 37.830852 ], [ -121.957405, 37.826403 ], [ -121.954602, 37.823594 ], [ -121.954955, 37.821883 ], [ -121.948844, 37.819445 ], [ -121.947601, 37.816862 ], [ -121.951102, 37.816693 ], [ -121.951122, 37.812462 ], [ -121.948948, 37.812908 ], [ -121.948706, 37.810728 ], [ -121.945867, 37.809154 ], [ -121.945062, 37.810267 ], [ -121.942626, 37.809074 ], [ -121.941836, 37.805217 ], [ -121.942507, 37.804171 ], [ -121.949581, 37.807469 ], [ -121.952084, 37.803166 ], [ -121.951156, 37.802573 ], [ -121.95353, 37.798125 ], [ -121.947489, 37.795085 ], [ -121.95102, 37.795004 ], [ -121.951109, 37.78691 ], [ -121.966875, 37.780485 ], [ -121.968637, 37.782954 ], [ -121.976468, 37.779928 ], [ -121.98052, 37.787204 ], [ -121.980753, 37.786674 ], [ -121.991204, 37.786435 ], [ -121.992137, 37.787378 ], [ -121.992805, 37.787001 ], [ -121.993833, 37.790619 ], [ -121.993698, 37.793671 ], [ -122.005439, 37.793292 ], [ -122.005704, 37.808304 ], [ -122.00239, 37.8083 ], [ -122.000826, 37.809707 ], [ -122.00379, 37.81061 ], [ -122.007196, 37.80944 ], [ -122.007439, 37.808348 ], [ -122.026076, 37.809064 ], [ -122.025999, 37.823605 ], [ -122.023936, 37.823569 ], [ -122.024824, 37.825238 ], [ -122.028633, 37.82518 ], [ -122.028549, 37.827651 ] ] ] } },
{ "type": "Feature", "properties": { "zip": "94109" }, "geometry": { "type": "Polygon", "coordinates": [ [ [ -122.430104, 37.795463 ], [ -122.426382, 37.795859 ], [ -122.424244, 37.796608 ], [ -122.423894, 37.797604 ], [ -122.424464, 37.800402 ], [ -122.425042, 37.800328 ], [ -122.424601, 37.801261 ], [ -122.425488, 37.80601 ], [ -122.426572291023007, 37.8079851640911 ], [ -122.419111581365001, 37.808587543927899 ], [ -122.419086, 37.807803 ], [ -122.420743, 37.80759 ], [ -122.418605, 37.805373 ], [ -122.417573, 37.798426 ], [ -122.415572, 37.79868 ], [ -122.414826, 37.794988 ], [ -122.414242, 37.795062 ], [ -122.413916, 37.790463 ], [ -122.412266, 37.790673 ], [ -122.411699, 37.787872 ], [ -122.414876, 37.786864 ], [ -122.414242, 37.783724 ], [ -122.417529, 37.783311 ], [ -122.417425, 37.7828 ], [ -122.424108, 37.782477 ], [ -122.423918, 37.781536 ], [ -122.427203, 37.781117 ], [ -122.430104, 37.795463 ] ] ] } },
{ "type": "Feature", "properties": { "zip": "94041" }, "geometry": { "type": "Polygon", "coordinates": [ [ [ -122.095258, 37.394066 ], [ -122.092358, 37.395033 ], [ -122.09457, 37.39595 ], [ -122.09375, 37.39728 ], [ -122.092146, 37.396564 ], [ -122.091312, 37.400534 ], [ -122.06304, 37.38902 ], [ -122.0524, 37.38556 ], [ -122.052728, 37.384557 ], [ -122.056931, 37.385452 ], [ -122.059083, 37.379113 ], [ -122.06099, 37.37742 ], [ -122.06356, 37.37657 ], [ -122.069682, 37.379031 ], [ -122.068979, 37.382079 ], [ -122.07156, 37.37985 ], [ -122.09133, 37.38934 ], [ -122.095258, 37.394066 ] ] ] } },
{ "type": "Feature", "properties": { "zip": "94117" }, "geometry": { "type": "Polygon", "coordinates": [ [ [ -122.458371, 37.774309 ], [ -122.449202, 37.775454 ], [ -122.449379, 37.776338 ], [ -122.446643, 37.776659 ], [ -122.446471, 37.775802 ], [ -122.44478, 37.776017 ], [ -122.444967, 37.776958 ], [ -122.430115, 37.778842 ], [ -122.428049, 37.770699 ], [ -122.429128, 37.769456 ], [ -122.435794, 37.769058 ], [ -122.435624, 37.767328 ], [ -122.443347, 37.765333 ], [ -122.443385, 37.763481 ], [ -122.446783, 37.761781 ], [ -122.447157, 37.759661 ], [ -122.452446, 37.758227 ], [ -122.452012, 37.760361 ], [ -122.453804, 37.761717 ], [ -122.455641, 37.760295 ], [ -122.455552, 37.764136 ], [ -122.457536, 37.763566 ], [ -122.458277, 37.76728 ], [ -122.454954, 37.76845 ], [ -122.455195, 37.770798 ], [ -122.456839, 37.770992 ], [ -122.455674, 37.772839 ], [ -122.458371, 37.774309 ] ] ] } },
{ "type": "Feature", "properties": { "zip": "94950" }, "geometry": { "type": "Polygon", "coordinates": [ [ [ -122.792386, 38.047532 ], [ -122.788906, 38.043685 ], [ -122.787966, 38.040587 ], [ -122.785098, 38.042905 ], [ -122.778886, 38.044528 ], [ -122.775153, 38.047374 ], [ -122.762745, 38.043653 ], [ -122.762471, 38.04053 ], [ -122.76446, 38.037723 ], [ -122.757964, 38.035994 ], [ -122.759296, 38.035052 ], [ -122.760552, 38.032387 ], [ -122.759616, 38.028527 ], [ -122.751525, 38.023367 ], [ -122.745016, 38.020632 ], [ -122.735351, 38.00952 ], [ -122.73528, 38.00824 ], [ -122.729038, 38.005209 ], [ -122.744712, 37.998366 ], [ -122.754587, 37.996748 ], [ -122.754428, 37.995254 ], [ -122.758586, 37.995888 ], [ -122.759196, 37.996481 ], [ -122.756657, 37.996501 ], [ -122.755475, 37.998433 ], [ -122.756297, 37.999896 ], [ -122.758792, 38.000216 ], [ -122.760679, 38.001826 ], [ -122.764931, 38.00819 ], [ -122.766639, 38.009373 ], [ -122.766908, 38.011213 ], [ -122.768172, 38.011774 ], [ -122.768747, 38.013379 ], [ -122.770039, 38.013407 ], [ -122.776827, 38.021453 ], [ -122.781202, 38.023525 ], [ -122.781444, 38.025514 ], [ -122.782513, 38.025789 ], [ -122.783894, 38.028899 ], [ -122.785866, 38.03023 ], [ -122.786019, 38.031246 ], [ -122.784177, 38.033333 ], [ -122.783635, 38.035305 ], [ -122.784058, 38.036904 ], [ -122.786044, 38.039048 ], [ -122.788273, 38.039504 ], [ -122.789794, 38.042015 ], [ -122.791864, 38.042598 ], [ -122.794608, 38.045862 ], [ -122.792386, 38.047532 ] ] ] } },
{ "type": "Feature", "properties": { "zip": "94928" }, "geometry": { "type": "Polygon", "coordinates": [ [ [ -122.731967, 38.349779 ], [ -122.725554, 38.357791 ], [ -122.713539, 38.357743 ], [ -122.713843, 38.361527 ], [ -122.715137, 38.363258 ], [ -122.713542, 38.36664 ], [ -122.715203, 38.369187 ], [ -122.712532, 38.365373 ], [ -122.712739, 38.369254 ], [ -122.701497, 38.369424 ], [ -122.703797, 38.372117 ], [ -122.676448, 38.372367 ], [ -122.676383, 38.36509 ], [ -122.685787, 38.365002 ], [ -122.685711, 38.354005 ], [ -122.667295, 38.354248 ], [ -122.666825, 38.33617 ], [ -122.676089, 38.336181 ], [ -122.67606, 38.325192 ], [ -122.66669, 38.325191 ], [ -122.666688, 38.314308 ], [ -122.681184, 38.31431 ], [ -122.683377, 38.318794 ], [ -122.688001, 38.318795 ], [ -122.690669, 38.319825 ], [ -122.69179, 38.321596 ], [ -122.692812, 38.321599 ], [ -122.696681, 38.328205 ], [ -122.69243, 38.330048 ], [ -122.69005, 38.326357 ], [ -122.688425, 38.326926 ], [ -122.689535, 38.328708 ], [ -122.688029, 38.328713 ], [ -122.69076, 38.334897 ], [ -122.692904, 38.334114 ], [ -122.692261, 38.333083 ], [ -122.69435, 38.332204 ], [ -122.693591, 38.331062 ], [ -122.696758, 38.329732 ], [ -122.697967, 38.330671 ], [ -122.703997, 38.328186 ], [ -122.706258, 38.330665 ], [ -122.70522, 38.331702 ], [ -122.706527, 38.333827 ], [ -122.707984, 38.333295 ], [ -122.712981, 38.337049 ], [ -122.713233, 38.343123 ], [ -122.72336, 38.343523 ], [ -122.726171, 38.348078 ], [ -122.731967, 38.349779 ] ] ] } },
{ "type": "Feature", "properties": { "zip": "95117" }, "geometry": { "type": "MultiPolygon", "coordinates": [ [ [ [ -121.95641, 37.3299 ], [ -121.953029, 37.329906 ], [ -121.953023, 37.328436 ], [ -121.950226, 37.328472 ], [ -121.950305, 37.32697 ], [ -121.956335, 37.326995 ], [ -121.95641, 37.3299 ] ] ], [ [ [ -121.981734, 37.300877 ], [ -121.977884, 37.307209 ], [ -121.975913, 37.30817 ], [ -121.975938, 37.310635 ], [ -121.97734, 37.310673 ], [ -121.977322, 37.311409 ], [ -121.972099, 37.311483 ], [ -121.972592, 37.314369 ], [ -121.976795, 37.314317 ], [ -121.975944, 37.315893 ], [ -121.975026, 37.317086 ], [ -121.969283, 37.316196 ], [ -121.969758, 37.318422 ], [ -121.970672, 37.318419 ], [ -121.970678, 37.319671 ], [ -121.97198, 37.320152 ], [ -121.968369, 37.320185 ], [ -121.96836, 37.32312 ], [ -121.95018, 37.3234 ], [ -121.950102, 37.315 ], [ -121.952089, 37.314971 ], [ -121.951635, 37.308835 ], [ -121.950794, 37.308856 ], [ -121.952174, 37.307019 ], [ -121.952096, 37.303396 ], [ -121.949948, 37.301555 ], [ -121.949919, 37.295628 ], [ -121.954441, 37.295569 ], [ -121.95442, 37.29432 ], [ -121.95905, 37.29432 ], [ -121.95945, 37.2974 ], [ -121.961852, 37.297892 ], [ -121.964285, 37.301176 ], [ -121.970263, 37.301037 ], [ -121.971056, 37.299702 ], [ -121.974051, 37.300963 ], [ -121.979521, 37.300481 ], [ -121.981734, 37.300877 ] ] ] ] } },
{ "type": "Feature", "properties": { "zip": "94591" }, "geometry": { "type": "Polygon", "coordinates": [ [ [ -122.232831, 38.085231 ], [ -122.229792, 38.094783 ], [ -122.229825, 38.12315 ], [ -122.217294, 38.143389 ], [ -122.216619, 38.150355 ], [ -122.214905, 38.154986 ], [ -122.207954, 38.164079 ], [ -122.194891, 38.173167 ], [ -122.189714, 38.178811 ], [ -122.180686, 38.185425 ], [ -122.180105, 38.184833 ], [ -122.176497, 38.184879 ], [ -122.161777, 38.191423 ], [ -122.160111, 38.189239 ], [ -122.157367, 38.187942 ], [ -122.155918, 38.18021 ], [ -122.153594, 38.178402 ], [ -122.154292, 38.177467 ], [ -122.153443, 38.174864 ], [ -122.151912, 38.173611 ], [ -122.152781, 38.168159 ], [ -122.154791, 38.16739 ], [ -122.16615, 38.147053 ], [ -122.169478, 38.137577 ], [ -122.169049, 38.134483 ], [ -122.167139, 38.13169 ], [ -122.179232, 38.126312 ], [ -122.174113, 38.109548 ], [ -122.193074, 38.081941 ], [ -122.193953, 38.083886 ], [ -122.195294, 38.082108 ], [ -122.198695, 38.08369 ], [ -122.199566, 38.082986 ], [ -122.199548, 38.08099 ], [ -122.196295, 38.079245 ], [ -122.198028, 38.079108 ], [ -122.19785, 38.075492 ], [ -122.193897, 38.065822 ], [ -122.192922, 38.061474 ], [ -122.194464, 38.059899 ], [ -122.199884, 38.061069 ], [ -122.201365, 38.062739 ], [ -122.201275, 38.064547 ], [ -122.203422, 38.064244 ], [ -122.205091, 38.066709 ], [ -122.207133, 38.067947 ], [ -122.20978, 38.065672 ], [ -122.214561, 38.066031 ], [ -122.225542, 38.064919 ], [ -122.225833, 38.067489 ], [ -122.22735, 38.070399 ], [ -122.231858, 38.076397 ], [ -122.2332, 38.080764 ], [ -122.232831, 38.085231 ] ] ] } },
{ "type": "Feature", "properties": { "zip": "94401" }, "geometry": { "type": "Polygon", "coordinates": [ [ [ -122.347063, 37.572036 ], [ -122.342009, 37.57421 ], [ -122.342893, 37.574508 ], [ -122.330827, 37.582981 ], [ -122.334733, 37.586644 ], [ -122.333048626446001, 37.588228654895602 ], [ -122.328943, 37.588795 ], [ -122.325119, 37.591526 ], [ -122.31492, 37.591243 ], [ -122.315713, 37.583666 ], [ -122.305895, 37.575484 ], [ -122.296859691411996, 37.5754576908652 ], [ -122.296992, 37.571759 ], [ -122.294323, 37.570578 ], [ -122.293625, 37.568561 ], [ -122.291823, 37.569038 ], [ -122.293142, 37.568005 ], [ -122.297096, 37.567723 ], [ -122.297052, 37.562934 ], [ -122.302781, 37.560331 ], [ -122.311793, 37.568683 ], [ -122.31295, 37.56956 ], [ -122.31425, 37.569264 ], [ -122.319224, 37.56636 ], [ -122.320111, 37.564675 ], [ -122.314342, 37.559039 ], [ -122.31714, 37.556817 ], [ -122.318957, 37.556654 ], [ -122.329655, 37.56676 ], [ -122.330652, 37.567378 ], [ -122.331622, 37.566355 ], [ -122.33375, 37.569184 ], [ -122.335281, 37.569861 ], [ -122.338212, 37.568929 ], [ -122.339525, 37.569679 ], [ -122.338044, 37.570718 ], [ -122.337736, 37.570151 ], [ -122.336655, 37.570517 ], [ -122.337555, 37.571127 ], [ -122.341028, 37.570666 ], [ -122.341846, 37.572763 ], [ -122.34507, 37.571411 ], [ -122.347063, 37.572036 ] ] ] } },
{ "type": "Feature", "properties": { "zip": "94544" }, "geometry": { "type": "MultiPolygon", "coordinates": [ [ [ [ -122.095331, 37.661014 ], [ -122.094569, 37.661339 ], [ -122.093046, 37.65998 ], [ -122.09428, 37.659619 ], [ -122.095331, 37.661014 ] ] ], [ [ [ -122.10161, 37.656422 ], [ -122.088605, 37.661419 ], [ -122.087468, 37.66322 ], [ -122.084138, 37.663514 ], [ -122.079887, 37.669851 ], [ -122.075515, 37.666495 ], [ -122.074749, 37.666626 ], [ -122.078024, 37.665503 ], [ -122.071998, 37.657804 ], [ -122.071305, 37.65817 ], [ -122.064598, 37.648266 ], [ -122.062241, 37.649918 ], [ -122.059751, 37.649642 ], [ -122.055455, 37.650687 ], [ -122.049562, 37.646505 ], [ -122.044828, 37.647373 ], [ -122.035972, 37.645532 ], [ -122.031025, 37.645603 ], [ -122.02832, 37.647836 ], [ -122.022542, 37.647513 ], [ -122.019566, 37.646311 ], [ -122.016201, 37.642611 ], [ -122.018796, 37.639727 ], [ -122.019848, 37.637076 ], [ -122.015349, 37.63426 ], [ -122.011089, 37.633652 ], [ -122.014024, 37.631686 ], [ -122.012169, 37.630683 ], [ -122.022811, 37.625791 ], [ -122.029627, 37.620655 ], [ -122.023827, 37.615452 ], [ -122.028222, 37.613454 ], [ -122.02324, 37.609048 ], [ -122.0345, 37.60906 ], [ -122.030938, 37.605927 ], [ -122.05869, 37.606028 ], [ -122.059375, 37.603907 ], [ -122.068794, 37.605698 ], [ -122.066536, 37.61314 ], [ -122.071185, 37.613274 ], [ -122.072237, 37.61475 ], [ -122.065527, 37.614833 ], [ -122.063987, 37.61617 ], [ -122.074536, 37.617585 ], [ -122.10161, 37.656422 ] ] ] ] } },
{ "type": "Feature", "properties": { "zip": "94803" }, "geometry": { "type": "Polygon", "coordinates": [ [ [ -122.33073, 37.959486 ], [ -122.329244, 37.962228 ], [ -122.322552, 37.966332 ], [ -122.321406, 37.967806 ], [ -122.315559, 37.985641 ], [ -122.311881, 37.983786 ], [ -122.307453, 37.98779 ], [ -122.307579, 37.989458 ], [ -122.300965, 37.989556 ], [ -122.300472, 37.98588 ], [ -122.294577, 37.987353 ], [ -122.291842, 37.986317 ], [ -122.291862, 37.98796 ], [ -122.293693, 37.989031 ], [ -122.291985, 37.989643 ], [ -122.290721, 37.989379 ], [ -122.290708, 37.987238 ], [ -122.288379, 37.987998 ], [ -122.286232, 37.986755 ], [ -122.288475, 37.984299 ], [ -122.287666, 37.983362 ], [ -122.283903, 37.983168 ], [ -122.281955, 37.982037 ], [ -122.282175, 37.983451 ], [ -122.27902, 37.982477 ], [ -122.278857, 37.980618 ], [ -122.268048, 37.974269 ], [ -122.260689, 37.972946 ], [ -122.256096, 37.975143 ], [ -122.256081, 37.976954 ], [ -122.257637, 37.977622 ], [ -122.251357, 37.975228 ], [ -122.250275, 37.973586 ], [ -122.247215, 37.972157 ], [ -122.243152, 37.971105 ], [ -122.243067, 37.968113 ], [ -122.246773, 37.964017 ], [ -122.243483, 37.962639 ], [ -122.237595, 37.958216 ], [ -122.241313, 37.956917 ], [ -122.241191, 37.955246 ], [ -122.24349, 37.95448 ], [ -122.246517, 37.955294 ], [ -122.249103, 37.952275 ], [ -122.252326, 37.951463 ], [ -122.255945, 37.948896 ], [ -122.253683, 37.945742 ], [ -122.255287, 37.946047 ], [ -122.256091, 37.944595 ], [ -122.258845, 37.946409 ], [ -122.263203, 37.942827 ], [ -122.264081, 37.943616 ], [ -122.265716, 37.942565 ], [ -122.261641, 37.940897 ], [ -122.257366, 37.932736 ], [ -122.255435, 37.931229 ], [ -122.254053, 37.927495 ], [ -122.249683, 37.925436 ], [ -122.248073, 37.922762 ], [ -122.245759, 37.921577 ], [ -122.255502, 37.921539 ], [ -122.254611, 37.920579 ], [ -122.270606, 37.921384 ], [ -122.270672, 37.92392 ], [ -122.278563, 37.920006 ], [ -122.282612, 37.926169 ], [ -122.288991, 37.933681 ], [ -122.29152, 37.933385 ], [ -122.29198, 37.934524 ], [ -122.298729, 37.937182 ], [ -122.301934, 37.940819 ], [ -122.30577, 37.94199 ], [ -122.311325, 37.946725 ], [ -122.311356, 37.948817 ], [ -122.309601, 37.948116 ], [ -122.30952, 37.951663 ], [ -122.308368, 37.952672 ], [ -122.308248, 37.954803 ], [ -122.312325, 37.956786 ], [ -122.316474, 37.957001 ], [ -122.317386, 37.961198 ], [ -122.318418, 37.960299 ], [ -122.319127, 37.96269 ], [ -122.327121, 37.960599 ], [ -122.3277, 37.961299 ], [ -122.329125, 37.96011 ], [ -122.327667, 37.958779 ], [ -122.328077, 37.957014 ], [ -122.329943, 37.955906 ], [ -122.33073, 37.959486 ] ] ] } },
{ "type": "Feature", "properties": { "zip": "94970" }, "geometry": { "type": "Polygon", "coordinates": [ [ [ -122.696563, 37.934373 ], [ -122.688517, 37.931937 ], [ -122.685453, 37.936783 ], [ -122.680798, 37.940661 ], [ -122.67644, 37.946937 ], [ -122.676638, 37.94405 ], [ -122.675373, 37.943789 ], [ -122.675671, 37.942627 ], [ -122.67356, 37.941771 ], [ -122.667253, 37.943834 ], [ -122.668079, 37.942034 ], [ -122.66712, 37.941832 ], [ -122.66428, 37.943777 ], [ -122.663781, 37.942343 ], [ -122.662393, 37.942362 ], [ -122.661424, 37.94141 ], [ -122.661647, 37.939981 ], [ -122.659678, 37.941658 ], [ -122.658451, 37.94057 ], [ -122.657994, 37.938337 ], [ -122.656745, 37.936895 ], [ -122.653508, 37.935483 ], [ -122.650516, 37.935738 ], [ -122.646525, 37.933841 ], [ -122.640318, 37.924588 ], [ -122.639031, 37.924741 ], [ -122.630204, 37.920503 ], [ -122.628735, 37.918877 ], [ -122.628605, 37.916429 ], [ -122.627496, 37.916326 ], [ -122.624637, 37.912493 ], [ -122.625205, 37.911228 ], [ -122.620756, 37.910593 ], [ -122.619223, 37.909222 ], [ -122.615927, 37.909091 ], [ -122.6232, 37.905165 ], [ -122.610578, 37.89916 ], [ -122.61294, 37.896502 ], [ -122.619119, 37.893206 ], [ -122.624136, 37.88749 ], [ -122.628957632511003, 37.885221054234698 ], [ -122.641963, 37.897507 ], [ -122.658823, 37.904738 ], [ -122.678474, 37.906604 ], [ -122.681996624160007, 37.9056359136626 ], [ -122.682015, 37.909679 ], [ -122.684213, 37.910383 ], [ -122.688284, 37.915789 ], [ -122.687514, 37.918767 ], [ -122.688534, 37.920256 ], [ -122.687807, 37.921833 ], [ -122.689672, 37.921821 ], [ -122.689643, 37.922887 ], [ -122.692477, 37.922886 ], [ -122.695086, 37.926076 ], [ -122.696353, 37.930321 ], [ -122.698398, 37.9332 ], [ -122.696563, 37.934373 ] ] ] } },
{ "type": "Feature", "properties": { "zip": "95116" }, "geometry": { "type": "Polygon", "coordinates": [ [ [ -121.873875, 37.344095 ], [ -121.873512, 37.350182 ], [ -121.874176, 37.352225 ], [ -121.873804, 37.359704 ], [ -121.866232, 37.354069 ], [ -121.863797, 37.355993 ], [ -121.864691, 37.356914 ], [ -121.861658, 37.358975 ], [ -121.860698, 37.357988 ], [ -121.846104, 37.368075 ], [ -121.842993, 37.363116 ], [ -121.841805, 37.363837 ], [ -121.84347, 37.365541 ], [ -121.841362, 37.367072 ], [ -121.839598, 37.365207 ], [ -121.838688, 37.365776 ], [ -121.835192, 37.362334 ], [ -121.83614, 37.361895 ], [ -121.832846, 37.359151 ], [ -121.834809, 37.35732 ], [ -121.833651, 37.356226 ], [ -121.831667, 37.357576 ], [ -121.830816, 37.355345 ], [ -121.829067, 37.354188 ], [ -121.827006, 37.350833 ], [ -121.843109, 37.339904 ], [ -121.846501, 37.34339 ], [ -121.868213, 37.329795 ], [ -121.866901, 37.3321 ], [ -121.868321, 37.337039 ], [ -121.869947, 37.337917 ], [ -121.871133, 37.342131 ], [ -121.873875, 37.344095 ] ] ] } },
{ "type": "Feature", "properties": { "zip": "94028" }, "geometry": { "type": "Polygon", "coordinates": [ [ [ -122.253864, 37.374369 ], [ -122.249887, 37.377288 ], [ -122.248494, 37.379709 ], [ -122.247616, 37.379576 ], [ -122.24511, 37.38539 ], [ -122.239466, 37.389908 ], [ -122.234684, 37.384299 ], [ -122.234007, 37.387083 ], [ -122.232008, 37.384623 ], [ -122.225574, 37.380203 ], [ -122.224132, 37.380625 ], [ -122.223272, 37.381972 ], [ -122.225585, 37.382472 ], [ -122.22673, 37.383595 ], [ -122.225741, 37.384504 ], [ -122.227156, 37.385235 ], [ -122.2275, 37.387386 ], [ -122.229497, 37.388356 ], [ -122.229027, 37.388915 ], [ -122.230782, 37.391072 ], [ -122.232001, 37.391069 ], [ -122.233752, 37.393393 ], [ -122.234404, 37.396453 ], [ -122.233171, 37.397256 ], [ -122.235146, 37.397319 ], [ -122.236301, 37.399452 ], [ -122.237839, 37.399733 ], [ -122.236695, 37.401901 ], [ -122.231658, 37.403872 ], [ -122.234631, 37.410512 ], [ -122.236298, 37.410959 ], [ -122.238706, 37.409576 ], [ -122.241449, 37.409766 ], [ -122.240461, 37.411877 ], [ -122.243803, 37.420101 ], [ -122.241119, 37.42193 ], [ -122.239209, 37.421816 ], [ -122.23592, 37.425351 ], [ -122.229442, 37.424802 ], [ -122.222136, 37.419638 ], [ -122.214828, 37.418266 ], [ -122.207902, 37.413365 ], [ -122.201113, 37.411072 ], [ -122.199466, 37.411608 ], [ -122.199439, 37.41078 ], [ -122.18905, 37.40636 ], [ -122.17681, 37.39413 ], [ -122.17487, 37.39293 ], [ -122.169786, 37.391997 ], [ -122.170229, 37.390156 ], [ -122.172366, 37.390486 ], [ -122.185487, 37.387741 ], [ -122.183424, 37.384592 ], [ -122.186607, 37.383923 ], [ -122.18936, 37.38475 ], [ -122.186877, 37.381551 ], [ -122.187578, 37.380627 ], [ -122.186316, 37.379884 ], [ -122.188495, 37.378483 ], [ -122.192884, 37.379859 ], [ -122.195842, 37.372965 ], [ -122.197781, 37.373576 ], [ -122.201007, 37.371215 ], [ -122.20012, 37.36733 ], [ -122.19684, 37.36629 ], [ -122.19572, 37.36872 ], [ -122.19082, 37.37014 ], [ -122.18943, 37.36869 ], [ -122.18938, 37.3675 ], [ -122.18477, 37.36698 ], [ -122.18114, 37.36501 ], [ -122.17688, 37.36564 ], [ -122.17607, 37.36452 ], [ -122.17453, 37.36488 ], [ -122.172572, 37.363359 ], [ -122.173381, 37.360804 ], [ -122.17558, 37.35889 ], [ -122.17419, 37.35834 ], [ -122.182723, 37.332857 ], [ -122.175075, 37.325741 ], [ -122.178546, 37.325158 ], [ -122.17928, 37.326195 ], [ -122.183235, 37.326235 ], [ -122.186516, 37.322031 ], [ -122.18876, 37.320916 ], [ -122.18872, 37.322669 ], [ -122.190633, 37.32237 ], [ -122.192409, 37.325781 ], [ -122.19512, 37.326705 ], [ -122.199214, 37.331942 ], [ -122.201045, 37.332436 ], [ -122.20024, 37.336063 ], [ -122.203778, 37.342035 ], [ -122.207627, 37.343998 ], [ -122.2105, 37.34323 ], [ -122.212704, 37.340078 ], [ -122.214143, 37.34074 ], [ -122.214137, 37.338331 ], [ -122.216998, 37.338295 ], [ -122.217363, 37.339805 ], [ -122.228711, 37.345206 ], [ -122.230398, 37.347656 ], [ -122.239629, 37.351465 ], [ -122.246842, 37.357905 ], [ -122.247721, 37.359927 ], [ -122.24692, 37.36283 ], [ -122.247886, 37.365027 ], [ -122.247646, 37.367295 ], [ -122.252733, 37.371934 ], [ -122.253864, 37.374369 ] ] ] } },
{ "type": "Feature", "properties": { "zip": "94587" }, "geometry": { "type": "Polygon", "coordinates": [ [ [ -122.147014, 37.588411 ], [ -122.146550443793004, 37.604484168491901 ], [ -122.145989, 37.602651 ], [ -122.143049, 37.605251 ], [ -122.141013, 37.608539 ], [ -122.137036, 37.606515 ], [ -122.134529, 37.606387 ], [ -122.136413, 37.60422 ], [ -122.14129, 37.602174 ], [ -122.141175, 37.599757 ], [ -122.140039, 37.598092 ], [ -122.138668, 37.597511 ], [ -122.134382, 37.598422 ], [ -122.132347, 37.592266 ], [ -122.130699, 37.59292 ], [ -122.130449, 37.596298 ], [ -122.128271, 37.597085 ], [ -122.126837, 37.596253 ], [ -122.127132, 37.593938 ], [ -122.126075, 37.59232 ], [ -122.123328, 37.592921 ], [ -122.121223, 37.596446 ], [ -122.122367, 37.598361 ], [ -122.120612, 37.601115 ], [ -122.118269, 37.602702 ], [ -122.115813, 37.602606 ], [ -122.11538, 37.604296 ], [ -122.11192, 37.604193 ], [ -122.109074, 37.601524 ], [ -122.112511, 37.598666 ], [ -122.11028, 37.597903 ], [ -122.109569, 37.598717 ], [ -122.104059, 37.598367 ], [ -122.102533, 37.600219 ], [ -122.10159, 37.60501 ], [ -122.097681, 37.605599 ], [ -122.097631, 37.60183 ], [ -122.077932, 37.613476 ], [ -122.07145, 37.613278 ], [ -122.074536, 37.617585 ], [ -122.063987, 37.61617 ], [ -122.065527, 37.614833 ], [ -122.072237, 37.61475 ], [ -122.071185, 37.613274 ], [ -122.066536, 37.61314 ], [ -122.068794, 37.605698 ], [ -122.059375, 37.603907 ], [ -122.05869, 37.606028 ], [ -122.030938, 37.605927 ], [ -122.0345, 37.60906 ], [ -122.02324, 37.609048 ], [ -122.028222, 37.613454 ], [ -122.023827, 37.615452 ], [ -122.029627, 37.620655 ], [ -122.022811, 37.625791 ], [ -122.012169, 37.630683 ], [ -122.002776, 37.624696 ], [ -122.003234, 37.622769 ], [ -122.001962, 37.616928 ], [ -122.003635, 37.615831 ], [ -122.004371, 37.61316 ], [ -122.005848, 37.611877 ], [ -122.005352, 37.611125 ], [ -122.009236, 37.608751 ], [ -122.011609, 37.608805 ], [ -122.007134, 37.60615 ], [ -121.999882, 37.608281 ], [ -121.995749, 37.606051 ], [ -121.993174, 37.606651 ], [ -121.989638, 37.606252 ], [ -121.986074, 37.605171 ], [ -121.983483, 37.602861 ], [ -122.005866, 37.586484 ], [ -122.008362, 37.579029 ], [ -122.011042, 37.580633 ], [ -122.013197, 37.580703 ], [ -122.016852, 37.574731 ], [ -122.01831, 37.574432 ], [ -122.023839, 37.577032 ], [ -122.032255, 37.58521 ], [ -122.038389, 37.587732 ], [ -122.041459, 37.588119 ], [ -122.045705, 37.587136 ], [ -122.048578, 37.585604 ], [ -122.050346, 37.583491 ], [ -122.056731, 37.59263 ], [ -122.060459, 37.591797 ], [ -122.064317, 37.586748 ], [ -122.062176, 37.585524 ], [ -122.062818, 37.584763 ], [ -122.060222, 37.573995 ], [ -122.070083, 37.563452 ], [ -122.079407, 37.561485 ], [ -122.080556, 37.56238 ], [ -122.083664, 37.562794 ], [ -122.083804, 37.565191 ], [ -122.080055, 37.564821 ], [ -122.079013, 37.566425 ], [ -122.084693, 37.566347 ], [ -122.085122, 37.56725 ], [ -122.083472, 37.568328 ], [ -122.089358, 37.564521 ], [ -122.090786, 37.564662 ], [ -122.090625, 37.566317 ], [ -122.091714, 37.567386 ], [ -122.095165, 37.566722 ], [ -122.095488, 37.565037 ], [ -122.092702, 37.563019 ], [ -122.094929, 37.562002 ], [ -122.097071, 37.564271 ], [ -122.100594, 37.564673 ], [ -122.10122, 37.562636 ], [ -122.102304, 37.562194 ], [ -122.104359, 37.563919 ], [ -122.107304, 37.56137 ], [ -122.109633, 37.560443 ], [ -122.111083, 37.561384 ], [ -122.110133, 37.565549 ], [ -122.120875, 37.569042 ], [ -122.126458, 37.568529 ], [ -122.128803, 37.566851 ], [ -122.132079081171, 37.562077759924499 ], [ -122.133924, 37.562885 ], [ -122.136184, 37.568187 ], [ -122.144396, 37.581866 ], [ -122.147014, 37.588411 ] ] ] } },
{ "type": "Feature", "properties": { "zip": "94402" }, "geometry": { "type": "Polygon", "coordinates": [ [ [ -122.363928, 37.531011 ], [ -122.36066, 37.531275 ], [ -122.358659, 37.530051 ], [ -122.351638, 37.532738 ], [ -122.349099, 37.535859 ], [ -122.349913, 37.537063 ], [ -122.349537, 37.540689 ], [ -122.345723, 37.539696 ], [ -122.343412, 37.533529 ], [ -122.341579, 37.531735 ], [ -122.337264, 37.535336 ], [ -122.34118, 37.538459 ], [ -122.338697, 37.540598 ], [ -122.335226, 37.538015 ], [ -122.330196, 37.541269 ], [ -122.332575, 37.544173 ], [ -122.328455, 37.548581 ], [ -122.329065, 37.548296 ], [ -122.332282, 37.550639 ], [ -122.337852, 37.546084 ], [ -122.340049, 37.547889 ], [ -122.340607, 37.549892 ], [ -122.339468, 37.552728 ], [ -122.329176, 37.562102 ], [ -122.330507, 37.563941 ], [ -122.337165, 37.567994 ], [ -122.352714, 37.56089 ], [ -122.354999, 37.564157 ], [ -122.35008, 37.566307 ], [ -122.351914, 37.569949 ], [ -122.347063, 37.572036 ], [ -122.34507, 37.571411 ], [ -122.341846, 37.572763 ], [ -122.341028, 37.570666 ], [ -122.337555, 37.571127 ], [ -122.336655, 37.570517 ], [ -122.337736, 37.570151 ], [ -122.338044, 37.570718 ], [ -122.339525, 37.569679 ], [ -122.338212, 37.568929 ], [ -122.335281, 37.569861 ], [ -122.33375, 37.569184 ], [ -122.331622, 37.566355 ], [ -122.330652, 37.567378 ], [ -122.329655, 37.56676 ], [ -122.318957, 37.556654 ], [ -122.31714, 37.556817 ], [ -122.314342, 37.559039 ], [ -122.320111, 37.564675 ], [ -122.319224, 37.56636 ], [ -122.31295, 37.56956 ], [ -122.296278, 37.553346 ], [ -122.308899, 37.552295 ], [ -122.313607, 37.54954 ], [ -122.324442, 37.546608 ], [ -122.328594, 37.543563 ], [ -122.329963, 37.540999 ], [ -122.329148, 37.535281 ], [ -122.332654, 37.522001 ], [ -122.329275, 37.516946 ], [ -122.328994, 37.514835 ], [ -122.330197, 37.512587 ], [ -122.335882, 37.508051 ], [ -122.338565, 37.507142 ], [ -122.343026, 37.507523 ], [ -122.344926, 37.510348 ], [ -122.347411, 37.512032 ], [ -122.349703, 37.511834 ], [ -122.353839, 37.516215 ], [ -122.356484, 37.520575 ], [ -122.357294, 37.524243 ], [ -122.360349, 37.525332 ], [ -122.362646, 37.529918 ], [ -122.363928, 37.531011 ] ] ] } },
{ "type": "Feature", "properties": { "zip": "94074" }, "geometry": { "type": "Polygon", "coordinates": [ [ [ -122.406999950512997, 37.298024132370699 ], [ -122.404008977882, 37.318563799196099 ], [ -122.39753, 37.327943 ], [ -122.395273, 37.329057 ], [ -122.392714, 37.328948 ], [ -122.391295, 37.330046 ], [ -122.394889, 37.340082 ], [ -122.394602, 37.343175 ], [ -122.39597, 37.345373 ], [ -122.394974, 37.346725 ], [ -122.391219, 37.347575 ], [ -122.389095, 37.347056 ], [ -122.384933, 37.349482 ], [ -122.383665, 37.348982 ], [ -122.38344, 37.347097 ], [ -122.38012, 37.34512 ], [ -122.376287, 37.346222 ], [ -122.374173, 37.348843 ], [ -122.372084, 37.348549 ], [ -122.370574, 37.350451 ], [ -122.365319, 37.352397 ], [ -122.359261, 37.357605 ], [ -122.351739, 37.359486 ], [ -122.349125, 37.36165 ], [ -122.348712, 37.363353 ], [ -122.344822, 37.368076 ], [ -122.342423, 37.365583 ], [ -122.340241, 37.359186 ], [ -122.340486, 37.354161 ], [ -122.339163, 37.352396 ], [ -122.339726, 37.349406 ], [ -122.337653, 37.350003 ], [ -122.337379, 37.351694 ], [ -122.33455, 37.351796 ], [ -122.334856, 37.353338 ], [ -122.333839, 37.357168 ], [ -122.33075, 37.365449 ], [ -122.331652, 37.36885 ], [ -122.330903, 37.373064 ], [ -122.329503, 37.370696 ], [ -122.327414, 37.370497 ], [ -122.326497, 37.369482 ], [ -122.323276, 37.370638 ], [ -122.321062, 37.370043 ], [ -122.318023, 37.367516 ], [ -122.318337, 37.366294 ], [ -122.31619, 37.366269 ], [ -122.314939, 37.365088 ], [ -122.314427, 37.362744 ], [ -122.309886, 37.362992 ], [ -122.309498, 37.362139 ], [ -122.305285, 37.361329 ], [ -122.304621, 37.360275 ], [ -122.301088, 37.363134 ], [ -122.300789, 37.362182 ], [ -122.29598, 37.360141 ], [ -122.291638, 37.36133 ], [ -122.291226, 37.35977 ], [ -122.289697, 37.358258 ], [ -122.288803, 37.35849 ], [ -122.288202, 37.354726 ], [ -122.289993, 37.351721 ], [ -122.28976, 37.347968 ], [ -122.29138, 37.344812 ], [ -122.291109, 37.342343 ], [ -122.292107, 37.342122 ], [ -122.297333, 37.333606 ], [ -122.301701, 37.33105 ], [ -122.302484, 37.329765 ], [ -122.301595, 37.328387 ], [ -122.302102, 37.326076 ], [ -122.300741, 37.319837 ], [ -122.303678, 37.318922 ], [ -122.302652, 37.31651 ], [ -122.305171, 37.316248 ], [ -122.30919, 37.313774 ], [ -122.311696, 37.313166 ], [ -122.311174, 37.311816 ], [ -122.308223, 37.313608 ], [ -122.308978, 37.312557 ], [ -122.305062, 37.31256 ], [ -122.30348, 37.310901 ], [ -122.299633, 37.310382 ], [ -122.296963, 37.30717 ], [ -122.29348, 37.308442 ], [ -122.290417, 37.307178 ], [ -122.288632, 37.304492 ], [ -122.289486, 37.301768 ], [ -122.29168, 37.298842 ], [ -122.29768, 37.298642 ], [ -122.301832, 37.296619 ], [ -122.301954, 37.291774 ], [ -122.303098, 37.289966 ], [ -122.303098, 37.287906 ], [ -122.301816, 37.285655 ], [ -122.305681, 37.283843 ], [ -122.309553, 37.283581 ], [ -122.309629, 37.284313 ], [ -122.314381, 37.286043 ], [ -122.315534, 37.285549 ], [ -122.312589, 37.288394 ], [ -122.315321, 37.291347 ], [ -122.316821, 37.29173 ], [ -122.320752, 37.289814 ], [ -122.32646, 37.292425 ], [ -122.328874, 37.292571 ], [ -122.338115, 37.299871 ], [ -122.341027, 37.300248 ], [ -122.346376, 37.303269 ], [ -122.349213, 37.303891 ], [ -122.369829, 37.304785 ], [ -122.373522, 37.303209 ], [ -122.377939, 37.302619 ], [ -122.379019, 37.303329 ], [ -122.383209, 37.30149 ], [ -122.386146, 37.301398 ], [ -122.389241, 37.302268 ], [ -122.389749, 37.303697 ], [ -122.39274, 37.305132 ], [ -122.397631, 37.305062 ], [ -122.399482, 37.304354 ], [ -122.402173, 37.301196 ], [ -122.406999950512997, 37.298024132370699 ] ] ] } },
{ "type": "Feature", "properties": { "zip": "94972" }, "geometry": { "type": "Polygon", "coordinates": [ [ [ -122.977438, 38.337128 ], [ -122.97375, 38.344795 ], [ -122.971623, 38.34532 ], [ -122.965265, 38.342767 ], [ -122.961649, 38.342233 ], [ -122.958096, 38.343056 ], [ -122.953664, 38.340647 ], [ -122.953438, 38.338297 ], [ -122.942783, 38.338207 ], [ -122.942181, 38.353525 ], [ -122.942722, 38.354535 ], [ -122.939418, 38.354826 ], [ -122.931505, 38.357696 ], [ -122.924165, 38.355091 ], [ -122.921772, 38.355558 ], [ -122.920488, 38.356968 ], [ -122.92129, 38.354636 ], [ -122.91632, 38.349518 ], [ -122.915944, 38.346298 ], [ -122.916852, 38.340674 ], [ -122.925256, 38.331052 ], [ -122.927516, 38.325995 ], [ -122.927714, 38.320392 ], [ -122.92638, 38.318703 ], [ -122.919785, 38.317222 ], [ -122.920924, 38.316395 ], [ -122.919641, 38.31465 ], [ -122.916601, 38.31321 ], [ -122.917878, 38.31048 ], [ -122.921588, 38.308554 ], [ -122.922871, 38.309028 ], [ -122.923805, 38.311516 ], [ -122.925636, 38.312736 ], [ -122.932521, 38.311709 ], [ -122.935426, 38.309614 ], [ -122.936696, 38.310453 ], [ -122.936554, 38.311847 ], [ -122.933801, 38.31359 ], [ -122.93506, 38.313952 ], [ -122.936084, 38.315579 ], [ -122.935575, 38.319806 ], [ -122.930679, 38.321898 ], [ -122.928307, 38.324368 ], [ -122.944528, 38.325625 ], [ -122.953851, 38.327377 ], [ -122.972984, 38.334417 ], [ -122.975876, 38.336892 ], [ -122.977438, 38.337128 ] ] ] } },
{ "type": "Feature", "properties": { "zip": "94021" }, "geometry": { "type": "Polygon", "coordinates": [ [ [ -122.313667, 37.262318 ], [ -122.313493, 37.265425 ], [ -122.314385, 37.26853 ], [ -122.311973, 37.270566 ], [ -122.310595, 37.270795 ], [ -122.309157, 37.27272 ], [ -122.309828, 37.2757 ], [ -122.306616, 37.273977 ], [ -122.301674, 37.274236 ], [ -122.298955, 37.276035 ], [ -122.297541, 37.275915 ], [ -122.294583, 37.278333 ], [ -122.290594, 37.276139 ], [ -122.28721, 37.276731 ], [ -122.285691, 37.278749 ], [ -122.283875, 37.285754 ], [ -122.282781, 37.284514 ], [ -122.279899, 37.289311 ], [ -122.278922, 37.288496 ], [ -122.279249, 37.286641 ], [ -122.276016, 37.286267 ], [ -122.27414, 37.287332 ], [ -122.273618, 37.289907 ], [ -122.271923, 37.283956 ], [ -122.267024, 37.276745 ], [ -122.266874, 37.27513 ], [ -122.269255, 37.272257 ], [ -122.267935, 37.271636 ], [ -122.268396, 37.270746 ], [ -122.265446, 37.270959 ], [ -122.26368, 37.27004 ], [ -122.263483, 37.266787 ], [ -122.260422, 37.268248 ], [ -122.258779, 37.268027 ], [ -122.258884, 37.266076 ], [ -122.255996, 37.265795 ], [ -122.256252, 37.263702 ], [ -122.254264, 37.265085 ], [ -122.252243, 37.264881 ], [ -122.252485, 37.263595 ], [ -122.250024, 37.26336 ], [ -122.250215, 37.261953 ], [ -122.246228, 37.262631 ], [ -122.245217, 37.261527 ], [ -122.241855, 37.261523 ], [ -122.239263, 37.260145 ], [ -122.239358, 37.258326 ], [ -122.236705, 37.259399 ], [ -122.236745, 37.257767 ], [ -122.231685, 37.256752 ], [ -122.229374, 37.254715 ], [ -122.227409, 37.255408 ], [ -122.227387, 37.25388 ], [ -122.226212, 37.254655 ], [ -122.221681, 37.252107 ], [ -122.219991, 37.253261 ], [ -122.219276, 37.252663 ], [ -122.220121, 37.251432 ], [ -122.218862, 37.250361 ], [ -122.218677, 37.251602 ], [ -122.217288, 37.250883 ], [ -122.217797, 37.250026 ], [ -122.217162, 37.248164 ], [ -122.21565, 37.248873 ], [ -122.216075, 37.247032 ], [ -122.213656, 37.245357 ], [ -122.212776, 37.246467 ], [ -122.212322, 37.245313 ], [ -122.213648, 37.244868 ], [ -122.211449, 37.243835 ], [ -122.209393, 37.241445 ], [ -122.208239, 37.242654 ], [ -122.207407, 37.241583 ], [ -122.2043, 37.240358 ], [ -122.203118, 37.238386 ], [ -122.201585, 37.23854 ], [ -122.200018, 37.23738 ], [ -122.200437, 37.235106 ], [ -122.19929, 37.235194 ], [ -122.199544, 37.234095 ], [ -122.196712, 37.230617 ], [ -122.191991, 37.22921 ], [ -122.191069, 37.224136 ], [ -122.188702, 37.220968 ], [ -122.185008, 37.218661 ], [ -122.182988, 37.215596 ], [ -122.181376, 37.215244 ], [ -122.222692, 37.21519 ], [ -122.221358, 37.215417 ], [ -122.223494, 37.218225 ], [ -122.223692, 37.220452 ], [ -122.227003, 37.221543 ], [ -122.227888, 37.223039 ], [ -122.226378, 37.225137 ], [ -122.226805, 37.229112 ], [ -122.228728, 37.230545 ], [ -122.22914, 37.232247 ], [ -122.23155, 37.23336 ], [ -122.233122, 37.233032 ], [ -122.237669, 37.237 ], [ -122.24008, 37.238037 ], [ -122.241804, 37.240868 ], [ -122.243651, 37.242249 ], [ -122.246886, 37.242737 ], [ -122.250884, 37.245499 ], [ -122.256194, 37.24765 ], [ -122.26274, 37.249031 ], [ -122.266261, 37.251904 ], [ -122.269579, 37.253143 ], [ -122.271975, 37.252587 ], [ -122.277098, 37.253962 ], [ -122.280452, 37.257226 ], [ -122.282872, 37.257745 ], [ -122.289264, 37.255545 ], [ -122.293801, 37.255722 ], [ -122.299854, 37.257243 ], [ -122.305739, 37.254765 ], [ -122.307298, 37.255207 ], [ -122.312916, 37.257811 ], [ -122.31495, 37.259782 ], [ -122.313667, 37.262318 ] ] ] } },
{ "type": "Feature", "properties": { "zip": "94539" }, "geometry": { "type": "Polygon", "coordinates": [ [ [ -121.962097, 37.565087 ], [ -121.958592, 37.567424 ], [ -121.957967, 37.568677 ], [ -121.9527, 37.570649 ], [ -121.947592, 37.569869 ], [ -121.94278, 37.570627 ], [ -121.935672, 37.57005 ], [ -121.931739, 37.572744 ], [ -121.927619, 37.571479 ], [ -121.92583, 37.56943 ], [ -121.925707, 37.568086 ], [ -121.923149, 37.568222 ], [ -121.920156, 37.565946 ], [ -121.920501, 37.564365 ], [ -121.919408, 37.560429 ], [ -121.923782, 37.560399 ], [ -121.923714, 37.559685 ], [ -121.920679, 37.559287 ], [ -121.918495, 37.55983 ], [ -121.918835, 37.560973 ], [ -121.914499, 37.560769 ], [ -121.915067, 37.55625 ], [ -121.909575, 37.555009 ], [ -121.907336, 37.549275 ], [ -121.904813, 37.550106 ], [ -121.899323, 37.546589 ], [ -121.893614, 37.550203 ], [ -121.888299, 37.545174 ], [ -121.887457, 37.54304 ], [ -121.887328, 37.538977 ], [ -121.88312, 37.536138 ], [ -121.878148, 37.530239 ], [ -121.879065, 37.528855 ], [ -121.880048, 37.52136 ], [ -121.879399, 37.520473 ], [ -121.868919, 37.519267 ], [ -121.867452, 37.517725 ], [ -121.864888, 37.517208 ], [ -121.869197, 37.515761 ], [ -121.868492, 37.512934 ], [ -121.86604, 37.510002 ], [ -121.863013, 37.508773 ], [ -121.863112, 37.497543 ], [ -121.86123, 37.49451 ], [ -121.860197, 37.488955 ], [ -121.855762, 37.484537 ], [ -121.865267, 37.484637 ], [ -121.869934, 37.48168 ], [ -121.871047, 37.479241 ], [ -121.874009, 37.477407 ], [ -121.874612, 37.475767 ], [ -121.877236, 37.475227 ], [ -121.880251, 37.471548 ], [ -121.882603, 37.470554 ], [ -121.885966, 37.471375 ], [ -121.889352, 37.470102 ], [ -121.890759, 37.468038 ], [ -121.898306, 37.466661 ], [ -121.911332, 37.462236 ], [ -121.912652, 37.46065 ], [ -121.917097, 37.458473 ], [ -121.917289, 37.462791 ], [ -121.919241, 37.462177 ], [ -121.930869, 37.485857 ], [ -121.941044, 37.504517 ], [ -121.943196, 37.50401 ], [ -121.9411, 37.504626 ], [ -121.945249, 37.512679 ], [ -121.942755, 37.513833 ], [ -121.945316, 37.512779 ], [ -121.953627, 37.529225 ], [ -121.95441, 37.538298 ], [ -121.956865, 37.547167 ], [ -121.958779, 37.559523 ], [ -121.959986, 37.562647 ], [ -121.962097, 37.565087 ] ] ] } },
{ "type": "Feature", "properties": { "zip": "95046" }, "geometry": { "type": "Polygon", "coordinates": [ [ [ -121.65567, 37.07912 ], [ -121.65228, 37.08244 ], [ -121.653392, 37.084997 ], [ -121.651542, 37.084831 ], [ -121.648674, 37.087885 ], [ -121.64394, 37.091076 ], [ -121.639401, 37.091256 ], [ -121.635965, 37.088934 ], [ -121.630215, 37.08906 ], [ -121.62885, 37.09057 ], [ -121.629337, 37.091259 ], [ -121.631299, 37.090868 ], [ -121.631493, 37.091813 ], [ -121.629699, 37.092225 ], [ -121.63044, 37.09356 ], [ -121.62931, 37.0938 ], [ -121.62899, 37.0928 ], [ -121.62762, 37.09276 ], [ -121.619533, 37.095265 ], [ -121.616454, 37.095273 ], [ -121.622372, 37.095332 ], [ -121.624355, 37.096769 ], [ -121.625987, 37.095248 ], [ -121.629423, 37.094801 ], [ -121.624289, 37.096976 ], [ -121.620778, 37.095895 ], [ -121.61835, 37.097 ], [ -121.623215, 37.100054 ], [ -121.621045, 37.100855 ], [ -121.625651, 37.105323 ], [ -121.622023, 37.106057 ], [ -121.62405, 37.10984 ], [ -121.593695, 37.120472 ], [ -121.599096, 37.129628 ], [ -121.59594, 37.13083 ], [ -121.59576, 37.13166 ], [ -121.596916, 37.13288 ], [ -121.589985, 37.134896 ], [ -121.586651, 37.136771 ], [ -121.587394, 37.138087 ], [ -121.585073, 37.138616 ], [ -121.583285, 37.137504 ], [ -121.584169, 37.13908 ], [ -121.58518, 37.1527 ], [ -121.57955, 37.153493 ], [ -121.577727, 37.149153 ], [ -121.574835, 37.145785 ], [ -121.572069, 37.144234 ], [ -121.569377, 37.140172 ], [ -121.566131, 37.137774 ], [ -121.564072, 37.137367 ], [ -121.563908, 37.135548 ], [ -121.55859, 37.131719 ], [ -121.557911, 37.128505 ], [ -121.555097, 37.127016 ], [ -121.553046, 37.123852 ], [ -121.552711, 37.120808 ], [ -121.549283, 37.119039 ], [ -121.5513, 37.11656 ], [ -121.55099, 37.11597 ], [ -121.566258, 37.115891 ], [ -121.555588, 37.099982 ], [ -121.55549, 37.08343 ], [ -121.552934, 37.080475 ], [ -121.558962, 37.078334 ], [ -121.560837, 37.078938 ], [ -121.561857, 37.080796 ], [ -121.56339, 37.08074 ], [ -121.59002, 37.07133 ], [ -121.587026, 37.064604 ], [ -121.592355, 37.065405 ], [ -121.595772, 37.069294 ], [ -121.600158, 37.067722 ], [ -121.59377, 37.0561 ], [ -121.614421, 37.051615 ], [ -121.614349, 37.050152 ], [ -121.626197, 37.063639 ], [ -121.638896, 37.063734 ], [ -121.641311, 37.065411 ], [ -121.641361, 37.066842 ], [ -121.643521, 37.068278 ], [ -121.643662, 37.06963 ], [ -121.65755, 37.0745 ], [ -121.65567, 37.07912 ] ] ] } },
{ "type": "Feature", "properties": { "zip": "95138" }, "geometry": { "type": "Polygon", "coordinates": [ [ [ -121.809566, 37.286033 ], [ -121.80951, 37.290334 ], [ -121.808691, 37.291344 ], [ -121.809145, 37.288033 ], [ -121.805798, 37.288365 ], [ -121.806876, 37.288727 ], [ -121.807172, 37.291341 ], [ -121.79316, 37.296583 ], [ -121.794721, 37.297618 ], [ -121.787559, 37.294854 ], [ -121.783451, 37.297178 ], [ -121.774522, 37.297584 ], [ -121.771341, 37.299344 ], [ -121.770919, 37.298769 ], [ -121.772651, 37.296166 ], [ -121.771593, 37.294194 ], [ -121.767083, 37.292115 ], [ -121.765199, 37.288426 ], [ -121.758736, 37.281248 ], [ -121.757076, 37.2799 ], [ -121.748816, 37.277093 ], [ -121.745647, 37.273505 ], [ -121.731056, 37.264875 ], [ -121.717104, 37.26068 ], [ -121.709554, 37.259784 ], [ -121.699978, 37.256594 ], [ -121.695967, 37.257572 ], [ -121.683782, 37.249656 ], [ -121.681435, 37.250212 ], [ -121.679731, 37.251907 ], [ -121.677363, 37.252156 ], [ -121.672362, 37.244011 ], [ -121.669412, 37.242111 ], [ -121.668539, 37.240182 ], [ -121.669034, 37.235898 ], [ -121.666589, 37.231948 ], [ -121.663143, 37.229683 ], [ -121.658777, 37.222154 ], [ -121.657597, 37.221942 ], [ -121.655874, 37.2197 ], [ -121.655627, 37.216716 ], [ -121.656934, 37.214251 ], [ -121.662237, 37.211221 ], [ -121.665525, 37.206162 ], [ -121.667904, 37.206163 ], [ -121.673359, 37.203368 ], [ -121.679087, 37.202378 ], [ -121.679121, 37.200674 ], [ -121.692333, 37.200674 ], [ -121.702937, 37.20347 ], [ -121.708833, 37.209001 ], [ -121.715741, 37.208948 ], [ -121.710292, 37.202287 ], [ -121.722977, 37.209851 ], [ -121.719867, 37.210981 ], [ -121.721336, 37.213809 ], [ -121.723751, 37.216021 ], [ -121.728582, 37.216055 ], [ -121.73157, 37.219475 ], [ -121.746841, 37.230303 ], [ -121.751149, 37.226434 ], [ -121.768882, 37.235536 ], [ -121.80249, 37.255625 ], [ -121.799847, 37.257063 ], [ -121.796481, 37.257159 ], [ -121.789183, 37.25292 ], [ -121.792627, 37.255814 ], [ -121.79459, 37.259635 ], [ -121.795371, 37.264682 ], [ -121.79767, 37.269574 ], [ -121.798163, 37.273588 ], [ -121.800443, 37.275444 ], [ -121.800232, 37.277962 ], [ -121.804973, 37.280903 ], [ -121.808303, 37.281796 ], [ -121.809566, 37.286033 ] ] ] } },
{ "type": "Feature", "properties": { "zip": "94621" }, "geometry": { "type": "Polygon", "coordinates": [ [ [ -122.252172, 37.724952 ], [ -122.248462433745004, 37.7278688915301 ], [ -122.236181, 37.719851 ], [ -122.228343, 37.727729 ], [ -122.226768, 37.727657 ], [ -122.226508, 37.747884 ], [ -122.235781, 37.74804 ], [ -122.235919, 37.747474 ], [ -122.236285, 37.748553 ], [ -122.226076, 37.749674 ], [ -122.223779, 37.754428 ], [ -122.218112, 37.759656 ], [ -122.214852, 37.761468 ], [ -122.219932, 37.76846 ], [ -122.215784, 37.764465 ], [ -122.213319, 37.765318 ], [ -122.210837, 37.763362 ], [ -122.20368, 37.767126 ], [ -122.197348, 37.771623 ], [ -122.195845, 37.770212 ], [ -122.194779, 37.77038 ], [ -122.193668, 37.76925 ], [ -122.194336, 37.768777 ], [ -122.191991, 37.767645 ], [ -122.18905, 37.764701 ], [ -122.187135, 37.765454 ], [ -122.185697, 37.764232 ], [ -122.182718, 37.766034 ], [ -122.176638, 37.759876 ], [ -122.173671, 37.760983 ], [ -122.175206, 37.763136 ], [ -122.172283, 37.761695 ], [ -122.166102, 37.753964 ], [ -122.17103, 37.751185 ], [ -122.174969, 37.750546 ], [ -122.174621, 37.74982 ], [ -122.183047, 37.746126 ], [ -122.181882, 37.744677 ], [ -122.184712, 37.743306 ], [ -122.185813, 37.741504 ], [ -122.181786, 37.73765 ], [ -122.190884, 37.745496 ], [ -122.192932, 37.738937 ], [ -122.193846, 37.739343 ], [ -122.195553, 37.741688 ], [ -122.195282, 37.744032 ], [ -122.196191, 37.744699 ], [ -122.196518, 37.740552 ], [ -122.192379, 37.735815 ], [ -122.193693, 37.736023 ], [ -122.195507, 37.733262 ], [ -122.198154, 37.733445 ], [ -122.198652, 37.732356 ], [ -122.196169, 37.730547 ], [ -122.192645, 37.730015 ], [ -122.199785, 37.72706 ], [ -122.189138, 37.717812 ], [ -122.192905, 37.716726 ], [ -122.193401, 37.717829 ], [ -122.194714, 37.717538 ], [ -122.194265, 37.715912 ], [ -122.197028, 37.715829 ], [ -122.202097, 37.713021 ], [ -122.209726, 37.711087 ], [ -122.209187112470005, 37.710012817523598 ], [ -122.21248, 37.708971 ], [ -122.211767, 37.702013 ], [ -122.214744, 37.699247 ], [ -122.226503, 37.706526 ], [ -122.252172, 37.724952 ] ] ] } },
{ "type": "Feature", "properties": { "zip": "95002" }, "geometry": { "type": "Polygon", "coordinates": [ [ [ -122.045672, 37.449025 ], [ -122.039639, 37.451453 ], [ -122.032271, 37.451204 ], [ -122.031284, 37.452293 ], [ -122.039169141390005, 37.454187093461599 ], [ -122.037686, 37.456953 ], [ -122.035639, 37.457392 ], [ -122.033488, 37.460375 ], [ -122.027904, 37.461653 ], [ -122.02412, 37.460888 ], [ -122.020491, 37.456167 ], [ -122.019885, 37.45442 ], [ -122.020805, 37.44953 ], [ -122.019228, 37.44692 ], [ -122.016824, 37.445925 ], [ -122.009202, 37.446614 ], [ -122.007384, 37.445278 ], [ -122.004369, 37.441002 ], [ -121.992583, 37.437868 ], [ -121.991506, 37.433616 ], [ -121.991895, 37.438247 ], [ -121.991021, 37.439616 ], [ -121.992144, 37.440159 ], [ -121.993487, 37.438939 ], [ -122.002852, 37.441418 ], [ -122.006026, 37.445848 ], [ -122.010379, 37.448015 ], [ -122.01612, 37.447018 ], [ -122.018904, 37.448348 ], [ -122.019399, 37.449552 ], [ -122.018495, 37.452266 ], [ -122.017357, 37.452732 ], [ -122.018141, 37.45559 ], [ -122.02082, 37.459629 ], [ -122.020895, 37.461233 ], [ -121.995304, 37.464074 ], [ -121.994621, 37.462937 ], [ -121.995033, 37.461042 ], [ -121.993387, 37.462883 ], [ -121.9798, 37.45974 ], [ -121.976409, 37.459604 ], [ -121.976527, 37.460428 ], [ -121.979352, 37.460543 ], [ -121.985722, 37.461905 ], [ -121.994988, 37.464701 ], [ -121.992975, 37.464923 ], [ -121.980014, 37.460892 ], [ -121.974706, 37.46074 ], [ -121.976924, 37.437336 ], [ -121.975568, 37.438229 ], [ -121.971731, 37.437438 ], [ -121.96566, 37.435047 ], [ -121.962346, 37.432664 ], [ -121.965661, 37.430244 ], [ -121.96518, 37.428536 ], [ -121.960951, 37.425498 ], [ -121.96043, 37.423597 ], [ -121.963289, 37.423205 ], [ -121.964051, 37.422098 ], [ -121.959392, 37.419325 ], [ -121.97065, 37.418673 ], [ -121.987577, 37.411822 ], [ -121.987601, 37.416927 ], [ -121.995744, 37.417377 ], [ -122.041335, 37.440952 ], [ -122.041357, 37.442094 ], [ -122.045591, 37.44438 ], [ -122.045672, 37.449025 ] ] ] } },
{ "type": "Feature", "properties": { "zip": "95148" }, "geometry": { "type": "Polygon", "coordinates": [ [ [ -121.821871, 37.339728 ], [ -121.81845, 37.342354 ], [ -121.817755, 37.341621 ], [ -121.816887, 37.341897 ], [ -121.817669, 37.34316 ], [ -121.816226, 37.343817 ], [ -121.81515, 37.342463 ], [ -121.808585, 37.344549 ], [ -121.797856, 37.350533 ], [ -121.800294, 37.352954 ], [ -121.790852, 37.353162 ], [ -121.79469, 37.348949 ], [ -121.789982, 37.353282 ], [ -121.790057, 37.35227 ], [ -121.786815, 37.349453 ], [ -121.784859, 37.351229 ], [ -121.783032, 37.350364 ], [ -121.784661, 37.348849 ], [ -121.782827, 37.34807 ], [ -121.779333, 37.351478 ], [ -121.778168, 37.351213 ], [ -121.770615, 37.344497 ], [ -121.766631, 37.343896 ], [ -121.753968, 37.345429 ], [ -121.747552, 37.343541 ], [ -121.742364, 37.343781 ], [ -121.739125, 37.340368 ], [ -121.746437, 37.338893 ], [ -121.744576, 37.332898 ], [ -121.742304, 37.333315 ], [ -121.74192, 37.332055 ], [ -121.743266, 37.331651 ], [ -121.742853, 37.3289 ], [ -121.744552, 37.330412 ], [ -121.745513, 37.329407 ], [ -121.745567, 37.326728 ], [ -121.742414, 37.323381 ], [ -121.743129, 37.322908 ], [ -121.744479, 37.323791 ], [ -121.744643, 37.322236 ], [ -121.745789, 37.323651 ], [ -121.748632, 37.322493 ], [ -121.753319, 37.322946 ], [ -121.754664, 37.322415 ], [ -121.75555, 37.320859 ], [ -121.758774, 37.322049 ], [ -121.758411, 37.318994 ], [ -121.808069, 37.311433 ], [ -121.80818, 37.322375 ], [ -121.809591, 37.326624 ], [ -121.817078, 37.336777 ], [ -121.821022, 37.339934 ], [ -121.821871, 37.339728 ] ], [ [ -121.806407, 37.31401 ], [ -121.806255, 37.312137 ], [ -121.805269, 37.312228 ], [ -121.805288, 37.31369 ], [ -121.806407, 37.31401 ] ] ] } },
{ "type": "Feature", "properties": { "zip": "94957" }, "geometry": { "type": "Polygon", "coordinates": [ [ [ -122.580672, 37.969731 ], [ -122.571558, 37.967634 ], [ -122.567301, 37.967831 ], [ -122.566358, 37.966952 ], [ -122.560587, 37.969557 ], [ -122.558773, 37.966527 ], [ -122.557887, 37.968202 ], [ -122.552097, 37.969519 ], [ -122.551536, 37.97117 ], [ -122.553201, 37.97256 ], [ -122.549023, 37.972467 ], [ -122.547851, 37.970323 ], [ -122.545202, 37.96846 ], [ -122.545477, 37.967234 ], [ -122.542892, 37.964757 ], [ -122.540474, 37.963827 ], [ -122.542695, 37.962813 ], [ -122.544396, 37.96332 ], [ -122.548099, 37.959773 ], [ -122.550898, 37.961293 ], [ -122.553378, 37.95945 ], [ -122.553305, 37.958164 ], [ -122.556076, 37.957542 ], [ -122.558107, 37.955325 ], [ -122.563767, 37.955379 ], [ -122.563784, 37.959102 ], [ -122.563957, 37.957024 ], [ -122.565408, 37.957345 ], [ -122.565414, 37.958945 ], [ -122.566226, 37.956229 ], [ -122.568758, 37.95699 ], [ -122.570173, 37.955667 ], [ -122.573854, 37.956112 ], [ -122.572394, 37.957885 ], [ -122.575548, 37.959285 ], [ -122.578986, 37.962574 ], [ -122.577768, 37.965756 ], [ -122.58059, 37.966108 ], [ -122.582629, 37.9681 ], [ -122.580672, 37.969731 ] ] ] } },
{ "type": "Feature", "properties": { "zip": "95112" }, "geometry": { "type": "Polygon", "coordinates": [ [ [ -121.918924, 37.367837 ], [ -121.915457, 37.369473 ], [ -121.918321, 37.373022 ], [ -121.918151, 37.375158 ], [ -121.913739, 37.377961 ], [ -121.914845, 37.379057 ], [ -121.910953, 37.380819 ], [ -121.909681, 37.379574 ], [ -121.90548, 37.382269 ], [ -121.9056, 37.383411 ], [ -121.902244, 37.381833 ], [ -121.895351, 37.376477 ], [ -121.895593, 37.377681 ], [ -121.892496, 37.377829 ], [ -121.891003, 37.376922 ], [ -121.887121, 37.371493 ], [ -121.880698, 37.368007 ], [ -121.885907, 37.364474 ], [ -121.887514, 37.365854 ], [ -121.891622, 37.364025 ], [ -121.891472, 37.362901 ], [ -121.879993, 37.361617 ], [ -121.873804, 37.359704 ], [ -121.874176, 37.352225 ], [ -121.873512, 37.350182 ], [ -121.87426, 37.345294 ], [ -121.873875, 37.344095 ], [ -121.871133, 37.342131 ], [ -121.869947, 37.337917 ], [ -121.868321, 37.337039 ], [ -121.866901, 37.3321 ], [ -121.868213, 37.329795 ], [ -121.867889, 37.328572 ], [ -121.865791, 37.325691 ], [ -121.859519, 37.328765 ], [ -121.851439, 37.320812 ], [ -121.854426, 37.317331 ], [ -121.853366, 37.315991 ], [ -121.850862, 37.315898 ], [ -121.847595, 37.317361 ], [ -121.846279, 37.313823 ], [ -121.843665, 37.312604 ], [ -121.843983, 37.31036 ], [ -121.848248, 37.30755 ], [ -121.849113, 37.308356 ], [ -121.851621, 37.306644 ], [ -121.851426, 37.305386 ], [ -121.854408, 37.303648 ], [ -121.859646, 37.304126 ], [ -121.861287, 37.303522 ], [ -121.866038, 37.308323 ], [ -121.871339, 37.304856 ], [ -121.874064, 37.307555 ], [ -121.871707, 37.308928 ], [ -121.873276, 37.310558 ], [ -121.871429, 37.31084 ], [ -121.870205, 37.312496 ], [ -121.870667, 37.312961 ], [ -121.867251, 37.31531 ], [ -121.868677, 37.315162 ], [ -121.871388, 37.317624 ], [ -121.874022, 37.316377 ], [ -121.878643, 37.322078 ], [ -121.881017, 37.324316 ], [ -121.881544, 37.324057 ], [ -121.884891, 37.328588 ], [ -121.883332, 37.329332 ], [ -121.887989, 37.336537 ], [ -121.883372, 37.338093 ], [ -121.883145, 37.339695 ], [ -121.888463, 37.337173 ], [ -121.89063, 37.338165 ], [ -121.89226, 37.340372 ], [ -121.893293, 37.339833 ], [ -121.895345, 37.342573 ], [ -121.897583, 37.341572 ], [ -121.898258, 37.342323 ], [ -121.896131, 37.342792 ], [ -121.897351, 37.34443 ], [ -121.896855, 37.344597 ], [ -121.899265, 37.347833 ], [ -121.901468, 37.34849 ], [ -121.900223, 37.34908 ], [ -121.90224, 37.349585 ], [ -121.901823, 37.3512 ], [ -121.904751, 37.355111 ], [ -121.90698, 37.354311 ], [ -121.905678, 37.35224 ], [ -121.909196, 37.350484 ], [ -121.911248, 37.354176 ], [ -121.907021, 37.358395 ], [ -121.909637, 37.361737 ], [ -121.910463, 37.361342 ], [ -121.913556, 37.366998 ], [ -121.917063, 37.365318 ], [ -121.918924, 37.367837 ] ], [ [ -121.882385, 37.340591 ], [ -121.881342, 37.340546 ], [ -121.881664, 37.340984 ], [ -121.882385, 37.340591 ] ] ] } },
{ "type": "Feature", "properties": { "zip": "95687" }, "geometry": { "type": "Polygon", "coordinates": [ [ [ -122.023883, 38.325081 ], [ -122.017056, 38.335775 ], [ -122.012675, 38.340447 ], [ -121.979694, 38.353269 ], [ -121.973547, 38.358753 ], [ -121.964023, 38.364692 ], [ -121.897233, 38.416244 ], [ -121.894922, 38.415675 ], [ -121.888813, 38.416931 ], [ -121.887508, 38.413903 ], [ -121.887059, 38.409852 ], [ -121.869489, 38.409418 ], [ -121.862021, 38.402736 ], [ -121.862035, 38.389033 ], [ -121.869563, 38.389552 ], [ -121.875877, 38.394452 ], [ -121.886559, 38.395127 ], [ -121.887677, 38.396093 ], [ -121.888544, 38.39866 ], [ -121.895051, 38.398762 ], [ -121.896723, 38.397591 ], [ -121.896783, 38.380638 ], [ -121.882807, 38.380537 ], [ -121.896852, 38.364768 ], [ -121.8969, 38.3589 ], [ -121.906083, 38.358942 ], [ -121.906052, 38.366189 ], [ -121.917782, 38.366086 ], [ -121.917951, 38.358981 ], [ -121.915547, 38.359031 ], [ -121.915478, 38.350931 ], [ -121.908329, 38.346687 ], [ -121.906919, 38.347402 ], [ -121.908653, 38.348411 ], [ -121.906114, 38.351636 ], [ -121.887575, 38.351633 ], [ -121.887573, 38.347111 ], [ -121.886266, 38.346547 ], [ -121.878223, 38.346565 ], [ -121.878113, 38.344439 ], [ -121.861977, 38.344245 ], [ -121.855872, 38.315202 ], [ -121.841782, 38.315124 ], [ -121.842248, 38.285988 ], [ -121.860306, 38.286142 ], [ -121.860455, 38.272107 ], [ -121.85604, 38.269293 ], [ -121.872331, 38.266519 ], [ -121.879147, 38.2644 ], [ -121.885228, 38.263844 ], [ -121.898092, 38.264833 ], [ -121.898167, 38.272233 ], [ -121.901604, 38.2754 ], [ -121.892185, 38.282198 ], [ -121.896304, 38.285752 ], [ -121.897422, 38.285746 ], [ -121.915006, 38.273403 ], [ -121.91465, 38.286456 ], [ -121.915511, 38.308247 ], [ -121.93385, 38.308456 ], [ -121.933753, 38.3013 ], [ -121.947219, 38.301475 ], [ -121.94745, 38.304631 ], [ -121.950497, 38.304897 ], [ -121.951508, 38.305831 ], [ -121.951397, 38.308836 ], [ -121.95397, 38.309115 ], [ -121.961703, 38.314558 ], [ -121.965053, 38.315736 ], [ -121.976706, 38.315692 ], [ -121.979213, 38.313674 ], [ -121.985419, 38.312875 ], [ -121.988805, 38.314363 ], [ -121.993168, 38.311884 ], [ -121.995065, 38.311691 ], [ -121.997297, 38.312725 ], [ -121.997567, 38.314814 ], [ -121.999027, 38.315749 ], [ -122.010931, 38.315772 ], [ -122.010089, 38.324219 ], [ -122.02265, 38.324317 ], [ -122.023883, 38.325081 ] ] ] } },
{ "type": "Feature", "properties": { "zip": "94608" }, "geometry": { "type": "Polygon", "coordinates": [ [ [ -122.315913, 37.836812 ], [ -122.314195, 37.842311 ], [ -122.299233, 37.840479 ], [ -122.301161573409999, 37.847362399484197 ], [ -122.286247, 37.850505 ], [ -122.283459, 37.850307 ], [ -122.281899, 37.846975 ], [ -122.276188, 37.847734 ], [ -122.2758, 37.845867 ], [ -122.271236, 37.846465 ], [ -122.269305, 37.837105 ], [ -122.268057, 37.835531 ], [ -122.269864, 37.834693 ], [ -122.271796, 37.825226 ], [ -122.275061, 37.826059 ], [ -122.272375, 37.824804 ], [ -122.274, 37.818229 ], [ -122.289246, 37.821776 ], [ -122.290596, 37.826214 ], [ -122.293304, 37.830653 ], [ -122.297115883456001, 37.831217674031201 ], [ -122.298044, 37.836349 ], [ -122.315913, 37.836812 ] ] ] } },
{ "type": "Feature", "properties": { "zip": "94510" }, "geometry": { "type": "Polygon", "coordinates": [ [ [ -122.199566, 38.082986 ], [ -122.198695, 38.08369 ], [ -122.195294, 38.082108 ], [ -122.193953, 38.083886 ], [ -122.193074, 38.081941 ], [ -122.174113, 38.109548 ], [ -122.179232, 38.126312 ], [ -122.167139, 38.13169 ], [ -122.165518, 38.126061 ], [ -122.166166, 38.124878 ], [ -122.16542, 38.123482 ], [ -122.165727, 38.120988 ], [ -122.164664, 38.120824 ], [ -122.163575, 38.118567 ], [ -122.163512, 38.119885 ], [ -122.161424, 38.121281 ], [ -122.158081, 38.121975 ], [ -122.156539, 38.121775 ], [ -122.154789, 38.120161 ], [ -122.154025, 38.121092 ], [ -122.148614, 38.120886 ], [ -122.148319, 38.124292 ], [ -122.147596, 38.121515 ], [ -122.140172, 38.117683 ], [ -122.140755, 38.119919 ], [ -122.141526, 38.120139 ], [ -122.141275, 38.121947 ], [ -122.132443, 38.126156 ], [ -122.131067, 38.125125 ], [ -122.127816, 38.12497 ], [ -122.121895, 38.129401 ], [ -122.12145, 38.130121 ], [ -122.122999, 38.135592 ], [ -122.124308, 38.137404 ], [ -122.123009, 38.139624 ], [ -122.123198, 38.141602 ], [ -122.116808, 38.14506 ], [ -122.115592, 38.146676 ], [ -122.111128, 38.146716 ], [ -122.112606, 38.148228 ], [ -122.11325, 38.152061 ], [ -122.114819, 38.153708 ], [ -122.115094, 38.156264 ], [ -122.127713, 38.17137 ], [ -122.113885, 38.170914 ], [ -122.113812, 38.168415 ], [ -122.11038, 38.16645 ], [ -122.1085, 38.163984 ], [ -122.113746, 38.162554 ], [ -122.114467, 38.158719 ], [ -122.111966, 38.155281 ], [ -122.109127, 38.154683 ], [ -122.107006, 38.155557 ], [ -122.103111, 38.158954 ], [ -122.101636, 38.158372 ], [ -122.100452, 38.156543 ], [ -122.084594, 38.15097 ], [ -122.084858, 38.149157 ], [ -122.095359, 38.139201 ], [ -122.095428, 38.137695 ], [ -122.090697, 38.135851 ], [ -122.086117, 38.135343 ], [ -122.082419, 38.136301 ], [ -122.081635, 38.13336 ], [ -122.082546, 38.127443 ], [ -122.080392, 38.124848 ], [ -122.078778, 38.123546 ], [ -122.072684, 38.12131 ], [ -122.065903, 38.120785 ], [ -122.065438, 38.11728 ], [ -122.06637, 38.11138 ], [ -122.067837, 38.108007 ], [ -122.072196, 38.102793 ], [ -122.112207, 38.070311 ], [ -122.123462, 38.057956 ], [ -122.126229, 38.053383 ], [ -122.128722, 38.045984 ], [ -122.131475, 38.043499 ], [ -122.138577, 38.040077 ], [ -122.133337, 38.042866 ], [ -122.13656, 38.043351 ], [ -122.146967, 38.041998 ], [ -122.147717, 38.042861 ], [ -122.152512, 38.042806 ], [ -122.153273, 38.041687 ], [ -122.155273, 38.042611 ], [ -122.155878, 38.041777 ], [ -122.160608, 38.042763 ], [ -122.161212, 38.041941 ], [ -122.163565, 38.043011 ], [ -122.167106, 38.042352 ], [ -122.161301, 38.049745 ], [ -122.164185, 38.051782 ], [ -122.163226, 38.05282 ], [ -122.165241, 38.054562 ], [ -122.167332, 38.053568 ], [ -122.169993, 38.054728 ], [ -122.169958, 38.056376 ], [ -122.171505, 38.054734 ], [ -122.173471, 38.055607 ], [ -122.172714, 38.056591 ], [ -122.175078, 38.058734 ], [ -122.174515, 38.058651 ], [ -122.175564, 38.061316 ], [ -122.179469, 38.062129 ], [ -122.180953, 38.063973 ], [ -122.18194, 38.062639 ], [ -122.183228, 38.064332 ], [ -122.187171, 38.066116 ], [ -122.185652, 38.068524 ], [ -122.188349, 38.070667 ], [ -122.191407, 38.06886 ], [ -122.192741, 38.066151 ], [ -122.192922, 38.061474 ], [ -122.193897, 38.065822 ], [ -122.19785, 38.075492 ], [ -122.198028, 38.079108 ], [ -122.196295, 38.079245 ], [ -122.199548, 38.08099 ], [ -122.199566, 38.082986 ] ] ] } },
{ "type": "Feature", "properties": { "zip": "94938" }, "geometry": { "type": "Polygon", "coordinates": [ [ [ -122.770799, 38.046196 ], [ -122.760641, 38.049789 ], [ -122.757549, 38.049515 ], [ -122.756961, 38.050785 ], [ -122.753467, 38.050571 ], [ -122.753209, 38.052189 ], [ -122.754513, 38.053947 ], [ -122.753902, 38.055836 ], [ -122.750393, 38.056846 ], [ -122.745473, 38.059631 ], [ -122.743824, 38.059574 ], [ -122.742496, 38.060827 ], [ -122.738429, 38.056313 ], [ -122.735606, 38.057227 ], [ -122.727475, 38.055765 ], [ -122.724534, 38.051806 ], [ -122.724014, 38.049948 ], [ -122.720817, 38.048923 ], [ -122.718424, 38.047132 ], [ -122.711874, 38.045362 ], [ -122.711385, 38.046846 ], [ -122.712561, 38.050115 ], [ -122.709318, 38.047025 ], [ -122.708697, 38.04445 ], [ -122.710891, 38.042402 ], [ -122.709171, 38.041217 ], [ -122.70988, 38.040424 ], [ -122.708913, 38.039302 ], [ -122.704532, 38.039512 ], [ -122.701923, 38.040539 ], [ -122.698338, 38.038928 ], [ -122.698856, 38.036732 ], [ -122.697529, 38.034504 ], [ -122.697692, 38.033543 ], [ -122.700954, 38.031216 ], [ -122.705435, 38.030985 ], [ -122.704739, 38.029651 ], [ -122.705641, 38.027756 ], [ -122.704846, 38.026247 ], [ -122.706288, 38.025993 ], [ -122.706639, 38.023847 ], [ -122.70882, 38.022862 ], [ -122.706863, 38.022347 ], [ -122.706277, 38.021418 ], [ -122.70133, 38.021277 ], [ -122.696874, 38.016886 ], [ -122.695665, 38.017024 ], [ -122.693154, 38.01525 ], [ -122.699533, 38.013034 ], [ -122.700828, 38.010942 ], [ -122.69904, 38.008449 ], [ -122.699721, 38.006916 ], [ -122.702442, 38.008193 ], [ -122.704892, 38.007413 ], [ -122.70638, 38.004962 ], [ -122.708959, 38.004535 ], [ -122.708766, 37.999088 ], [ -122.710272, 37.997605 ], [ -122.710978, 37.998641 ], [ -122.715574, 37.999898 ], [ -122.715723, 37.998226 ], [ -122.7193, 37.997351 ], [ -122.720282, 37.995985 ], [ -122.729038, 38.005209 ], [ -122.73528, 38.00824 ], [ -122.735351, 38.00952 ], [ -122.745016, 38.020632 ], [ -122.751525, 38.023367 ], [ -122.759616, 38.028527 ], [ -122.760552, 38.032387 ], [ -122.759296, 38.035052 ], [ -122.757964, 38.035994 ], [ -122.76446, 38.037723 ], [ -122.762471, 38.04053 ], [ -122.762745, 38.043653 ], [ -122.770799, 38.046196 ] ] ] } },
{ "type": "Feature", "properties": { "zip": "94567" }, "geometry": { "type": "Polygon", "coordinates": [ [ [ -122.558682, 38.650857 ], [ -122.540047, 38.651031 ], [ -122.540131, 38.65582 ], [ -122.535388, 38.658413 ], [ -122.53469, 38.661611 ], [ -122.534675, 38.662825 ], [ -122.535938, 38.664144 ], [ -122.535347, 38.664848 ], [ -122.535434, 38.668261 ], [ -122.537908, 38.668645 ], [ -122.538323, 38.671187 ], [ -122.539762, 38.67278 ], [ -122.536001, 38.672543 ], [ -122.534432, 38.674003 ], [ -122.524399, 38.677652 ], [ -122.523035, 38.681229 ], [ -122.519708, 38.684535 ], [ -122.519694, 38.686044 ], [ -122.520755, 38.68655 ], [ -122.519445, 38.689586 ], [ -122.520478, 38.69032 ], [ -122.520343, 38.691591 ], [ -122.521684, 38.692016 ], [ -122.46389, 38.705203 ], [ -122.427288, 38.752988 ], [ -122.408804, 38.752646 ], [ -122.408699, 38.741612 ], [ -122.413362, 38.741612 ], [ -122.413362, 38.730776 ], [ -122.418048, 38.730871 ], [ -122.41817, 38.727271 ], [ -122.399532, 38.726838 ], [ -122.399354, 38.7305 ], [ -122.393348, 38.730307 ], [ -122.394485, 38.734014 ], [ -122.389729, 38.733934 ], [ -122.390277, 38.719292 ], [ -122.380982, 38.719433 ], [ -122.381176, 38.70508 ], [ -122.379208, 38.705711 ], [ -122.372673, 38.705212 ], [ -122.370888, 38.702326 ], [ -122.37169, 38.70087 ], [ -122.37144, 38.699053 ], [ -122.361001, 38.694175 ], [ -122.360161, 38.692676 ], [ -122.357032, 38.69219 ], [ -122.354449, 38.690497 ], [ -122.355227, 38.687695 ], [ -122.354029, 38.686404 ], [ -122.350923, 38.687629 ], [ -122.354099, 38.685492 ], [ -122.344439, 38.6763 ], [ -122.338839, 38.675248 ], [ -122.334614, 38.672313 ], [ -122.333099, 38.670561 ], [ -122.332344, 38.667313 ], [ -122.330466, 38.665583 ], [ -122.330211, 38.668937 ], [ -122.329379, 38.665125 ], [ -122.327402, 38.663581 ], [ -122.325914, 38.663592 ], [ -122.320605, 38.658889 ], [ -122.316746, 38.65901 ], [ -122.3151, 38.656976 ], [ -122.315026, 38.652528 ], [ -122.31138, 38.649377 ], [ -122.307886, 38.648863 ], [ -122.307121, 38.64799 ], [ -122.302439, 38.648091 ], [ -122.303807, 38.648742 ], [ -122.306198, 38.654984 ], [ -122.302566, 38.649069 ], [ -122.299074, 38.647036 ], [ -122.295477, 38.640893 ], [ -122.296068, 38.64003 ], [ -122.292666, 38.638331 ], [ -122.292632, 38.636651 ], [ -122.296041, 38.637745 ], [ -122.295221, 38.635378 ], [ -122.293717, 38.636552 ], [ -122.291995, 38.634801 ], [ -122.291987, 38.633121 ], [ -122.289027, 38.632864 ], [ -122.290538, 38.63013 ], [ -122.288504, 38.626886 ], [ -122.289808, 38.626105 ], [ -122.290299, 38.623873 ], [ -122.289347, 38.62184 ], [ -122.289938, 38.619903 ], [ -122.289175, 38.618447 ], [ -122.29226, 38.618723 ], [ -122.296081, 38.620939 ], [ -122.298731, 38.621516 ], [ -122.305628, 38.618717 ], [ -122.316823, 38.619535 ], [ -122.321774, 38.621809 ], [ -122.322732, 38.622613 ], [ -122.322656, 38.624169 ], [ -122.327322, 38.627721 ], [ -122.330615, 38.627755 ], [ -122.332849, 38.630156 ], [ -122.337146, 38.632247 ], [ -122.339749, 38.634919 ], [ -122.345904, 38.636864 ], [ -122.345781, 38.63781 ], [ -122.348704, 38.639312 ], [ -122.350878, 38.643779 ], [ -122.3552, 38.64631 ], [ -122.362366, 38.647624 ], [ -122.367488, 38.643622 ], [ -122.372239, 38.644438 ], [ -122.374858, 38.643711 ], [ -122.384746, 38.637786 ], [ -122.38657, 38.634976 ], [ -122.38758, 38.628581 ], [ -122.39712, 38.612834 ], [ -122.404586, 38.61465 ], [ -122.415378, 38.614931 ], [ -122.417631, 38.617475 ], [ -122.421488, 38.617767 ], [ -122.425723, 38.617039 ], [ -122.428192, 38.615221 ], [ -122.427792, 38.612945 ], [ -122.430319, 38.611533 ], [ -122.434113, 38.61164 ], [ -122.434009, 38.60852 ], [ -122.442875, 38.611539 ], [ -122.448113, 38.611499 ], [ -122.448217, 38.607932 ], [ -122.455298, 38.607972 ], [ -122.455767, 38.608593 ], [ -122.462789, 38.60773 ], [ -122.462685, 38.611296 ], [ -122.467422, 38.610918 ], [ -122.467508, 38.607568 ], [ -122.502544, 38.60652 ], [ -122.503274, 38.609738 ], [ -122.52284, 38.617794 ], [ -122.533785, 38.614994 ], [ -122.534918, 38.618181 ], [ -122.53346, 38.622059 ], [ -122.558149, 38.621554 ], [ -122.558682, 38.650857 ] ] ] } },
{ "type": "Feature", "properties": { "zip": "94933" }, "geometry": { "type": "Polygon", "coordinates": [ [ [ -122.70882, 38.022862 ], [ -122.706639, 38.023847 ], [ -122.706288, 38.025993 ], [ -122.704846, 38.026247 ], [ -122.705641, 38.027756 ], [ -122.704739, 38.029651 ], [ -122.705435, 38.030985 ], [ -122.700954, 38.031216 ], [ -122.697692, 38.033543 ], [ -122.692124, 38.03184 ], [ -122.690456, 38.030198 ], [ -122.68752, 38.030386 ], [ -122.6864, 38.031479 ], [ -122.682953, 38.031583 ], [ -122.679169, 38.029691 ], [ -122.678217, 38.028042 ], [ -122.674524, 38.028387 ], [ -122.669073, 38.025431 ], [ -122.667388, 38.025438 ], [ -122.663405, 38.022255 ], [ -122.660356, 38.022734 ], [ -122.662165, 38.020024 ], [ -122.664935, 38.018384 ], [ -122.66947, 38.019423 ], [ -122.673686, 38.019254 ], [ -122.674191, 38.016067 ], [ -122.676024, 38.016379 ], [ -122.675216, 38.014995 ], [ -122.674012, 38.015064 ], [ -122.674798, 38.012617 ], [ -122.680295, 38.01271 ], [ -122.679013, 38.01094 ], [ -122.676847, 38.009919 ], [ -122.675533, 38.00712 ], [ -122.677329, 38.004742 ], [ -122.681213, 38.002449 ], [ -122.68517, 38.003486 ], [ -122.687445, 38.002938 ], [ -122.692331, 38.004514 ], [ -122.696413, 38.001567 ], [ -122.698728, 37.998832 ], [ -122.699155, 37.995533 ], [ -122.70084, 37.998684 ], [ -122.703754, 38.001133 ], [ -122.705036, 38.001346 ], [ -122.705864, 38.003662 ], [ -122.70698, 38.004271 ], [ -122.707762, 38.001564 ], [ -122.708554, 38.004573 ], [ -122.70638, 38.004962 ], [ -122.704892, 38.007413 ], [ -122.702442, 38.008193 ], [ -122.699721, 38.006916 ], [ -122.69904, 38.008449 ], [ -122.700828, 38.010942 ], [ -122.699533, 38.013034 ], [ -122.693154, 38.01525 ], [ -122.695665, 38.017024 ], [ -122.696874, 38.016886 ], [ -122.70133, 38.021277 ], [ -122.706277, 38.021418 ], [ -122.706863, 38.022347 ], [ -122.70882, 38.022862 ] ] ] } },
{ "type": "Feature", "properties": { "zip": "95120" }, "geometry": { "type": "Polygon", "coordinates": [ [ [ -121.91266, 37.21707 ], [ -121.90937, 37.21834 ], [ -121.90968, 37.21989 ], [ -121.90711, 37.22203 ], [ -121.905911, 37.22451 ], [ -121.906213, 37.225487 ], [ -121.90304, 37.226341 ], [ -121.903581, 37.229561 ], [ -121.901738, 37.232291 ], [ -121.891505, 37.234941 ], [ -121.888287, 37.237708 ], [ -121.881893, 37.240529 ], [ -121.878881, 37.243055 ], [ -121.874794, 37.243757 ], [ -121.874926, 37.242606 ], [ -121.868973, 37.242995 ], [ -121.869138, 37.239373 ], [ -121.870284, 37.23714 ], [ -121.863134, 37.237333 ], [ -121.862343, 37.23931 ], [ -121.852424, 37.235664 ], [ -121.852472, 37.2339 ], [ -121.850197, 37.232648 ], [ -121.846953, 37.232622 ], [ -121.848498, 37.230387 ], [ -121.846922, 37.228874 ], [ -121.848277, 37.229078 ], [ -121.848237, 37.228201 ], [ -121.843629, 37.226537 ], [ -121.841795, 37.224983 ], [ -121.840743, 37.225373 ], [ -121.840148, 37.229562 ], [ -121.835166, 37.228191 ], [ -121.835346, 37.226734 ], [ -121.827341, 37.225867 ], [ -121.827938, 37.227733 ], [ -121.826071, 37.228672 ], [ -121.821589, 37.228162 ], [ -121.82138, 37.223308 ], [ -121.815847, 37.221018 ], [ -121.815829, 37.220168 ], [ -121.812522, 37.219237 ], [ -121.811447, 37.217521 ], [ -121.802581, 37.216337 ], [ -121.80115, 37.214159 ], [ -121.799575, 37.21487 ], [ -121.797425, 37.214233 ], [ -121.793603, 37.215473 ], [ -121.790843, 37.214709 ], [ -121.790272, 37.211422 ], [ -121.786802, 37.21112 ], [ -121.786947, 37.209886 ], [ -121.779692, 37.207734 ], [ -121.779424, 37.208678 ], [ -121.778225, 37.208188 ], [ -121.775662, 37.212243 ], [ -121.772762, 37.213142 ], [ -121.770862, 37.217377 ], [ -121.768031, 37.217012 ], [ -121.765885, 37.214519 ], [ -121.762803, 37.217724 ], [ -121.761311, 37.216586 ], [ -121.758672, 37.217763 ], [ -121.746055, 37.210073 ], [ -121.736404, 37.201129 ], [ -121.755602, 37.187579 ], [ -121.758032, 37.187019 ], [ -121.755406, 37.184071 ], [ -121.759358, 37.184823 ], [ -121.759783, 37.186176 ], [ -121.763827, 37.188953 ], [ -121.762964, 37.190831 ], [ -121.764561, 37.190187 ], [ -121.767125, 37.192067 ], [ -121.768661, 37.192145 ], [ -121.76597, 37.189933 ], [ -121.766037, 37.187418 ], [ -121.767785, 37.185414 ], [ -121.770733, 37.186074 ], [ -121.774731, 37.188344 ], [ -121.779808, 37.188252 ], [ -121.785237, 37.185113 ], [ -121.784947, 37.178998 ], [ -121.785751, 37.178323 ], [ -121.784777, 37.174812 ], [ -121.787779, 37.172158 ], [ -121.796643, 37.172134 ], [ -121.798627, 37.171048 ], [ -121.799777, 37.168192 ], [ -121.802647, 37.166432 ], [ -121.803008, 37.165005 ], [ -121.801999, 37.164282 ], [ -121.800915, 37.160216 ], [ -121.798725, 37.157053 ], [ -121.79975, 37.15641 ], [ -121.799347, 37.155432 ], [ -121.801953, 37.156389 ], [ -121.802866, 37.154459 ], [ -121.804999, 37.15308 ], [ -121.807921, 37.152672 ], [ -121.811235, 37.152877 ], [ -121.812849, 37.153933 ], [ -121.813414, 37.152338 ], [ -121.814766, 37.151767 ], [ -121.814497, 37.150202 ], [ -121.815771, 37.148874 ], [ -121.815577, 37.14645 ], [ -121.817205, 37.142667 ], [ -121.823771, 37.13855 ], [ -121.824063, 37.134746 ], [ -121.826463, 37.127546 ], [ -121.829264, 37.125146 ], [ -121.829464, 37.117347 ], [ -121.832664, 37.112247 ], [ -121.835233, 37.111889 ], [ -121.83476, 37.11235 ], [ -121.83943, 37.11325 ], [ -121.84144, 37.11194 ], [ -121.85045, 37.11577 ], [ -121.85114, 37.1187 ], [ -121.85506, 37.11681 ], [ -121.86278, 37.11849 ], [ -121.86468, 37.12133 ], [ -121.86779, 37.12332 ], [ -121.86831, 37.12576 ], [ -121.87508, 37.13037 ], [ -121.87648, 37.13318 ], [ -121.88187, 37.13497 ], [ -121.88388, 37.13852 ], [ -121.88676, 37.13916 ], [ -121.89146, 37.14236 ], [ -121.89441, 37.14567 ], [ -121.89516, 37.14944 ], [ -121.89457, 37.1511 ], [ -121.89349, 37.15172 ], [ -121.89296, 37.15468 ], [ -121.89248, 37.15303 ], [ -121.89094, 37.15573 ], [ -121.88721, 37.15458 ], [ -121.876644, 37.158891 ], [ -121.875008, 37.160269 ], [ -121.875503, 37.162042 ], [ -121.873854, 37.162358 ], [ -121.875195, 37.166272 ], [ -121.870379, 37.167332 ], [ -121.866001, 37.171719 ], [ -121.866417, 37.172543 ], [ -121.863326, 37.176123 ], [ -121.86593, 37.17846 ], [ -121.86365, 37.17993 ], [ -121.8696, 37.18271 ], [ -121.873524, 37.181133 ], [ -121.871306, 37.184527 ], [ -121.873274, 37.19289 ], [ -121.87296, 37.195114 ], [ -121.878279, 37.198594 ], [ -121.880084, 37.198476 ], [ -121.88384, 37.201823 ], [ -121.896, 37.20503 ], [ -121.897038, 37.206555 ], [ -121.89985, 37.20675 ], [ -121.904995, 37.21098 ], [ -121.90696, 37.21061 ], [ -121.90966, 37.21304 ], [ -121.912428, 37.213567 ], [ -121.91346, 37.21555 ], [ -121.91266, 37.21707 ] ] ] } },
{ "type": "Feature", "properties": { "zip": "94043" }, "geometry": { "type": "Polygon", "coordinates": [ [ [ -122.1081, 37.40829 ], [ -122.10339, 37.413341 ], [ -122.101295, 37.412048 ], [ -122.102158, 37.415586 ], [ -122.10138, 37.4194 ], [ -122.10025, 37.42177 ], [ -122.098146, 37.421652 ], [ -122.097761, 37.424805 ], [ -122.10115, 37.42791 ], [ -122.09971, 37.43356 ], [ -122.09743, 37.43343 ], [ -122.09666, 37.43196 ], [ -122.09703, 37.42791 ], [ -122.08999, 37.42382 ], [ -122.086546, 37.423472 ], [ -122.086586, 37.432847 ], [ -122.085199, 37.434967 ], [ -122.075545, 37.435957 ], [ -122.067928, 37.434478 ], [ -122.06832, 37.429934 ], [ -122.065458, 37.429017 ], [ -122.066062, 37.427881 ], [ -122.059667, 37.426802 ], [ -122.059767, 37.424837 ], [ -122.058553, 37.424713 ], [ -122.058005, 37.426614 ], [ -122.049172, 37.426139 ], [ -122.043572, 37.427239 ], [ -122.03531, 37.42645 ], [ -122.03703, 37.419 ], [ -122.037361, 37.400906 ], [ -122.046872, 37.403006 ], [ -122.047403, 37.401552 ], [ -122.044979, 37.399822 ], [ -122.046541, 37.394933 ], [ -122.050123, 37.392496 ], [ -122.04806, 37.39035 ], [ -122.046597, 37.390507 ], [ -122.04743, 37.38803 ], [ -122.04657, 37.38644 ], [ -122.04937, 37.38572 ], [ -122.0524, 37.38556 ], [ -122.06304, 37.38902 ], [ -122.1045, 37.40582 ], [ -122.1081, 37.40829 ] ] ] } },
{ "type": "Feature", "properties": { "zip": "94568" }, "geometry": { "type": "Polygon", "coordinates": [ [ [ -121.987797, 37.709318 ], [ -121.973833, 37.709396 ], [ -121.972682, 37.712662 ], [ -121.975317, 37.714285 ], [ -121.975739, 37.71874 ], [ -121.973717, 37.720535 ], [ -121.97114, 37.721223 ], [ -121.971919, 37.722253 ], [ -121.971417, 37.726115 ], [ -121.973233, 37.727153 ], [ -121.974255, 37.725824 ], [ -121.975286, 37.726284 ], [ -121.971263, 37.729556 ], [ -121.96004, 37.718531 ], [ -121.850727, 37.744942 ], [ -121.850653, 37.73096 ], [ -121.841613, 37.730956 ], [ -121.841603, 37.72377 ], [ -121.832547, 37.723743 ], [ -121.832439, 37.709227 ], [ -121.833467, 37.709228 ], [ -121.833381, 37.701209 ], [ -121.916445, 37.702018 ], [ -121.934962, 37.698517 ], [ -121.956222, 37.698612 ], [ -121.967972, 37.697374 ], [ -121.987587, 37.700512 ], [ -121.987797, 37.709318 ] ] ] } },
{ "type": "Feature", "properties": { "zip": "94086" }, "geometry": { "type": "MultiPolygon", "coordinates": [ [ [ [ -122.00097, 37.35232 ], [ -122.000424, 37.353373 ], [ -122.000405, 37.352338 ], [ -122.00097, 37.35232 ] ] ], [ [ [ -122.060276, 37.375516 ], [ -122.056931, 37.385452 ], [ -122.052728, 37.384557 ], [ -122.05227, 37.38597 ], [ -122.04359, 37.38671 ], [ -122.021098, 37.381789 ], [ -122.01758, 37.37972 ], [ -122.00735, 37.37649 ], [ -122.004037, 37.376821 ], [ -122.004706, 37.373912 ], [ -121.99558, 37.37398 ], [ -121.99596, 37.37283 ], [ -121.99391, 37.3728 ], [ -121.993926, 37.373993 ], [ -121.986896, 37.37407 ], [ -121.987271, 37.370929 ], [ -121.98468, 37.37234 ], [ -121.98243, 37.37242 ], [ -121.982402, 37.370583 ], [ -121.9963, 37.37054 ], [ -121.995839, 37.360666 ], [ -121.999616, 37.360653 ], [ -122.00051, 37.3586 ], [ -122.000445, 37.354075 ], [ -122.001593, 37.353842 ], [ -122.001561, 37.352149 ], [ -122.001737, 37.353199 ], [ -122.008021, 37.35324 ], [ -122.008, 37.35225 ], [ -122.010562, 37.353359 ], [ -122.010544, 37.35399 ], [ -122.01403, 37.354847 ], [ -122.01403, 37.35317 ], [ -122.01774, 37.35591 ], [ -122.01707, 37.35778 ], [ -122.01883, 37.35928 ], [ -122.022363, 37.359734 ], [ -122.022031, 37.360759 ], [ -122.024748, 37.362129 ], [ -122.02395, 37.36465 ], [ -122.027082, 37.365023 ], [ -122.02808, 37.36445 ], [ -122.03308, 37.36826 ], [ -122.04088, 37.37016 ], [ -122.04056, 37.37117 ], [ -122.04825, 37.372559 ], [ -122.05161, 37.3743 ], [ -122.05222, 37.37279 ], [ -122.060276, 37.375516 ] ] ] ] } },
{ "type": "Feature", "properties": { "zip": "94404" }, "geometry": { "type": "Polygon", "coordinates": [ [ [ -122.294323, 37.570578 ], [ -122.292684, 37.570403 ], [ -122.291884, 37.573153 ], [ -122.288441, 37.57388 ], [ -122.288445441126001, 37.575433190136401 ], [ -122.284259, 37.575421 ], [ -122.279215760539003, 37.573111558444197 ], [ -122.278831, 37.571397 ], [ -122.275654891581993, 37.571480936141498 ], [ -122.273563, 37.570523 ], [ -122.262868, 37.573914 ], [ -122.251934, 37.567886 ], [ -122.245286488903005, 37.556080170148299 ], [ -122.24634, 37.553521 ], [ -122.250651, 37.550299 ], [ -122.249364, 37.549193 ], [ -122.250724, 37.548194 ], [ -122.252371, 37.544505 ], [ -122.251933, 37.540409 ], [ -122.258462, 37.541183 ], [ -122.259625, 37.540376 ], [ -122.260429, 37.539677 ], [ -122.261373, 37.533401 ], [ -122.264999, 37.534388 ], [ -122.276664, 37.534223 ], [ -122.278833, 37.536404 ], [ -122.276478, 37.540403 ], [ -122.277139, 37.544156 ], [ -122.278977, 37.545651 ], [ -122.280208, 37.54847 ], [ -122.283552, 37.548271 ], [ -122.284486, 37.550465 ], [ -122.282008, 37.551459 ], [ -122.281959, 37.553338 ], [ -122.283908, 37.554131 ], [ -122.287004, 37.552911 ], [ -122.289159, 37.554897 ], [ -122.290253, 37.554558 ], [ -122.292981, 37.556745 ], [ -122.291018, 37.559923 ], [ -122.292681, 37.561396 ], [ -122.293233, 37.563522 ], [ -122.290651, 37.564967 ], [ -122.28733, 37.565328 ], [ -122.286516, 37.56607 ], [ -122.287149, 37.567575 ], [ -122.292777, 37.567652 ], [ -122.293142, 37.568005 ], [ -122.291823, 37.569038 ], [ -122.293625, 37.568561 ], [ -122.294323, 37.570578 ] ] ] } },
{ "type": "Feature", "properties": { "zip": "94589" }, "geometry": { "type": "Polygon", "coordinates": [ [ [ -122.289936, 38.154012 ], [ -122.289215, 38.155217 ], [ -122.214612, 38.154988 ], [ -122.216619, 38.150355 ], [ -122.217294, 38.143389 ], [ -122.229825, 38.12315 ], [ -122.237094, 38.122225 ], [ -122.244153, 38.123278 ], [ -122.247973, 38.122618 ], [ -122.249253, 38.12815 ], [ -122.253496, 38.127466 ], [ -122.253408, 38.12617 ], [ -122.255347, 38.125995 ], [ -122.25606, 38.13175 ], [ -122.261116, 38.130648 ], [ -122.26319, 38.131253 ], [ -122.268872, 38.126181 ], [ -122.273467, 38.125178 ], [ -122.276132, 38.12615 ], [ -122.273475, 38.125831 ], [ -122.271936, 38.128324 ], [ -122.271573, 38.131208 ], [ -122.273234, 38.133516 ], [ -122.269867, 38.134246 ], [ -122.269484, 38.136537 ], [ -122.268398, 38.137316 ], [ -122.266788, 38.14148 ], [ -122.267899, 38.144733 ], [ -122.276905, 38.150594 ], [ -122.2893, 38.153236 ], [ -122.289936, 38.154012 ] ] ] } },
{ "type": "Feature", "properties": { "zip": "94111" }, "geometry": { "type": "Polygon", "coordinates": [ [ [ -122.405174, 37.804763 ], [ -122.405556217938994, 37.807058664476699 ], [ -122.400847, 37.804876 ], [ -122.401079, 37.803619 ], [ -122.395119575186996, 37.797037413014102 ], [ -122.396958, 37.796347 ], [ -122.396315, 37.793337 ], [ -122.399195, 37.791058 ], [ -122.400058, 37.793694 ], [ -122.404613, 37.793565 ], [ -122.404412, 37.796302 ], [ -122.401907, 37.796876 ], [ -122.40316, 37.803098 ], [ -122.404798, 37.802901 ], [ -122.405954, 37.804664 ], [ -122.405174, 37.804763 ] ] ] } },
{ "type": "Feature", "properties": { "zip": "94964" }, "geometry": { "type": "Polygon", "coordinates": [ [ [ -122.501738, 37.947828 ], [ -122.500192, 37.946903 ], [ -122.491778, 37.946014 ], [ -122.487378, 37.944375 ], [ -122.484871, 37.94455 ], [ -122.479512, 37.942526 ], [ -122.486521, 37.939788 ], [ -122.489848, 37.936602 ], [ -122.497034, 37.938936 ], [ -122.498643, 37.941475 ], [ -122.501993723967004, 37.942160600836601 ], [ -122.501383, 37.942478 ], [ -122.502391, 37.942921 ], [ -122.501738, 37.947828 ] ] ] } },
{ "type": "Feature", "properties": { "zip": "94521" }, "geometry": { "type": "Polygon", "coordinates": [ [ [ -122.009362, 37.970005 ], [ -122.007306, 37.971006 ], [ -122.005611, 37.969 ], [ -122.005405, 37.969771 ], [ -122.000352, 37.970368 ], [ -122.000374, 37.971464 ], [ -121.998134, 37.971479 ], [ -121.996058, 37.973247 ], [ -121.99897, 37.975789 ], [ -121.996284, 37.977922 ], [ -121.993288, 37.977856 ], [ -121.987522, 37.97614 ], [ -121.984469, 37.978821 ], [ -121.977639, 37.973711 ], [ -121.975476, 37.975529 ], [ -121.970023, 37.971742 ], [ -121.968324, 37.973166 ], [ -121.963877, 37.972833 ], [ -121.9585, 37.968379 ], [ -121.959225, 37.967676 ], [ -121.948657, 37.963084 ], [ -121.945311, 37.963546 ], [ -121.940459, 37.967744 ], [ -121.940442, 37.966477 ], [ -121.935325, 37.966512 ], [ -121.935382, 37.968297 ], [ -121.933024, 37.968351 ], [ -121.932919, 37.961676 ], [ -121.931134, 37.961626 ], [ -121.9284, 37.963161 ], [ -121.927606, 37.966074 ], [ -121.921459, 37.970577 ], [ -121.922641, 37.969286 ], [ -121.919361, 37.96932 ], [ -121.919316, 37.962316 ], [ -121.914703, 37.962159 ], [ -121.914617, 37.955142 ], [ -121.93933, 37.955862 ], [ -121.944659, 37.954134 ], [ -121.94681, 37.951188 ], [ -121.948075, 37.951075 ], [ -121.951, 37.951932 ], [ -121.95247, 37.953619 ], [ -121.951692, 37.95425 ], [ -121.952399, 37.95565 ], [ -121.957343, 37.952109 ], [ -121.950916, 37.948499 ], [ -121.950944, 37.94124 ], [ -121.944266, 37.941235 ], [ -121.94426, 37.937344 ], [ -121.946006, 37.937357 ], [ -121.944862, 37.933983 ], [ -121.957025, 37.934072 ], [ -121.958085, 37.931209 ], [ -121.962093, 37.928156 ], [ -121.967513, 37.925968 ], [ -121.969708, 37.924287 ], [ -121.977157, 37.916105 ], [ -121.978928, 37.917645 ], [ -121.978288, 37.919799 ], [ -121.980606, 37.92386 ], [ -121.984266, 37.925842 ], [ -121.985123, 37.927756 ], [ -121.983674, 37.929776 ], [ -121.986108, 37.933209 ], [ -121.985312, 37.934343 ], [ -121.9969, 37.942687 ], [ -121.995104, 37.94553 ], [ -121.992234, 37.947158 ], [ -121.995189, 37.949018 ], [ -121.996292, 37.950668 ], [ -121.996895, 37.950426 ], [ -122.001615, 37.95545 ], [ -122.001174, 37.955751 ], [ -122.008028, 37.961653 ], [ -122.008122, 37.963127 ], [ -122.006338, 37.963736 ], [ -122.006739, 37.965408 ], [ -122.00864, 37.965932 ], [ -122.009362, 37.970005 ] ] ] } },
{ "type": "Feature", "properties": { "zip": "94947" }, "geometry": { "type": "Polygon", "coordinates": [ [ [ -122.700199, 38.134173 ], [ -122.699596, 38.137532 ], [ -122.696579, 38.142448 ], [ -122.692208, 38.145817 ], [ -122.683243, 38.149164 ], [ -122.666918, 38.148585 ], [ -122.6648, 38.148141 ], [ -122.661982, 38.1457 ], [ -122.660092, 38.145553 ], [ -122.652855, 38.148014 ], [ -122.641595, 38.146319 ], [ -122.639481, 38.138768 ], [ -122.6363, 38.135392 ], [ -122.630535, 38.132871 ], [ -122.628595, 38.130213 ], [ -122.625545, 38.123142 ], [ -122.618869, 38.120846 ], [ -122.616794, 38.125095 ], [ -122.612754, 38.123889 ], [ -122.612366, 38.122223 ], [ -122.613489, 38.119293 ], [ -122.605988, 38.116351 ], [ -122.604056, 38.11465 ], [ -122.599539, 38.116676 ], [ -122.593961, 38.116194 ], [ -122.588018, 38.113829 ], [ -122.589906, 38.111148 ], [ -122.589165, 38.111634 ], [ -122.578607, 38.106739 ], [ -122.576713, 38.106863 ], [ -122.56631, 38.097624 ], [ -122.566549, 38.095134 ], [ -122.563609, 38.09373 ], [ -122.561871, 38.093935 ], [ -122.561816, 38.090452 ], [ -122.559055, 38.092317 ], [ -122.546108, 38.08008 ], [ -122.542512, 38.076535 ], [ -122.539561, 38.071402 ], [ -122.544698, 38.074396 ], [ -122.545929, 38.074064 ], [ -122.551249, 38.075849 ], [ -122.553559, 38.075296 ], [ -122.555978, 38.076615 ], [ -122.563913, 38.075248 ], [ -122.566279, 38.077023 ], [ -122.569037, 38.076994 ], [ -122.569013, 38.078738 ], [ -122.57144, 38.080412 ], [ -122.57496, 38.079012 ], [ -122.575209, 38.076227 ], [ -122.582455, 38.076962 ], [ -122.585755, 38.078573 ], [ -122.584399, 38.068857 ], [ -122.588048, 38.069069 ], [ -122.594202, 38.066329 ], [ -122.57461, 38.04796 ], [ -122.571121, 38.046322 ], [ -122.573043, 38.045396 ], [ -122.583114, 38.048905 ], [ -122.588327, 38.049174 ], [ -122.590582, 38.052973 ], [ -122.596777, 38.05352 ], [ -122.606192, 38.058021 ], [ -122.600603, 38.062988 ], [ -122.59746, 38.067117 ], [ -122.601213, 38.07051 ], [ -122.603717, 38.076063 ], [ -122.615358, 38.08294 ], [ -122.630492, 38.089834 ], [ -122.633711, 38.089742 ], [ -122.639558, 38.091723 ], [ -122.646054, 38.088185 ], [ -122.652981, 38.089596 ], [ -122.656292, 38.091526 ], [ -122.66316, 38.093311 ], [ -122.665006, 38.094845 ], [ -122.665479, 38.096745 ], [ -122.665745, 38.105239 ], [ -122.667519, 38.11293 ], [ -122.676071, 38.116027 ], [ -122.691474, 38.114272 ], [ -122.696313, 38.116455 ], [ -122.698679, 38.120949 ], [ -122.700199, 38.134173 ] ] ] } },
{ "type": "Feature", "properties": { "zip": "94582" }, "geometry": { "type": "Polygon", "coordinates": [ [ [ -121.964458, 37.781461 ], [ -121.951109, 37.78691 ], [ -121.95102, 37.795004 ], [ -121.947489, 37.795085 ], [ -121.94646, 37.794502 ], [ -121.946477, 37.793139 ], [ -121.941944, 37.79106 ], [ -121.941942, 37.788793 ], [ -121.932844, 37.7889 ], [ -121.932785, 37.792389 ], [ -121.923715, 37.792411 ], [ -121.923766, 37.788259 ], [ -121.900635, 37.788665 ], [ -121.900663, 37.781404 ], [ -121.87811, 37.781274 ], [ -121.878487, 37.778108 ], [ -121.876978, 37.77574 ], [ -121.877015, 37.773364 ], [ -121.878978, 37.771874 ], [ -121.880015, 37.769321 ], [ -121.879193, 37.767531 ], [ -121.8809, 37.76577 ], [ -121.88115, 37.758633 ], [ -121.879615, 37.757551 ], [ -121.882852, 37.752847 ], [ -121.882595, 37.745426 ], [ -121.883195, 37.742993 ], [ -121.878248, 37.746395 ], [ -121.876482, 37.748808 ], [ -121.874921, 37.749589 ], [ -121.871569, 37.749456 ], [ -121.871624, 37.743172 ], [ -121.870733, 37.740086 ], [ -121.917374, 37.728897 ], [ -121.920018, 37.735817 ], [ -121.922807, 37.737952 ], [ -121.924768, 37.737846 ], [ -121.929494, 37.743829 ], [ -121.9293, 37.744716 ], [ -121.931084, 37.744818 ], [ -121.932832, 37.747738 ], [ -121.938483, 37.75354 ], [ -121.94086, 37.757941 ], [ -121.944153, 37.75975 ], [ -121.955362, 37.768982 ], [ -121.964458, 37.781461 ] ] ] } },
{ "type": "Feature", "properties": { "zip": "94536" }, "geometry": { "type": "MultiPolygon", "coordinates": [ [ [ [ -121.970096, 37.559516 ], [ -121.969, 37.560121 ], [ -121.968438, 37.55942 ], [ -121.969598, 37.558784 ], [ -121.970096, 37.559516 ] ] ], [ [ [ -122.038596, 37.563483 ], [ -122.032326, 37.570904 ], [ -122.031069, 37.570273 ], [ -122.029444, 37.572033 ], [ -122.030648, 37.572623 ], [ -122.02536, 37.578493 ], [ -122.023839, 37.577032 ], [ -122.01831, 37.574432 ], [ -122.016852, 37.574731 ], [ -122.013197, 37.580703 ], [ -122.011042, 37.580633 ], [ -122.008362, 37.579029 ], [ -122.005866, 37.586484 ], [ -121.987698, 37.599726 ], [ -121.986233, 37.59895 ], [ -121.983527, 37.599147 ], [ -121.977948, 37.594381 ], [ -121.966597, 37.595817 ], [ -121.967939, 37.598203 ], [ -121.957637, 37.589487 ], [ -121.957238, 37.591019 ], [ -121.951652, 37.597529 ], [ -121.947976, 37.598114 ], [ -121.946024, 37.59751 ], [ -121.939608, 37.598827 ], [ -121.938009, 37.597675 ], [ -121.937238, 37.592238 ], [ -121.936294, 37.591154 ], [ -121.932767, 37.591732 ], [ -121.930267, 37.586225 ], [ -121.928118, 37.585947 ], [ -121.928374, 37.584376 ], [ -121.925614, 37.582349 ], [ -121.92713, 37.581245 ], [ -121.92604, 37.579789 ], [ -121.929942, 37.578509 ], [ -121.931614, 37.575953 ], [ -121.93253, 37.574003 ], [ -121.931812, 37.572552 ], [ -121.935672, 37.57005 ], [ -121.94278, 37.570627 ], [ -121.947592, 37.569869 ], [ -121.9527, 37.570649 ], [ -121.957967, 37.568677 ], [ -121.958592, 37.567424 ], [ -121.962097, 37.565087 ], [ -121.959986, 37.562647 ], [ -121.958779, 37.559523 ], [ -121.961839, 37.557446 ], [ -121.964263, 37.558145 ], [ -121.963692, 37.558721 ], [ -121.961138, 37.558479 ], [ -121.960866, 37.56144 ], [ -121.962258, 37.561965 ], [ -121.966335, 37.559605 ], [ -121.96796, 37.561234 ], [ -121.972862, 37.558069 ], [ -121.976036, 37.554114 ], [ -121.98152, 37.556859 ], [ -121.978487, 37.56064 ], [ -121.978542, 37.564091 ], [ -121.980413, 37.564134 ], [ -121.980336, 37.561347 ], [ -121.978724, 37.560605 ], [ -121.981113, 37.559046 ], [ -121.982132, 37.559557 ], [ -121.983304, 37.556947 ], [ -121.98219, 37.556357 ], [ -121.987352, 37.549996 ], [ -121.988474, 37.550573 ], [ -121.987804, 37.549426 ], [ -121.989018, 37.548886 ], [ -121.998621, 37.537491 ], [ -121.997893, 37.53711 ], [ -121.998519, 37.536371 ], [ -122.000496, 37.537377 ], [ -122.002099, 37.535459 ], [ -122.001502, 37.533737 ], [ -122.002543, 37.532526 ], [ -122.001627, 37.53175 ], [ -122.00236, 37.529774 ], [ -122.014861, 37.536695 ], [ -122.028684, 37.554125 ], [ -122.038596, 37.563483 ] ] ] ] } },
{ "type": "Feature", "properties": { "zip": "94070" }, "geometry": { "type": "Polygon", "coordinates": [ [ [ -122.303036, 37.494008 ], [ -122.298581, 37.495506 ], [ -122.302598, 37.498393 ], [ -122.300544, 37.49992 ], [ -122.296087, 37.497053 ], [ -122.288603, 37.49978 ], [ -122.28749, 37.499491 ], [ -122.289557, 37.50201 ], [ -122.286527, 37.506614 ], [ -122.288585, 37.507417 ], [ -122.286557, 37.510584 ], [ -122.284447, 37.509731 ], [ -122.277972, 37.511456 ], [ -122.278294, 37.513117 ], [ -122.273025, 37.510195 ], [ -122.267399, 37.514185 ], [ -122.270209, 37.516857 ], [ -122.26498, 37.521272 ], [ -122.262406, 37.519338 ], [ -122.263031, 37.520379 ], [ -122.26192, 37.521171 ], [ -122.260466, 37.520429 ], [ -122.254837, 37.515505 ], [ -122.250838, 37.517879 ], [ -122.248605, 37.518148 ], [ -122.247971, 37.512587 ], [ -122.245029, 37.508099 ], [ -122.245124, 37.506789 ], [ -122.246858, 37.505555 ], [ -122.238135, 37.498146 ], [ -122.241252, 37.498208 ], [ -122.245183, 37.495062 ], [ -122.244309, 37.493156 ], [ -122.247318, 37.491093 ], [ -122.250507, 37.486824 ], [ -122.253323, 37.486213 ], [ -122.255691, 37.484091 ], [ -122.258693, 37.48324 ], [ -122.258734, 37.481622 ], [ -122.262969, 37.481649 ], [ -122.265259, 37.480182 ], [ -122.267408, 37.482199 ], [ -122.274234, 37.482302 ], [ -122.278936, 37.478864 ], [ -122.276712, 37.47516 ], [ -122.281334, 37.475228 ], [ -122.287122, 37.47965 ], [ -122.298754, 37.482179 ], [ -122.298427, 37.489148 ], [ -122.300618, 37.492268 ], [ -122.303036, 37.494008 ] ], [ [ -122.262235, 37.484455 ], [ -122.261119, 37.483772 ], [ -122.257141, 37.484106 ], [ -122.259592, 37.486084 ], [ -122.261913, 37.486038 ], [ -122.262235, 37.484455 ] ] ] } },
{ "type": "Feature", "properties": { "zip": "94931" }, "geometry": { "type": "Polygon", "coordinates": [ [ [ -122.751739, 38.335007 ], [ -122.749564, 38.334575 ], [ -122.748571, 38.338047 ], [ -122.750837, 38.340118 ], [ -122.750559, 38.354357 ], [ -122.746101, 38.352363 ], [ -122.738189, 38.352013 ], [ -122.726171, 38.348078 ], [ -122.72336, 38.343523 ], [ -122.713233, 38.343123 ], [ -122.712981, 38.337049 ], [ -122.707984, 38.333295 ], [ -122.706527, 38.333827 ], [ -122.70522, 38.331702 ], [ -122.706258, 38.330665 ], [ -122.703997, 38.328186 ], [ -122.697967, 38.330671 ], [ -122.696758, 38.329732 ], [ -122.693591, 38.331062 ], [ -122.69435, 38.332204 ], [ -122.692261, 38.333083 ], [ -122.692904, 38.334114 ], [ -122.69076, 38.334897 ], [ -122.688029, 38.328713 ], [ -122.689535, 38.328708 ], [ -122.688425, 38.326926 ], [ -122.69005, 38.326357 ], [ -122.69243, 38.330048 ], [ -122.696681, 38.328205 ], [ -122.692812, 38.321599 ], [ -122.69179, 38.321596 ], [ -122.690669, 38.319825 ], [ -122.688001, 38.318795 ], [ -122.683377, 38.318794 ], [ -122.681184, 38.31431 ], [ -122.666688, 38.314308 ], [ -122.66663, 38.312029 ], [ -122.670622, 38.311365 ], [ -122.67275, 38.309464 ], [ -122.678636, 38.308744 ], [ -122.679695, 38.307734 ], [ -122.678298, 38.307025 ], [ -122.683021, 38.306956 ], [ -122.684393, 38.308851 ], [ -122.682974, 38.309443 ], [ -122.68421, 38.312203 ], [ -122.692548, 38.312166 ], [ -122.694366, 38.314301 ], [ -122.696815, 38.312304 ], [ -122.694363, 38.309375 ], [ -122.704757, 38.304034 ], [ -122.676773, 38.28558 ], [ -122.678047, 38.284409 ], [ -122.68233, 38.284985 ], [ -122.682382, 38.281509 ], [ -122.68626, 38.284302 ], [ -122.687676, 38.284421 ], [ -122.699993, 38.291443 ], [ -122.705145, 38.295136 ], [ -122.729173, 38.307871 ], [ -122.72597, 38.31139 ], [ -122.721552, 38.312311 ], [ -122.719468, 38.313799 ], [ -122.735297, 38.324113 ], [ -122.736988, 38.3275 ], [ -122.742035, 38.326093 ], [ -122.744548, 38.328942 ], [ -122.744832, 38.330437 ], [ -122.751739, 38.335007 ] ] ] } },
{ "type": "Feature", "properties": { "zip": "94511" }, "geometry": { "type": "Polygon", "coordinates": [ [ [ -121.676334, 38.037114 ], [ -121.675232, 38.041179 ], [ -121.664223, 38.042281 ], [ -121.661376, 38.04189 ], [ -121.660196, 38.043283 ], [ -121.660078, 38.04604 ], [ -121.658967, 38.047439 ], [ -121.654304, 38.046609 ], [ -121.649309, 38.046976 ], [ -121.648661, 38.046374 ], [ -121.649425, 38.043355 ], [ -121.648863, 38.042619 ], [ -121.647064, 38.042966 ], [ -121.646502, 38.045036 ], [ -121.644002, 38.048168 ], [ -121.642356, 38.048279 ], [ -121.640199, 38.046774 ], [ -121.635862, 38.046274 ], [ -121.633029, 38.041649 ], [ -121.629015, 38.041885 ], [ -121.627585, 38.041162 ], [ -121.627779, 38.038662 ], [ -121.627029, 38.037912 ], [ -121.625279, 38.037774 ], [ -121.623446, 38.035412 ], [ -121.613223, 38.029024 ], [ -121.607204, 38.019085 ], [ -121.607696, 38.017926 ], [ -121.613029, 38.01376 ], [ -121.616237, 38.01376 ], [ -121.616751, 38.011524 ], [ -121.619603, 38.012774 ], [ -121.627015, 38.008834 ], [ -121.62836, 38.008909 ], [ -121.63463, 38.011337 ], [ -121.641102, 38.012234 ], [ -121.645648, 38.015948 ], [ -121.650481, 38.017725 ], [ -121.654332, 38.018003 ], [ -121.661554, 38.025795 ], [ -121.662778, 38.026263 ], [ -121.66313, 38.02792 ], [ -121.666889, 38.028337 ], [ -121.669963, 38.030763 ], [ -121.673399, 38.030411 ], [ -121.674213, 38.031022 ], [ -121.673991, 38.032179 ], [ -121.67176, 38.033577 ], [ -121.671889, 38.035263 ], [ -121.672889, 38.036263 ], [ -121.675241, 38.036003 ], [ -121.676334, 38.037114 ] ] ] } },
{ "type": "Feature", "properties": { "zip": "94575" }, "geometry": { "type": "Polygon", "coordinates": [ [ [ -122.115822, 37.842512 ], [ -122.110604, 37.844941 ], [ -122.108751, 37.847337 ], [ -122.105404, 37.843436 ], [ -122.109235, 37.838237 ], [ -122.114188, 37.839857 ], [ -122.114897, 37.842266 ], [ -122.115822, 37.842512 ] ] ] } },
{ "type": "Feature", "properties": { "zip": "94066" }, "geometry": { "type": "Polygon", "coordinates": [ [ [ -122.47272, 37.633802 ], [ -122.468567, 37.638242 ], [ -122.468078, 37.637605 ], [ -122.458683, 37.640463 ], [ -122.448398, 37.635199 ], [ -122.446901, 37.636929 ], [ -122.443921, 37.63449 ], [ -122.437131, 37.638134 ], [ -122.433034, 37.634383 ], [ -122.423435, 37.640472 ], [ -122.418482, 37.642316 ], [ -122.416763, 37.639353 ], [ -122.411577, 37.641231 ], [ -122.411426, 37.63397 ], [ -122.407582, 37.633899 ], [ -122.405989, 37.634565 ], [ -122.406058, 37.635544 ], [ -122.403661, 37.635538 ], [ -122.402393, 37.627936 ], [ -122.398008, 37.61521 ], [ -122.396469, 37.612862 ], [ -122.399083, 37.612019 ], [ -122.400163, 37.612646 ], [ -122.40108, 37.612182 ], [ -122.400479, 37.611499 ], [ -122.401743, 37.610853 ], [ -122.406072, 37.614982 ], [ -122.405281, 37.613604 ], [ -122.405808, 37.612238 ], [ -122.409266, 37.614052 ], [ -122.415877, 37.610715 ], [ -122.420723, 37.609223 ], [ -122.426715, 37.604947 ], [ -122.428368, 37.60573 ], [ -122.428119, 37.604676 ], [ -122.430341, 37.606144 ], [ -122.445635, 37.622144 ], [ -122.45095, 37.617537 ], [ -122.462785, 37.619335 ], [ -122.472396, 37.631489 ], [ -122.47272, 37.633802 ] ] ] } },
{ "type": "Feature", "properties": { "zip": "94503" }, "geometry": { "type": "Polygon", "coordinates": [ [ [ -122.313661, 38.19845 ], [ -122.310842, 38.201345 ], [ -122.306163, 38.200867 ], [ -122.305209, 38.202355 ], [ -122.307625, 38.201477 ], [ -122.310821, 38.202004 ], [ -122.306782, 38.205333 ], [ -122.305672, 38.208693 ], [ -122.283751, 38.201909 ], [ -122.280839, 38.201996 ], [ -122.280499, 38.205564 ], [ -122.265266, 38.208502 ], [ -122.267243, 38.21162 ], [ -122.256489, 38.211462 ], [ -122.257998, 38.223131 ], [ -122.245209, 38.221258 ], [ -122.237073, 38.221152 ], [ -122.234117, 38.220115 ], [ -122.232627, 38.221525 ], [ -122.226192, 38.22151 ], [ -122.226245, 38.225662 ], [ -122.222267, 38.225701 ], [ -122.222269, 38.221726 ], [ -122.223774, 38.220916 ], [ -122.222653, 38.219149 ], [ -122.222224, 38.216132 ], [ -122.204167, 38.209699 ], [ -122.201478, 38.21162 ], [ -122.199573, 38.210622 ], [ -122.19498, 38.212317 ], [ -122.19398, 38.213614 ], [ -122.194681, 38.215214 ], [ -122.196281, 38.216116 ], [ -122.196177, 38.21892 ], [ -122.193374, 38.221215 ], [ -122.19598, 38.23041 ], [ -122.197179, 38.231413 ], [ -122.197187, 38.232817 ], [ -122.201772, 38.240323 ], [ -122.204379, 38.241019 ], [ -122.205389, 38.24462 ], [ -122.208284, 38.244216 ], [ -122.209582, 38.244816 ], [ -122.210181, 38.247415 ], [ -122.212481, 38.248715 ], [ -122.211081, 38.252215 ], [ -122.209081, 38.251115 ], [ -122.20649, 38.250933 ], [ -122.204367, 38.249302 ], [ -122.2008, 38.249411 ], [ -122.198997, 38.248106 ], [ -122.198264, 38.245197 ], [ -122.194917, 38.244169 ], [ -122.190317, 38.240461 ], [ -122.184206, 38.240469 ], [ -122.178753, 38.243447 ], [ -122.171986, 38.241967 ], [ -122.170431, 38.242917 ], [ -122.164842, 38.241833 ], [ -122.163003, 38.239969 ], [ -122.162973, 38.236045 ], [ -122.167043, 38.23508 ], [ -122.159357, 38.220825 ], [ -122.157457, 38.221694 ], [ -122.157346, 38.216897 ], [ -122.154397, 38.21674 ], [ -122.149464, 38.213196 ], [ -122.149504, 38.210619 ], [ -122.151302, 38.209617 ], [ -122.150936, 38.208482 ], [ -122.156683, 38.207683 ], [ -122.15664, 38.206948 ], [ -122.162891, 38.206386 ], [ -122.162955, 38.197563 ], [ -122.165333, 38.195794 ], [ -122.164865, 38.19745 ], [ -122.167522, 38.197497 ], [ -122.165956, 38.198825 ], [ -122.167272, 38.198939 ], [ -122.1709, 38.197361 ], [ -122.171944, 38.198497 ], [ -122.178319, 38.196881 ], [ -122.181075, 38.197039 ], [ -122.180414, 38.194739 ], [ -122.184553, 38.1958 ], [ -122.186789, 38.192894 ], [ -122.188456, 38.193378 ], [ -122.192169, 38.191664 ], [ -122.194864, 38.191789 ], [ -122.196108, 38.190195 ], [ -122.200231, 38.190083 ], [ -122.199458, 38.188436 ], [ -122.197056, 38.18895 ], [ -122.189964, 38.187764 ], [ -122.186213, 38.188168 ], [ -122.180686, 38.185425 ], [ -122.189714, 38.178811 ], [ -122.194891, 38.173167 ], [ -122.207954, 38.164079 ], [ -122.214905, 38.154986 ], [ -122.290676, 38.155204 ], [ -122.286738, 38.1645 ], [ -122.287412, 38.167588 ], [ -122.284051, 38.168263 ], [ -122.283841, 38.16985 ], [ -122.285184, 38.170444 ], [ -122.285879, 38.173367 ], [ -122.284862, 38.174531 ], [ -122.285544, 38.175828 ], [ -122.289099, 38.180092 ], [ -122.290086, 38.182619 ], [ -122.294311, 38.185021 ], [ -122.303547, 38.185269 ], [ -122.303471, 38.183731 ], [ -122.308246, 38.183633 ], [ -122.312158, 38.191302 ], [ -122.312526, 38.194456 ], [ -122.313954, 38.19673 ], [ -122.313661, 38.19845 ] ] ] } },
{ "type": "Feature", "properties": { "zip": "95480" }, "geometry": { "type": "Polygon", "coordinates": [ [ [ -123.4136, 38.699328 ], [ -123.407408, 38.705653 ], [ -123.407344, 38.708938 ], [ -123.401123, 38.711601 ], [ -123.39787, 38.711808 ], [ -123.395172, 38.709066 ], [ -123.391945, 38.711767 ], [ -123.389358, 38.71225 ], [ -123.388286, 38.711156 ], [ -123.389255, 38.709618 ], [ -123.38918, 38.706278 ], [ -123.390275, 38.703702 ], [ -123.387248, 38.701048 ], [ -123.377736, 38.700488 ], [ -123.374743, 38.70174 ], [ -123.372772, 38.700093 ], [ -123.371023, 38.696649 ], [ -123.369481, 38.695914 ], [ -123.365808, 38.696427 ], [ -123.358544, 38.694413 ], [ -123.358214, 38.692562 ], [ -123.360597, 38.692127 ], [ -123.36115, 38.690792 ], [ -123.360378, 38.689633 ], [ -123.357924, 38.689409 ], [ -123.357503, 38.68786 ], [ -123.354594, 38.687965 ], [ -123.351319, 38.684467 ], [ -123.34916, 38.683754 ], [ -123.345376, 38.684348 ], [ -123.344184, 38.683859 ], [ -123.343222, 38.679635 ], [ -123.34491, 38.677717 ], [ -123.344538, 38.676926 ], [ -123.338195, 38.673851 ], [ -123.335377, 38.669902 ], [ -123.33305, 38.669067 ], [ -123.329084, 38.669222 ], [ -123.32853, 38.666848 ], [ -123.325005, 38.662267 ], [ -123.321711, 38.661448 ], [ -123.325333, 38.660459 ], [ -123.328793, 38.664154 ], [ -123.333672, 38.659895 ], [ -123.335752, 38.660114 ], [ -123.338195, 38.65842 ], [ -123.339144, 38.655868 ], [ -123.337801, 38.654714 ], [ -123.341421, 38.654849 ], [ -123.34143, 38.656434 ], [ -123.345097, 38.657088 ], [ -123.348614, 38.658445 ], [ -123.350659, 38.66024 ], [ -123.35409, 38.660964 ], [ -123.355667, 38.66397 ], [ -123.354157, 38.666969 ], [ -123.355603, 38.669687 ], [ -123.36151, 38.675113 ], [ -123.367501, 38.676274 ], [ -123.367918, 38.677071 ], [ -123.371926, 38.678563 ], [ -123.371168, 38.6804 ], [ -123.37215, 38.682141 ], [ -123.37479, 38.682041 ], [ -123.374202, 38.68066 ], [ -123.377333, 38.680325 ], [ -123.385387, 38.682899 ], [ -123.393136, 38.691024 ], [ -123.394749, 38.691506 ], [ -123.396256, 38.697012 ], [ -123.398824, 38.6987 ], [ -123.402087, 38.698661 ], [ -123.401762, 38.697492 ], [ -123.404014, 38.697028 ], [ -123.407404, 38.696986 ], [ -123.41019, 38.699369 ], [ -123.4136, 38.699328 ] ] ] } },
{ "type": "Feature", "properties": { "zip": "94306" }, "geometry": { "type": "Polygon", "coordinates": [ [ [ -122.15614, 37.43826 ], [ -122.137577, 37.426924 ], [ -122.135264, 37.428932 ], [ -122.1359, 37.42947 ], [ -122.130425, 37.434103 ], [ -122.12862, 37.43296 ], [ -122.125746, 37.433705 ], [ -122.122111, 37.430814 ], [ -122.12257, 37.42915 ], [ -122.11472, 37.42419 ], [ -122.11607, 37.42347 ], [ -122.11518, 37.42249 ], [ -122.11383, 37.42174 ], [ -122.11211, 37.42238 ], [ -122.11005, 37.41993 ], [ -122.111104, 37.419381 ], [ -122.108172, 37.415834 ], [ -122.103498, 37.4163 ], [ -122.10203, 37.41552 ], [ -122.101295, 37.412048 ], [ -122.10339, 37.413341 ], [ -122.10831, 37.40808 ], [ -122.115637, 37.412699 ], [ -122.117291, 37.410653 ], [ -122.113078, 37.407809 ], [ -122.117622, 37.404279 ], [ -122.120053, 37.406258 ], [ -122.124471, 37.401268 ], [ -122.124828, 37.399206 ], [ -122.129654, 37.395115 ], [ -122.128415, 37.394864 ], [ -122.128339, 37.392209 ], [ -122.126604, 37.388977 ], [ -122.127108, 37.38876 ], [ -122.130335, 37.393692 ], [ -122.133069, 37.393725 ], [ -122.13215, 37.390942 ], [ -122.135322, 37.392128 ], [ -122.136351, 37.389591 ], [ -122.138818, 37.389662 ], [ -122.140171, 37.391062 ], [ -122.141532, 37.395386 ], [ -122.13169, 37.39997 ], [ -122.132928, 37.40469 ], [ -122.138022, 37.40736 ], [ -122.138421, 37.408359 ], [ -122.14526, 37.40736 ], [ -122.14716, 37.40904 ], [ -122.14119, 37.41537 ], [ -122.14095, 37.41733 ], [ -122.13805, 37.42087 ], [ -122.14211, 37.42302 ], [ -122.14698, 37.41721 ], [ -122.15071, 37.41919 ], [ -122.153338, 37.415988 ], [ -122.15727, 37.41803 ], [ -122.14924, 37.42769 ], [ -122.16021, 37.437297 ], [ -122.15614, 37.43826 ] ] ] } },
{ "type": "Feature", "properties": { "zip": "94601" }, "geometry": { "type": "Polygon", "coordinates": [ [ [ -122.237421, 37.782134 ], [ -122.23529, 37.780686 ], [ -122.234628, 37.781367 ], [ -122.236316, 37.782394 ], [ -122.235952, 37.783356 ], [ -122.231562, 37.786848 ], [ -122.230914, 37.789441 ], [ -122.228259, 37.790764 ], [ -122.225922, 37.794522 ], [ -122.222953, 37.794951 ], [ -122.220531, 37.794333 ], [ -122.2208, 37.793167 ], [ -122.218948, 37.79328 ], [ -122.211104, 37.789688 ], [ -122.209819, 37.788303 ], [ -122.210377, 37.787975 ], [ -122.20469, 37.781988 ], [ -122.201226, 37.779928 ], [ -122.197917, 37.77665 ], [ -122.196016, 37.777056 ], [ -122.196578, 37.774797 ], [ -122.194948, 37.773281 ], [ -122.20368, 37.767126 ], [ -122.210837, 37.763362 ], [ -122.213319, 37.765318 ], [ -122.215784, 37.764465 ], [ -122.219932, 37.76846 ], [ -122.214852, 37.761468 ], [ -122.218112, 37.759656 ], [ -122.223481, 37.754702 ], [ -122.224213, 37.762813 ], [ -122.226583, 37.766934 ], [ -122.236488, 37.771696 ], [ -122.235004, 37.773158 ], [ -122.236003, 37.773859 ], [ -122.237421, 37.782134 ] ] ] } },
{ "type": "Feature", "properties": { "zip": "94519" }, "geometry": { "type": "Polygon", "coordinates": [ [ [ -122.033724, 37.989466 ], [ -122.033258, 37.99155 ], [ -122.023976, 38.004417 ], [ -122.02252, 38.009479 ], [ -122.011259, 38.011241 ], [ -122.001558, 38.006093 ], [ -122.000017, 38.002292 ], [ -122.00317, 37.992452 ], [ -121.984469, 37.978821 ], [ -121.987522, 37.97614 ], [ -121.993288, 37.977856 ], [ -121.996284, 37.977922 ], [ -121.99897, 37.975789 ], [ -121.996058, 37.973247 ], [ -121.998134, 37.971479 ], [ -122.000374, 37.971464 ], [ -122.000352, 37.970368 ], [ -122.005405, 37.969771 ], [ -122.005611, 37.969 ], [ -122.007306, 37.971006 ], [ -122.008664, 37.969828 ], [ -122.013357, 37.971155 ], [ -122.013758, 37.970303 ], [ -122.015715, 37.970856 ], [ -122.015344, 37.971715 ], [ -122.028664, 37.975462 ], [ -122.029104, 37.977365 ], [ -122.030627, 37.978184 ], [ -122.029593, 37.978545 ], [ -122.033724, 37.989466 ] ] ] } },
{ "type": "Feature", "properties": { "zip": "94547" }, "geometry": { "type": "Polygon", "coordinates": [ [ [ -122.295117747546996, 38.015198835293603 ], [ -122.291616, 38.016968 ], [ -122.289588, 38.019478 ], [ -122.289206, 38.020494 ], [ -122.290002152859003, 38.021468893817897 ], [ -122.289413, 38.022275 ], [ -122.28699, 38.021098 ], [ -122.285129445403996, 38.022562976122003 ], [ -122.283478, 38.022674 ], [ -122.276816, 38.030513 ], [ -122.275689862730005, 38.035200952444498 ], [ -122.274655, 38.034811 ], [ -122.248065, 38.008679 ], [ -122.2391, 38.007218 ], [ -122.236505, 38.003733 ], [ -122.234892, 38.004489 ], [ -122.230209, 37.996378 ], [ -122.221769, 37.98589 ], [ -122.226511, 37.986198 ], [ -122.227185, 37.984991 ], [ -122.234973, 37.984354 ], [ -122.235999, 37.983406 ], [ -122.249966, 37.992076 ], [ -122.253677, 37.993614 ], [ -122.259538, 37.99176 ], [ -122.26507, 37.991872 ], [ -122.274881, 37.995064 ], [ -122.27808, 38.000039 ], [ -122.282136, 38.000389 ], [ -122.279746, 38.004006 ], [ -122.281647, 38.004107 ], [ -122.282804, 38.006782 ], [ -122.284979, 38.009081 ], [ -122.290731, 38.007931 ], [ -122.294764, 38.013355 ], [ -122.293098, 38.015231 ], [ -122.295117747546996, 38.015198835293603 ] ] ] } },
{ "type": "Feature", "properties": { "zip": "95620" }, "geometry": { "type": "Polygon", "coordinates": [ [ [ -121.942913, 38.468092 ], [ -121.923711, 38.4678 ], [ -121.923797, 38.489917 ], [ -121.908128, 38.489697 ], [ -121.908125, 38.506256 ], [ -121.890894, 38.512131 ], [ -121.893031, 38.515933 ], [ -121.877178, 38.515933 ], [ -121.877281, 38.517258 ], [ -121.882664, 38.517378 ], [ -121.882514, 38.530339 ], [ -121.850509, 38.530304 ], [ -121.851569, 38.524558 ], [ -121.848582, 38.524324 ], [ -121.847246, 38.523072 ], [ -121.846953, 38.524374 ], [ -121.834632, 38.524218 ], [ -121.834605, 38.530766 ], [ -121.832557, 38.529757 ], [ -121.825143, 38.529296 ], [ -121.81333, 38.526023 ], [ -121.809213, 38.526883 ], [ -121.795187, 38.526943 ], [ -121.785811, 38.523074 ], [ -121.781913, 38.52335 ], [ -121.774262, 38.518912 ], [ -121.770795, 38.517736 ], [ -121.761025, 38.517417 ], [ -121.771033, 38.506149 ], [ -121.757254, 38.505893 ], [ -121.757206, 38.502892 ], [ -121.732431, 38.502533 ], [ -121.728553, 38.506892 ], [ -121.728372, 38.509065 ], [ -121.726938, 38.509699 ], [ -121.727647, 38.515467 ], [ -121.732022, 38.515761 ], [ -121.730664, 38.517029 ], [ -121.713866, 38.516429 ], [ -121.714139, 38.495125 ], [ -121.695617, 38.494925 ], [ -121.695481, 38.502191 ], [ -121.649136, 38.501573 ], [ -121.64878, 38.513221 ], [ -121.641392, 38.51717 ], [ -121.639036, 38.516993 ], [ -121.636402, 38.514784 ], [ -121.631785, 38.51334 ], [ -121.630957, 38.513556 ], [ -121.6315, 38.515819 ], [ -121.629481, 38.51483 ], [ -121.627578, 38.515499 ], [ -121.624967, 38.514192 ], [ -121.621911, 38.514227 ], [ -121.617709, 38.512658 ], [ -121.610998, 38.513106 ], [ -121.612474, 38.515681 ], [ -121.58881, 38.515476 ], [ -121.588836, 38.536555 ], [ -121.588108, 38.542886 ], [ -121.584996, 38.549245 ], [ -121.582898, 38.551004 ], [ -121.582783, 38.548026 ], [ -121.584762, 38.542901 ], [ -121.585432, 38.537435 ], [ -121.585557, 38.470716 ], [ -121.647428, 38.337796 ], [ -121.662169, 38.27554 ], [ -121.663368, 38.274103 ], [ -121.665067, 38.268702 ], [ -121.667261, 38.268714 ], [ -121.672574, 38.250634 ], [ -121.680583, 38.238057 ], [ -121.68369, 38.237935 ], [ -121.68885, 38.243377 ], [ -121.687307, 38.247666 ], [ -121.688143, 38.25393 ], [ -121.694556, 38.259396 ], [ -121.69762, 38.264654 ], [ -121.707017, 38.273426 ], [ -121.711883, 38.280303 ], [ -121.726985, 38.290703 ], [ -121.733814, 38.291382 ], [ -121.739854, 38.293261 ], [ -121.749457, 38.285182 ], [ -121.769609, 38.272701 ], [ -121.771921, 38.26145 ], [ -121.775851, 38.260429 ], [ -121.799163, 38.259275 ], [ -121.801783, 38.258144 ], [ -121.805449, 38.260082 ], [ -121.808179, 38.259369 ], [ -121.809787, 38.258064 ], [ -121.822497, 38.271081 ], [ -121.823833, 38.271543 ], [ -121.842475, 38.271398 ], [ -121.846936, 38.268861 ], [ -121.849486, 38.26875 ], [ -121.851739, 38.269717 ], [ -121.85604, 38.269293 ], [ -121.860455, 38.272107 ], [ -121.860306, 38.286142 ], [ -121.842248, 38.285988 ], [ -121.841782, 38.315124 ], [ -121.855872, 38.315202 ], [ -121.861977, 38.344245 ], [ -121.878113, 38.344439 ], [ -121.878223, 38.346565 ], [ -121.887573, 38.347111 ], [ -121.887575, 38.351633 ], [ -121.896931, 38.3516 ], [ -121.896852, 38.364768 ], [ -121.882807, 38.380537 ], [ -121.896783, 38.380638 ], [ -121.896723, 38.397591 ], [ -121.895051, 38.398762 ], [ -121.888544, 38.39866 ], [ -121.887677, 38.396093 ], [ -121.886559, 38.395127 ], [ -121.875877, 38.394452 ], [ -121.869563, 38.389552 ], [ -121.862035, 38.389033 ], [ -121.862021, 38.402736 ], [ -121.869489, 38.409418 ], [ -121.887059, 38.409852 ], [ -121.887508, 38.413903 ], [ -121.888813, 38.416931 ], [ -121.894922, 38.415675 ], [ -121.897233, 38.416244 ], [ -121.897428, 38.417471 ], [ -121.887733, 38.424075 ], [ -121.887381, 38.431299 ], [ -121.905548, 38.431624 ], [ -121.906782, 38.435262 ], [ -121.905862, 38.442368 ], [ -121.908428, 38.443573 ], [ -121.909067, 38.444696 ], [ -121.910116, 38.444328 ], [ -121.910758, 38.445393 ], [ -121.913114, 38.44541 ], [ -121.913741, 38.446164 ], [ -121.924596, 38.446222 ], [ -121.924803, 38.453297 ], [ -121.915567, 38.45348 ], [ -121.940986, 38.453278 ], [ -121.942913, 38.468092 ] ] ] } },
{ "type": "Feature", "properties": { "zip": "94130" }, "geometry": { "type": "Polygon", "coordinates": [ [ [ -122.377679, 37.83046 ], [ -122.373453, 37.832298 ], [ -122.368752, 37.831286 ], [ -122.362911, 37.822696 ], [ -122.364289, 37.81887 ], [ -122.358779, 37.814278 ], [ -122.360775, 37.812831 ], [ -122.361107, 37.808029 ], [ -122.362294, 37.807016 ], [ -122.367138, 37.807429 ], [ -122.371649, 37.809379 ], [ -122.372836, 37.811068 ], [ -122.371269, 37.814669 ], [ -122.378962, 37.826897 ], [ -122.377679, 37.83046 ] ] ] } },
{ "type": "Feature", "properties": { "zip": "94005" }, "geometry": { "type": "Polygon", "coordinates": [ [ [ -122.441729, 37.694769 ], [ -122.437673, 37.694117 ], [ -122.43328, 37.695756 ], [ -122.430591, 37.698376 ], [ -122.424731, 37.695723 ], [ -122.421086, 37.699148 ], [ -122.413417, 37.697831 ], [ -122.411338, 37.701364 ], [ -122.410718, 37.705691 ], [ -122.406958, 37.704639 ], [ -122.405292, 37.708262 ], [ -122.393378981140003, 37.708267569990298 ], [ -122.394156, 37.707636 ], [ -122.387626, 37.67906 ], [ -122.386592, 37.67741 ], [ -122.381708, 37.677261 ], [ -122.380995, 37.671769970391601 ], [ -122.391917, 37.671762 ], [ -122.391046, 37.673197 ], [ -122.3966, 37.673881 ], [ -122.396588, 37.674718 ], [ -122.402944, 37.67328 ], [ -122.407909, 37.674813 ], [ -122.407712, 37.67184 ], [ -122.408658, 37.671082 ], [ -122.415129, 37.671795 ], [ -122.415111, 37.674501 ], [ -122.420335, 37.674554 ], [ -122.42403, 37.676925 ], [ -122.424111, 37.678885 ], [ -122.4282, 37.681292 ], [ -122.429172, 37.68297 ], [ -122.429383, 37.682133 ], [ -122.431237, 37.682942 ], [ -122.430942, 37.684234 ], [ -122.434942, 37.685932 ], [ -122.435039, 37.687618 ], [ -122.437937, 37.690209 ], [ -122.440271, 37.689623 ], [ -122.440451, 37.692337 ], [ -122.441729, 37.694769 ] ] ] } },
{ "type": "Feature", "properties": { "zip": "94014" }, "geometry": { "type": "Polygon", "coordinates": [ [ [ -122.471724, 37.705024 ], [ -122.468939, 37.708232 ], [ -122.405292, 37.708262 ], [ -122.406958, 37.704639 ], [ -122.410718, 37.705691 ], [ -122.411338, 37.701364 ], [ -122.413417, 37.697831 ], [ -122.421086, 37.699148 ], [ -122.424731, 37.695723 ], [ -122.430591, 37.698376 ], [ -122.43328, 37.695756 ], [ -122.437673, 37.694117 ], [ -122.441729, 37.694769 ], [ -122.440451, 37.692337 ], [ -122.440271, 37.689623 ], [ -122.437937, 37.690209 ], [ -122.435039, 37.687618 ], [ -122.434942, 37.685932 ], [ -122.430942, 37.684234 ], [ -122.431237, 37.682942 ], [ -122.429383, 37.682133 ], [ -122.433481, 37.670243 ], [ -122.436628, 37.671488 ], [ -122.444615, 37.665485 ], [ -122.454046, 37.672717 ], [ -122.45342, 37.670787 ], [ -122.459982, 37.666647 ], [ -122.464231, 37.670718 ], [ -122.466162, 37.669648 ], [ -122.471568, 37.678042 ], [ -122.470603, 37.693306 ], [ -122.471587, 37.698025 ], [ -122.471724, 37.705024 ] ] ] } },
{ "type": "Feature", "properties": { "zip": "94020" }, "geometry": { "type": "Polygon", "coordinates": [ [ [ -122.311696, 37.313166 ], [ -122.30919, 37.313774 ], [ -122.305171, 37.316248 ], [ -122.302652, 37.31651 ], [ -122.303678, 37.318922 ], [ -122.300741, 37.319837 ], [ -122.302102, 37.326076 ], [ -122.301595, 37.328387 ], [ -122.302484, 37.329765 ], [ -122.301701, 37.33105 ], [ -122.297333, 37.333606 ], [ -122.292107, 37.342122 ], [ -122.291109, 37.342343 ], [ -122.29138, 37.344812 ], [ -122.28976, 37.347968 ], [ -122.289993, 37.351721 ], [ -122.288202, 37.354726 ], [ -122.288803, 37.35849 ], [ -122.287689, 37.358336 ], [ -122.286724, 37.359522 ], [ -122.285784, 37.358137 ], [ -122.282531, 37.359015 ], [ -122.280966, 37.357738 ], [ -122.277484, 37.358517 ], [ -122.276712, 37.357195 ], [ -122.272936, 37.356879 ], [ -122.275889, 37.353437 ], [ -122.276303, 37.350261 ], [ -122.274193, 37.345672 ], [ -122.273982, 37.343515 ], [ -122.275954, 37.343288 ], [ -122.277682, 37.341622 ], [ -122.278332, 37.342838 ], [ -122.28018, 37.34283 ], [ -122.280285, 37.340984 ], [ -122.283153, 37.339494 ], [ -122.283428, 37.338076 ], [ -122.281505, 37.332621 ], [ -122.279964, 37.330607 ], [ -122.27925, 37.323871 ], [ -122.276446, 37.321668 ], [ -122.276714, 37.320659 ], [ -122.275479, 37.319418 ], [ -122.274304, 37.319327 ], [ -122.27445, 37.322597 ], [ -122.272996, 37.323973 ], [ -122.273922, 37.325939 ], [ -122.270912, 37.327174 ], [ -122.271204, 37.32835 ], [ -122.269396, 37.329998 ], [ -122.262201, 37.328412 ], [ -122.259638, 37.326748 ], [ -122.254755, 37.326064 ], [ -122.241729, 37.330143 ], [ -122.24165, 37.323708 ], [ -122.237793, 37.326742 ], [ -122.236014, 37.326044 ], [ -122.233, 37.326235 ], [ -122.233465, 37.328765 ], [ -122.231636, 37.329932 ], [ -122.231706, 37.333014 ], [ -122.230176, 37.334238 ], [ -122.22831, 37.330566 ], [ -122.210771, 37.330441 ], [ -122.204895, 37.324746 ], [ -122.186913, 37.315683 ], [ -122.18557, 37.31167 ], [ -122.18232, 37.309528 ], [ -122.175817, 37.312749 ], [ -122.170812, 37.311982 ], [ -122.166584, 37.305617 ], [ -122.16233, 37.304413 ], [ -122.163535, 37.301662 ], [ -122.162672, 37.300904 ], [ -122.165138, 37.297992 ], [ -122.16526, 37.296489 ], [ -122.166838, 37.295237 ], [ -122.156234, 37.291812 ], [ -122.15257, 37.28822 ], [ -122.152633, 37.244035 ], [ -122.151457, 37.230023 ], [ -122.152974, 37.222444 ], [ -122.152774, 37.215444 ], [ -122.182988, 37.215596 ], [ -122.185008, 37.218661 ], [ -122.188702, 37.220968 ], [ -122.191069, 37.224136 ], [ -122.191991, 37.22921 ], [ -122.196712, 37.230617 ], [ -122.199544, 37.234095 ], [ -122.19929, 37.235194 ], [ -122.200437, 37.235106 ], [ -122.200018, 37.23738 ], [ -122.201585, 37.23854 ], [ -122.203118, 37.238386 ], [ -122.2043, 37.240358 ], [ -122.207407, 37.241583 ], [ -122.208239, 37.242654 ], [ -122.209393, 37.241445 ], [ -122.211449, 37.243835 ], [ -122.213648, 37.244868 ], [ -122.212322, 37.245313 ], [ -122.212776, 37.246467 ], [ -122.213656, 37.245357 ], [ -122.216075, 37.247032 ], [ -122.21565, 37.248873 ], [ -122.217162, 37.248164 ], [ -122.217797, 37.250026 ], [ -122.217288, 37.250883 ], [ -122.218677, 37.251602 ], [ -122.218862, 37.250361 ], [ -122.220121, 37.251432 ], [ -122.219276, 37.252663 ], [ -122.219991, 37.253261 ], [ -122.221681, 37.252107 ], [ -122.226212, 37.254655 ], [ -122.227387, 37.25388 ], [ -122.227409, 37.255408 ], [ -122.229374, 37.254715 ], [ -122.231685, 37.256752 ], [ -122.236745, 37.257767 ], [ -122.236705, 37.259399 ], [ -122.239358, 37.258326 ], [ -122.239263, 37.260145 ], [ -122.241855, 37.261523 ], [ -122.245217, 37.261527 ], [ -122.246228, 37.262631 ], [ -122.250215, 37.261953 ], [ -122.250024, 37.26336 ], [ -122.252485, 37.263595 ], [ -122.252243, 37.264881 ], [ -122.254264, 37.265085 ], [ -122.256252, 37.263702 ], [ -122.255996, 37.265795 ], [ -122.258884, 37.266076 ], [ -122.258779, 37.268027 ], [ -122.260422, 37.268248 ], [ -122.263483, 37.266787 ], [ -122.26368, 37.27004 ], [ -122.265446, 37.270959 ], [ -122.268396, 37.270746 ], [ -122.267935, 37.271636 ], [ -122.269255, 37.272257 ], [ -122.266874, 37.27513 ], [ -122.267024, 37.276745 ], [ -122.271923, 37.283956 ], [ -122.273618, 37.289907 ], [ -122.27414, 37.287332 ], [ -122.276016, 37.286267 ], [ -122.279249, 37.286641 ], [ -122.278922, 37.288496 ], [ -122.279899, 37.289311 ], [ -122.282781, 37.284514 ], [ -122.283875, 37.285754 ], [ -122.285691, 37.278749 ], [ -122.28721, 37.276731 ], [ -122.290594, 37.276139 ], [ -122.294583, 37.278333 ], [ -122.295283, 37.280334 ], [ -122.298782, 37.282335 ], [ -122.302535, 37.282914 ], [ -122.30139, 37.281869 ], [ -122.305067, 37.282756 ], [ -122.305681, 37.283843 ], [ -122.301816, 37.285655 ], [ -122.303098, 37.287906 ], [ -122.303098, 37.289966 ], [ -122.301954, 37.291774 ], [ -122.301832, 37.296619 ], [ -122.29768, 37.298642 ], [ -122.29168, 37.298842 ], [ -122.289486, 37.301768 ], [ -122.288632, 37.304492 ], [ -122.290417, 37.307178 ], [ -122.29348, 37.308442 ], [ -122.296963, 37.30717 ], [ -122.299633, 37.310382 ], [ -122.30348, 37.310901 ], [ -122.305062, 37.31256 ], [ -122.308978, 37.312557 ], [ -122.308223, 37.313608 ], [ -122.311174, 37.311816 ], [ -122.311696, 37.313166 ] ] ] } },
{ "type": "Feature", "properties": { "zip": "94703" }, "geometry": { "type": "Polygon", "coordinates": [ [ [ -122.283053, 37.881046 ], [ -122.281762, 37.880556 ], [ -122.281976, 37.881606 ], [ -122.274963, 37.885341 ], [ -122.274543, 37.884895 ], [ -122.274652, 37.880117 ], [ -122.273944, 37.879587 ], [ -122.273332, 37.873986 ], [ -122.275465, 37.873019 ], [ -122.273265, 37.873325 ], [ -122.271762, 37.859769 ], [ -122.267456, 37.859416 ], [ -122.268308, 37.856539 ], [ -122.267011, 37.855231 ], [ -122.266522, 37.852343 ], [ -122.268965, 37.851616 ], [ -122.268374, 37.848768 ], [ -122.269409, 37.848107 ], [ -122.269144, 37.84674 ], [ -122.2758, 37.845867 ], [ -122.276188, 37.847734 ], [ -122.277766, 37.847525 ], [ -122.28018, 37.860542 ], [ -122.281226, 37.862205 ], [ -122.280688, 37.862267 ], [ -122.280931, 37.865906 ], [ -122.283053, 37.881046 ] ] ] } },
{ "type": "Feature", "properties": { "zip": "94112" }, "geometry": { "type": "Polygon", "coordinates": [ [ [ -122.465994, 37.710154 ], [ -122.460858, 37.710586 ], [ -122.462556, 37.711254 ], [ -122.462683, 37.721692 ], [ -122.462186, 37.727721 ], [ -122.460379, 37.728389 ], [ -122.46038, 37.729967 ], [ -122.455771, 37.731396 ], [ -122.444302, 37.731605 ], [ -122.444277, 37.728262 ], [ -122.443664, 37.728304 ], [ -122.426722, 37.736372 ], [ -122.427185, 37.735809 ], [ -122.421676, 37.73513 ], [ -122.4207, 37.731955 ], [ -122.419244, 37.73206 ], [ -122.41993, 37.729361 ], [ -122.423837, 37.728755 ], [ -122.422426, 37.724048 ], [ -122.423807, 37.723691 ], [ -122.425479, 37.720233 ], [ -122.423489, 37.719439 ], [ -122.422506, 37.717916 ], [ -122.424656, 37.717132 ], [ -122.42614, 37.718433 ], [ -122.427223, 37.715549 ], [ -122.431154, 37.716594 ], [ -122.43372, 37.713102 ], [ -122.429699, 37.712264 ], [ -122.427409, 37.710381 ], [ -122.427164, 37.708388 ], [ -122.468939, 37.708232 ], [ -122.465994, 37.710154 ] ] ] } },
{ "type": "Feature", "properties": { "zip": "94564" }, "geometry": { "type": "Polygon", "coordinates": [ [ [ -122.316938, 38.00231 ], [ -122.317668, 38.00323 ], [ -122.314386, 38.004769 ], [ -122.313324, 38.01097 ], [ -122.309253, 38.009919 ], [ -122.299466, 38.010238 ], [ -122.297745, 38.011746 ], [ -122.296983792488007, 38.013790504596301 ], [ -122.295117747546996, 38.015198835293603 ], [ -122.293098, 38.015231 ], [ -122.294764, 38.013355 ], [ -122.290731, 38.007931 ], [ -122.284979, 38.009081 ], [ -122.282804, 38.006782 ], [ -122.281647, 38.004107 ], [ -122.279746, 38.004006 ], [ -122.282136, 38.000389 ], [ -122.27808, 38.000039 ], [ -122.274881, 37.995064 ], [ -122.26507, 37.991872 ], [ -122.259538, 37.99176 ], [ -122.253677, 37.993614 ], [ -122.249966, 37.992076 ], [ -122.235999, 37.983406 ], [ -122.234973, 37.984354 ], [ -122.227185, 37.984991 ], [ -122.226511, 37.986198 ], [ -122.221769, 37.98589 ], [ -122.204969, 37.964742 ], [ -122.210023, 37.96868 ], [ -122.215124, 37.970474 ], [ -122.218893, 37.969789 ], [ -122.221535, 37.970605 ], [ -122.223748, 37.972761 ], [ -122.228709, 37.973475 ], [ -122.230873, 37.97504 ], [ -122.234465, 37.973965 ], [ -122.237347, 37.972104 ], [ -122.243152, 37.971105 ], [ -122.247215, 37.972157 ], [ -122.250275, 37.973586 ], [ -122.251357, 37.975228 ], [ -122.257637, 37.977622 ], [ -122.256081, 37.976954 ], [ -122.256096, 37.975143 ], [ -122.260689, 37.972946 ], [ -122.268048, 37.974269 ], [ -122.278857, 37.980618 ], [ -122.27902, 37.982477 ], [ -122.282175, 37.983451 ], [ -122.281955, 37.982037 ], [ -122.283903, 37.983168 ], [ -122.287666, 37.983362 ], [ -122.288475, 37.984299 ], [ -122.286232, 37.986755 ], [ -122.288379, 37.987998 ], [ -122.290708, 37.987238 ], [ -122.290721, 37.989379 ], [ -122.291985, 37.989643 ], [ -122.293693, 37.989031 ], [ -122.291862, 37.98796 ], [ -122.291842, 37.986317 ], [ -122.294577, 37.987353 ], [ -122.300472, 37.98588 ], [ -122.300965, 37.989556 ], [ -122.307579, 37.989458 ], [ -122.307453, 37.98779 ], [ -122.311881, 37.983786 ], [ -122.315559, 37.985641 ], [ -122.313728, 37.989013 ], [ -122.313864, 37.9903 ], [ -122.307291, 37.99283 ], [ -122.312032, 37.998497 ], [ -122.314171, 37.997418 ], [ -122.315312, 37.997788 ], [ -122.31569, 37.997005 ], [ -122.318536, 38.0016 ], [ -122.316938, 38.00231 ] ] ] } },
{ "type": "Feature", "properties": { "zip": "94607" }, "geometry": { "type": "Polygon", "coordinates": [ [ [ -122.342253, 37.805558 ], [ -122.333018, 37.810803 ], [ -122.322785, 37.810132 ], [ -122.317296, 37.816261 ], [ -122.319198, 37.819078 ], [ -122.330369, 37.82058 ], [ -122.326826695243, 37.822258626712603 ], [ -122.321491, 37.822908 ], [ -122.313858, 37.825245 ], [ -122.300935, 37.826362 ], [ -122.295825, 37.827882 ], [ -122.293391, 37.830674 ], [ -122.290596, 37.826214 ], [ -122.289246, 37.821776 ], [ -122.274, 37.818229 ], [ -122.275629, 37.817635 ], [ -122.274789, 37.814912 ], [ -122.279911, 37.807784 ], [ -122.278678, 37.807284 ], [ -122.280477, 37.806293 ], [ -122.270871, 37.802471 ], [ -122.269242, 37.802702 ], [ -122.268504, 37.801541 ], [ -122.259551, 37.798132 ], [ -122.259577, 37.79632 ], [ -122.262963, 37.791175 ], [ -122.268544, 37.787934 ], [ -122.278243, 37.793129 ], [ -122.285971, 37.793616 ], [ -122.30104, 37.791954 ], [ -122.328507, 37.797493 ], [ -122.333001177211003, 37.799054386056 ], [ -122.334168, 37.801272 ], [ -122.34151, 37.804158 ], [ -122.342253, 37.805558 ] ] ] } },
{ "type": "Feature", "properties": { "zip": "94806" }, "geometry": { "type": "Polygon", "coordinates": [ [ [ -122.358893, 37.967636 ], [ -122.356285, 37.99576 ], [ -122.353351, 38.000227 ], [ -122.348052, 38.002316 ], [ -122.332629, 38.000731 ], [ -122.328193, 38.002547 ], [ -122.328669433155994, 38.003481479692603 ], [ -122.315439, 38.011615 ], [ -122.313331731142, 38.0115109053013 ], [ -122.314386, 38.004769 ], [ -122.317668, 38.00323 ], [ -122.316938, 38.00231 ], [ -122.318536, 38.0016 ], [ -122.31569, 37.997005 ], [ -122.315312, 37.997788 ], [ -122.314171, 37.997418 ], [ -122.312032, 37.998497 ], [ -122.307291, 37.99283 ], [ -122.313864, 37.9903 ], [ -122.313728, 37.989013 ], [ -122.315199, 37.986761 ], [ -122.321406, 37.967806 ], [ -122.322552, 37.966332 ], [ -122.329244, 37.962228 ], [ -122.33073, 37.959486 ], [ -122.329943, 37.955906 ], [ -122.328077, 37.957014 ], [ -122.327667, 37.958779 ], [ -122.329125, 37.96011 ], [ -122.3277, 37.961299 ], [ -122.327121, 37.960599 ], [ -122.319127, 37.96269 ], [ -122.318418, 37.960299 ], [ -122.317386, 37.961198 ], [ -122.316474, 37.957001 ], [ -122.312325, 37.956786 ], [ -122.310466, 37.95547 ], [ -122.309985, 37.956 ], [ -122.308248, 37.954803 ], [ -122.308368, 37.952672 ], [ -122.311408, 37.952665 ], [ -122.311393, 37.951407 ], [ -122.314931, 37.952376 ], [ -122.316696, 37.951834 ], [ -122.316131, 37.953218 ], [ -122.318284, 37.954923 ], [ -122.318749, 37.954037 ], [ -122.32382, 37.954105 ], [ -122.324403, 37.953845 ], [ -122.322077, 37.951996 ], [ -122.323492, 37.949654 ], [ -122.326394, 37.949154 ], [ -122.327417, 37.951291 ], [ -122.330247, 37.951335 ], [ -122.331763, 37.953963 ], [ -122.333616, 37.953253 ], [ -122.333912, 37.95175 ], [ -122.338452, 37.953163 ], [ -122.340315, 37.952483 ], [ -122.341587, 37.954129 ], [ -122.343559, 37.953091 ], [ -122.347369, 37.952952 ], [ -122.347422, 37.949778 ], [ -122.357159, 37.949828 ], [ -122.357126, 37.95043 ], [ -122.358608, 37.950445 ], [ -122.356387, 37.967181 ], [ -122.358893, 37.967636 ] ] ] } },
{ "type": "Feature", "properties": { "zip": "94920" }, "geometry": { "type": "MultiPolygon", "coordinates": [ [ [ [ -122.446316, 37.861046 ], [ -122.441271, 37.863106 ], [ -122.440174, 37.867111 ], [ -122.438749, 37.868519 ], [ -122.436897, 37.866839 ], [ -122.434375, 37.867337 ], [ -122.435084, 37.868052 ], [ -122.434611, 37.86967 ], [ -122.430958, 37.872242 ], [ -122.426337, 37.87051 ], [ -122.424651, 37.870736 ], [ -122.423303, 37.869514 ], [ -122.421333, 37.863417 ], [ -122.419585, 37.863282 ], [ -122.41847, 37.861764 ], [ -122.420978, 37.858658 ], [ -122.41847, 37.852721 ], [ -122.419087, 37.852373 ], [ -122.423106, 37.85452 ], [ -122.430829, 37.855391 ], [ -122.434533, 37.853493 ], [ -122.439773, 37.855547 ], [ -122.441271, 37.855142 ], [ -122.44265, 37.856169 ], [ -122.442453, 37.858222 ], [ -122.446316, 37.861046 ] ] ], [ [ [ -122.507151, 37.904329 ], [ -122.506216, 37.906872 ], [ -122.498816, 37.910702 ], [ -122.498849, 37.911727 ], [ -122.495936, 37.911727 ], [ -122.495713, 37.915626 ], [ -122.489184, 37.915325 ], [ -122.489084, 37.917925 ], [ -122.487186, 37.918749 ], [ -122.487916, 37.919845 ], [ -122.485882, 37.920123 ], [ -122.485215628215997, 37.920993732228098 ], [ -122.479153, 37.916354 ], [ -122.475588, 37.916916 ], [ -122.473581, 37.912541 ], [ -122.472973, 37.908853 ], [ -122.476063, 37.907915 ], [ -122.477014, 37.905665 ], [ -122.462515, 37.897413 ], [ -122.458558, 37.894064 ], [ -122.448413, 37.89341 ], [ -122.443739, 37.886722 ], [ -122.43925, 37.88392 ], [ -122.438268, 37.880974 ], [ -122.4399, 37.879751 ], [ -122.441599, 37.880719 ], [ -122.444452, 37.878843 ], [ -122.44465, 37.876194 ], [ -122.44873, 37.874528 ], [ -122.450631, 37.871713 ], [ -122.462278, 37.870775 ], [ -122.458712, 37.865709 ], [ -122.457999, 37.861769 ], [ -122.468457, 37.868148 ], [ -122.474266, 37.874429 ], [ -122.475112, 37.877342 ], [ -122.471785, 37.880906 ], [ -122.475112, 37.886346 ], [ -122.483431, 37.890098 ], [ -122.489373, 37.895162 ], [ -122.493414, 37.893662 ], [ -122.499879871795002, 37.893662 ], [ -122.501133, 37.894609 ], [ -122.502996, 37.898877 ], [ -122.5047, 37.899183 ], [ -122.504145, 37.900664 ], [ -122.505739, 37.903415 ], [ -122.507151, 37.904329 ] ] ] ] } },
{ "type": "Feature", "properties": { "zip": "94922" }, "geometry": { "type": "Polygon", "coordinates": [ [ [ -123.000532, 38.358789 ], [ -122.997464, 38.356739 ], [ -122.998119, 38.354651 ], [ -122.99699, 38.353492 ], [ -122.995354, 38.354077 ], [ -122.995137, 38.355987 ], [ -122.99396, 38.356536 ], [ -122.98778, 38.355752 ], [ -122.985557, 38.35627 ], [ -122.980354, 38.354423 ], [ -122.980365, 38.349517 ], [ -122.979455, 38.348249 ], [ -122.975339, 38.34648 ], [ -122.972389, 38.348057 ], [ -122.970644, 38.347124 ], [ -122.961285, 38.34897 ], [ -122.960729, 38.35545 ], [ -122.961591, 38.358551 ], [ -122.963402, 38.359319 ], [ -122.957136, 38.368756 ], [ -122.957324, 38.370395 ], [ -122.955268, 38.376431 ], [ -122.943736, 38.375235 ], [ -122.929091, 38.371585 ], [ -122.929223, 38.364516 ], [ -122.9256, 38.364508 ], [ -122.923402, 38.363437 ], [ -122.921398, 38.3645 ], [ -122.914728, 38.364487 ], [ -122.916258, 38.363684 ], [ -122.916538, 38.360899 ], [ -122.921772, 38.355558 ], [ -122.924165, 38.355091 ], [ -122.931505, 38.357696 ], [ -122.939418, 38.354826 ], [ -122.942722, 38.354535 ], [ -122.942181, 38.353525 ], [ -122.942783, 38.338207 ], [ -122.953438, 38.338297 ], [ -122.953664, 38.340647 ], [ -122.958096, 38.343056 ], [ -122.961649, 38.342233 ], [ -122.965265, 38.342767 ], [ -122.971623, 38.34532 ], [ -122.97375, 38.344795 ], [ -122.977438, 38.337128 ], [ -122.982744, 38.337215 ], [ -122.982071, 38.341065 ], [ -122.984118, 38.340548 ], [ -122.985607, 38.341612 ], [ -122.985093, 38.347788 ], [ -122.986595, 38.350889 ], [ -122.985374, 38.351723 ], [ -122.985877, 38.352642 ], [ -122.987872, 38.351755 ], [ -122.990282, 38.355135 ], [ -122.994371, 38.356077 ], [ -122.99506, 38.353918 ], [ -122.997048, 38.353233 ], [ -122.99864, 38.354545 ], [ -122.998495, 38.357226 ], [ -123.000824, 38.357705 ], [ -123.000532, 38.358789 ] ] ] } },
{ "type": "Feature", "properties": { "zip": "94708" }, "geometry": { "type": "Polygon", "coordinates": [ [ [ -122.281388, 37.913232 ], [ -122.278502, 37.915322 ], [ -122.273368, 37.911051 ], [ -122.271296, 37.914058 ], [ -122.279365, 37.919609 ], [ -122.270672, 37.92392 ], [ -122.270606, 37.921384 ], [ -122.254611, 37.920579 ], [ -122.252221, 37.918655 ], [ -122.251006, 37.915107 ], [ -122.25308, 37.911762 ], [ -122.249537, 37.911077 ], [ -122.247727, 37.909038 ], [ -122.247754, 37.905662 ], [ -122.247054, 37.905437 ], [ -122.255413, 37.898829 ], [ -122.255676, 37.897853 ], [ -122.255156, 37.896258 ], [ -122.25363, 37.896138 ], [ -122.252679, 37.894987 ], [ -122.252867, 37.893732 ], [ -122.251052, 37.893819 ], [ -122.249145, 37.891128 ], [ -122.250286, 37.889828 ], [ -122.249262, 37.886972 ], [ -122.24691, 37.885355 ], [ -122.246439, 37.881203 ], [ -122.264555, 37.878959 ], [ -122.265737, 37.884149 ], [ -122.264635, 37.885871 ], [ -122.265903, 37.886431 ], [ -122.267174, 37.890428 ], [ -122.266814, 37.893104 ], [ -122.267737, 37.893131 ], [ -122.26853, 37.89479 ], [ -122.269872, 37.899959 ], [ -122.269163, 37.901529 ], [ -122.269734, 37.902105 ], [ -122.270871, 37.90138 ], [ -122.27279, 37.904195 ], [ -122.27787, 37.90315 ], [ -122.277915, 37.906023 ], [ -122.278784, 37.907549 ], [ -122.27937, 37.906919 ], [ -122.28047, 37.908235 ], [ -122.279943, 37.911285 ], [ -122.281388, 37.913232 ] ] ] } },
{ "type": "Feature", "properties": { "zip": "94027" }, "geometry": { "type": "Polygon", "coordinates": [ [ [ -122.233416, 37.433796 ], [ -122.230229, 37.437079 ], [ -122.230953, 37.440274 ], [ -122.228328, 37.439652 ], [ -122.217502, 37.453367 ], [ -122.22198, 37.457273 ], [ -122.219109, 37.460814 ], [ -122.217738, 37.46429 ], [ -122.216267, 37.464893 ], [ -122.21245, 37.469684 ], [ -122.206121, 37.465142 ], [ -122.20365, 37.468247 ], [ -122.202105, 37.467273 ], [ -122.197954, 37.472638 ], [ -122.193335, 37.47087 ], [ -122.192198, 37.472716 ], [ -122.189696, 37.471722 ], [ -122.186779, 37.476758 ], [ -122.177902, 37.476186 ], [ -122.174491, 37.475234 ], [ -122.167865, 37.471696 ], [ -122.173947, 37.459524 ], [ -122.175445, 37.460276 ], [ -122.176698, 37.458662 ], [ -122.179781, 37.460203 ], [ -122.180861, 37.461594 ], [ -122.183749, 37.45795 ], [ -122.188511, 37.460306 ], [ -122.186344, 37.463118 ], [ -122.189241, 37.464557 ], [ -122.192005, 37.460967 ], [ -122.19342, 37.461786 ], [ -122.195615, 37.459851 ], [ -122.187594, 37.455822 ], [ -122.201773, 37.438902 ], [ -122.206559, 37.440381 ], [ -122.21012, 37.437928 ], [ -122.210916, 37.438338 ], [ -122.213989, 37.433158 ], [ -122.213376, 37.432742 ], [ -122.217549, 37.427958 ], [ -122.218968, 37.42896 ], [ -122.220958, 37.427935 ], [ -122.224551, 37.424114 ], [ -122.229271, 37.424733 ], [ -122.226015, 37.428492 ], [ -122.22651, 37.430058 ], [ -122.230541, 37.430382 ], [ -122.233663, 37.432382 ], [ -122.233416, 37.433796 ] ] ] } },
{ "type": "Feature", "properties": { "zip": "94566" }, "geometry": { "type": "Polygon", "coordinates": [ [ [ -121.912794, 37.632491 ], [ -121.90568, 37.632434 ], [ -121.897142, 37.637444 ], [ -121.897135, 37.641796 ], [ -121.893279, 37.63973 ], [ -121.897814, 37.643911 ], [ -121.896853, 37.644525 ], [ -121.897738, 37.647588 ], [ -121.902047, 37.653564 ], [ -121.901234, 37.654568 ], [ -121.90416, 37.655787 ], [ -121.905112, 37.655368 ], [ -121.906473, 37.661597 ], [ -121.909075, 37.665929 ], [ -121.91101, 37.671534 ], [ -121.898383, 37.676847 ], [ -121.895305, 37.674929 ], [ -121.893416, 37.676759 ], [ -121.895828, 37.676721 ], [ -121.896277, 37.677703 ], [ -121.884179, 37.683506 ], [ -121.886835, 37.686248 ], [ -121.878146, 37.688893 ], [ -121.877311, 37.686155 ], [ -121.871213, 37.681916 ], [ -121.868921, 37.681919 ], [ -121.866408, 37.679792 ], [ -121.866718, 37.678665 ], [ -121.863888, 37.676593 ], [ -121.861304, 37.678966 ], [ -121.859998, 37.678299 ], [ -121.859979, 37.682024 ], [ -121.862652, 37.682004 ], [ -121.862578, 37.691309 ], [ -121.854244, 37.691236 ], [ -121.854239, 37.693764 ], [ -121.849132, 37.693695 ], [ -121.848774, 37.68076 ], [ -121.849999, 37.679548 ], [ -121.850431, 37.675856 ], [ -121.846801, 37.675772 ], [ -121.837544, 37.678859 ], [ -121.83758, 37.673169 ], [ -121.823729, 37.674154 ], [ -121.823733, 37.673454 ], [ -121.826291, 37.67279 ], [ -121.825378, 37.67049 ], [ -121.823756, 37.671082 ], [ -121.823801, 37.662487 ], [ -121.806084, 37.655553 ], [ -121.80454, 37.647594 ], [ -121.79986, 37.642431 ], [ -121.799048, 37.640324 ], [ -121.799568, 37.636717 ], [ -121.801514, 37.635452 ], [ -121.802072, 37.63398 ], [ -121.802276, 37.629466 ], [ -121.807815, 37.625675 ], [ -121.808888, 37.624131 ], [ -121.810209, 37.624989 ], [ -121.811402, 37.623645 ], [ -121.879919, 37.623533 ], [ -121.87979, 37.621715 ], [ -121.877017, 37.616246 ], [ -121.884417, 37.615234 ], [ -121.884012, 37.616243 ], [ -121.886388, 37.616755 ], [ -121.886691, 37.619848 ], [ -121.889231, 37.619023 ], [ -121.888741, 37.617432 ], [ -121.889766, 37.614843 ], [ -121.889556, 37.612372 ], [ -121.89226, 37.615716 ], [ -121.89599, 37.617115 ], [ -121.897553, 37.615031 ], [ -121.902321, 37.621882 ], [ -121.907297, 37.625675 ], [ -121.909546, 37.626521 ], [ -121.912248, 37.629861 ], [ -121.912794, 37.632491 ] ] ] } },
{ "type": "Feature", "properties": { "zip": "94569" }, "geometry": { "type": "Polygon", "coordinates": [ [ [ -122.205895, 38.049289 ], [ -122.202897, 38.053987 ], [ -122.190031, 38.052186 ], [ -122.183959, 38.048818 ], [ -122.182542, 38.046928 ], [ -122.17886, 38.04462 ], [ -122.174762, 38.038802 ], [ -122.173443, 38.034756 ], [ -122.174309, 38.034583 ], [ -122.174667, 38.035974 ], [ -122.179425, 38.035664 ], [ -122.180618, 38.037927 ], [ -122.183086, 38.03845 ], [ -122.182574, 38.039493 ], [ -122.183999, 38.040952 ], [ -122.188674, 38.042026 ], [ -122.19244, 38.04112 ], [ -122.194985, 38.036348 ], [ -122.19424, 38.03446 ], [ -122.191273, 38.032281 ], [ -122.191209, 38.031193 ], [ -122.187764, 38.029194 ], [ -122.192204, 38.030024 ], [ -122.194083, 38.028677 ], [ -122.195896, 38.030494 ], [ -122.19523, 38.032422 ], [ -122.197345, 38.034744 ], [ -122.197289, 38.038959 ], [ -122.201809, 38.041373 ], [ -122.204447, 38.044808 ], [ -122.205832, 38.045457 ], [ -122.205895, 38.049289 ] ] ] } },
{ "type": "Feature", "properties": { "zip": "94063" }, "geometry": { "type": "Polygon", "coordinates": [ [ [ -122.245183, 37.495062 ], [ -122.241252, 37.498208 ], [ -122.238135, 37.498146 ], [ -122.240936, 37.500322 ], [ -122.239537, 37.499436 ], [ -122.232431, 37.505527 ], [ -122.230785, 37.505738 ], [ -122.228729, 37.504414 ], [ -122.227949, 37.50175 ], [ -122.22498, 37.499939 ], [ -122.224297, 37.498653 ], [ -122.236648, 37.498209 ], [ -122.224173, 37.498444 ], [ -122.224658, 37.500388 ], [ -122.221997, 37.501466 ], [ -122.223611, 37.502548 ], [ -122.222874, 37.504394 ], [ -122.215792, 37.507671 ], [ -122.213655, 37.509704 ], [ -122.211098, 37.516567 ], [ -122.20725, 37.520337 ], [ -122.206444, 37.522749 ], [ -122.198679105967997, 37.528206833865397 ], [ -122.20012, 37.526617 ], [ -122.197258605578, 37.524318130338699 ], [ -122.202753, 37.52231 ], [ -122.204174, 37.521001 ], [ -122.204156, 37.517373 ], [ -122.197654, 37.514487 ], [ -122.192308, 37.514014 ], [ -122.189874, 37.512784 ], [ -122.189867, 37.511355 ], [ -122.191984, 37.509663 ], [ -122.193541, 37.509537 ], [ -122.195485, 37.50743 ], [ -122.191018, 37.50152 ], [ -122.187175, 37.50229 ], [ -122.183028, 37.504526 ], [ -122.177528, 37.503223 ], [ -122.178465, 37.497773 ], [ -122.178442, 37.488956 ], [ -122.179191, 37.489361 ], [ -122.17946, 37.488015 ], [ -122.178497, 37.486989 ], [ -122.183696, 37.488351 ], [ -122.189498, 37.487529 ], [ -122.189293, 37.486661 ], [ -122.18221, 37.485133 ], [ -122.182876, 37.483998 ], [ -122.181906, 37.48252 ], [ -122.186013, 37.478015 ], [ -122.201156, 37.476966 ], [ -122.203862, 37.472229 ], [ -122.20896, 37.467227 ], [ -122.211847, 37.469246 ], [ -122.211288, 37.470043 ], [ -122.213134, 37.471193 ], [ -122.213684, 37.470656 ], [ -122.23242, 37.484099 ], [ -122.233818, 37.481665 ], [ -122.233, 37.484509 ], [ -122.239441, 37.49084 ], [ -122.245183, 37.495062 ] ] ] } },
{ "type": "Feature", "properties": { "zip": "95462" }, "geometry": { "type": "Polygon", "coordinates": [ [ [ -123.050322, 38.466048 ], [ -123.049448, 38.467295 ], [ -123.041469, 38.466748 ], [ -123.041845, 38.483783 ], [ -123.046109, 38.48393 ], [ -123.046176, 38.487669 ], [ -123.019602, 38.487386 ], [ -123.018178, 38.48572 ], [ -123.019444, 38.484913 ], [ -123.018279, 38.482814 ], [ -123.015716, 38.480094 ], [ -123.010151, 38.477485 ], [ -123.009772, 38.47172 ], [ -123.007067, 38.470582 ], [ -123.005146, 38.474189 ], [ -123.002998, 38.474709 ], [ -122.997138, 38.478538 ], [ -122.997064, 38.480318 ], [ -123.011018, 38.482425 ], [ -123.013713, 38.484307 ], [ -123.009389, 38.48276 ], [ -122.995349, 38.481557 ], [ -122.990482, 38.48053 ], [ -122.989587, 38.479399 ], [ -122.989563, 38.475224 ], [ -122.991729, 38.474789 ], [ -122.991321, 38.473946 ], [ -122.995655, 38.473446 ], [ -123.001085, 38.463241 ], [ -123.003819, 38.464104 ], [ -123.00646, 38.460073 ], [ -123.008761, 38.458527 ], [ -123.007954, 38.457026 ], [ -123.005198, 38.456417 ], [ -123.002263, 38.454031 ], [ -123.000536, 38.453632 ], [ -122.999608, 38.450899 ], [ -123.000328, 38.448701 ], [ -123.001581, 38.45277 ], [ -123.00515, 38.455433 ], [ -123.008355, 38.456063 ], [ -123.010595, 38.45806 ], [ -123.017346, 38.455777 ], [ -123.022739, 38.45695 ], [ -123.025154, 38.458805 ], [ -123.025541, 38.461417 ], [ -123.030294, 38.468264 ], [ -123.031768, 38.46905 ], [ -123.02777, 38.470609 ], [ -123.026455, 38.472542 ], [ -123.026426, 38.474147 ], [ -123.024322, 38.476607 ], [ -123.024845, 38.477091 ], [ -123.026649, 38.475663 ], [ -123.028385, 38.470763 ], [ -123.033054, 38.469319 ], [ -123.040239, 38.463382 ], [ -123.043021, 38.462311 ], [ -123.04548, 38.464751 ], [ -123.050322, 38.466048 ] ], [ [ -123.025877, 38.472191 ], [ -123.023535, 38.473793 ], [ -123.021113, 38.473456 ], [ -123.024699, 38.475584 ], [ -123.025877, 38.472191 ] ] ] } },
{ "type": "Feature", "properties": { "zip": "94571" }, "geometry": { "type": "Polygon", "coordinates": [ [ [ -121.862462, 38.06603 ], [ -121.861597, 38.069887 ], [ -121.857613, 38.071967 ], [ -121.852909, 38.072847 ], [ -121.842444, 38.076735 ], [ -121.83606, 38.073215 ], [ -121.827916, 38.066223 ], [ -121.810811, 38.060767 ], [ -121.805243, 38.059647 ], [ -121.79849, 38.060111 ], [ -121.798456, 38.06366 ], [ -121.79676, 38.06497 ], [ -121.796796, 38.07036 ], [ -121.805128, 38.070592 ], [ -121.8064, 38.071539 ], [ -121.804761, 38.075736 ], [ -121.808175, 38.086444 ], [ -121.815711, 38.092067 ], [ -121.818367, 38.097017 ], [ -121.814147, 38.101036 ], [ -121.813664, 38.105767 ], [ -121.814133, 38.106647 ], [ -121.818331, 38.107894 ], [ -121.82188, 38.106186 ], [ -121.823475, 38.107186 ], [ -121.822172, 38.111947 ], [ -121.822275, 38.116978 ], [ -121.826706, 38.114406 ], [ -121.828378, 38.114319 ], [ -121.829853, 38.116397 ], [ -121.834513, 38.117887 ], [ -121.838975, 38.116918 ], [ -121.838842, 38.121225 ], [ -121.837419, 38.12175 ], [ -121.820167, 38.120681 ], [ -121.814828, 38.122669 ], [ -121.805753, 38.123886 ], [ -121.800331, 38.123449 ], [ -121.800444, 38.124506 ], [ -121.802753, 38.126289 ], [ -121.802592, 38.128878 ], [ -121.805381, 38.134844 ], [ -121.804811, 38.136678 ], [ -121.805925, 38.138425 ], [ -121.807519, 38.138606 ], [ -121.809619, 38.140836 ], [ -121.803922, 38.143814 ], [ -121.802947, 38.146419 ], [ -121.801325, 38.145675 ], [ -121.796581, 38.145789 ], [ -121.795022, 38.144367 ], [ -121.794961, 38.145422 ], [ -121.796914, 38.150539 ], [ -121.798703, 38.152739 ], [ -121.799658, 38.152689 ], [ -121.802458, 38.157431 ], [ -121.80375, 38.158039 ], [ -121.806819, 38.157606 ], [ -121.807167, 38.159311 ], [ -121.806389, 38.161119 ], [ -121.805625, 38.242197 ], [ -121.842617, 38.242256 ], [ -121.842475, 38.271398 ], [ -121.822497, 38.271081 ], [ -121.809787, 38.258064 ], [ -121.808179, 38.259369 ], [ -121.805449, 38.260082 ], [ -121.801783, 38.258144 ], [ -121.799163, 38.259275 ], [ -121.775851, 38.260429 ], [ -121.771921, 38.26145 ], [ -121.769609, 38.272701 ], [ -121.749457, 38.285182 ], [ -121.742191, 38.291845 ], [ -121.739854, 38.293261 ], [ -121.733814, 38.291382 ], [ -121.726985, 38.290703 ], [ -121.711883, 38.280303 ], [ -121.707017, 38.273426 ], [ -121.69762, 38.264654 ], [ -121.694556, 38.259396 ], [ -121.688143, 38.25393 ], [ -121.687307, 38.247666 ], [ -121.68885, 38.243377 ], [ -121.68369, 38.237935 ], [ -121.682457, 38.237704 ], [ -121.680583, 38.238057 ], [ -121.672574, 38.250634 ], [ -121.667261, 38.268714 ], [ -121.662024, 38.268695 ], [ -121.672771, 38.235292 ], [ -121.673202, 38.225988 ], [ -121.672351, 38.222423 ], [ -121.666617, 38.214238 ], [ -121.662485, 38.211086 ], [ -121.655875, 38.208605 ], [ -121.65664, 38.207978 ], [ -121.655201, 38.203194 ], [ -121.655895, 38.198854 ], [ -121.655359, 38.194901 ], [ -121.655931, 38.192334 ], [ -121.65949, 38.18631 ], [ -121.659083, 38.183115 ], [ -121.658682, 38.18426 ], [ -121.656702, 38.183086 ], [ -121.662353, 38.18209 ], [ -121.664557, 38.180601 ], [ -121.668351, 38.175035 ], [ -121.671625, 38.172476 ], [ -121.676203, 38.166773 ], [ -121.68033, 38.162812 ], [ -121.685586, 38.159705 ], [ -121.676409, 38.155197 ], [ -121.681756, 38.151538 ], [ -121.683745, 38.14299 ], [ -121.685999, 38.138602 ], [ -121.685931, 38.133907 ], [ -121.687004, 38.12981 ], [ -121.690628, 38.123046 ], [ -121.682848, 38.122376 ], [ -121.683185, 38.117524 ], [ -121.681962, 38.114054 ], [ -121.684852, 38.101289 ], [ -121.685061, 38.094412 ], [ -121.683545, 38.087247 ], [ -121.684926, 38.086526 ], [ -121.685449, 38.084264 ], [ -121.683275, 38.078221 ], [ -121.6828, 38.064993 ], [ -121.68384, 38.062542 ], [ -121.700061, 38.050147 ], [ -121.704006, 38.049095 ], [ -121.722161, 38.04113 ], [ -121.736028, 38.032914 ], [ -121.745729, 38.029914 ], [ -121.751102, 38.029312 ], [ -121.75961, 38.030531 ], [ -121.761538, 38.031026 ], [ -121.762185, 38.0328 ], [ -121.764617, 38.033808 ], [ -121.77257, 38.033232 ], [ -121.779882, 38.038688 ], [ -121.783882, 38.039824 ], [ -121.785495, 38.042068 ], [ -121.786663, 38.041479 ], [ -121.785002, 38.040112 ], [ -121.785306, 38.02688 ], [ -121.799066, 38.025808 ], [ -121.805643, 38.026224 ], [ -121.810987, 38.027792 ], [ -121.829707, 38.038512 ], [ -121.832892, 38.043568 ], [ -121.834348, 38.058223 ], [ -121.83822, 38.062383 ], [ -121.851027, 38.062935 ], [ -121.854524, 38.065089 ], [ -121.862462, 38.06603 ] ] ] } },
{ "type": "Feature", "properties": { "zip": "94523" }, "geometry": { "type": "Polygon", "coordinates": [ [ [ -122.104371, 37.97273 ], [ -122.099898, 37.975956 ], [ -122.077818, 37.976153 ], [ -122.077132, 37.979365 ], [ -122.076589, 37.978848 ], [ -122.076191, 37.979348 ], [ -122.07709, 37.981346 ], [ -122.078914, 37.981497 ], [ -122.077297, 37.982392 ], [ -122.074079, 37.981207 ], [ -122.065971, 37.981836 ], [ -122.064035, 37.974046 ], [ -122.062851, 37.973724 ], [ -122.060708, 37.97066 ], [ -122.063181, 37.970337 ], [ -122.061707, 37.962416 ], [ -122.056181, 37.966066 ], [ -122.052554, 37.958721 ], [ -122.054435, 37.953962 ], [ -122.051637, 37.947546 ], [ -122.049776, 37.945466 ], [ -122.049789, 37.942678 ], [ -122.051393, 37.942774 ], [ -122.051798, 37.940424 ], [ -122.052966, 37.940474 ], [ -122.053017, 37.936689 ], [ -122.055022, 37.936694 ], [ -122.054533, 37.93946 ], [ -122.056162, 37.93852 ], [ -122.059654, 37.938538 ], [ -122.058973, 37.936661 ], [ -122.056875, 37.936674 ], [ -122.056837, 37.934716 ], [ -122.053436, 37.93477 ], [ -122.053673, 37.933223 ], [ -122.054441, 37.933223 ], [ -122.054052, 37.931976 ], [ -122.060052, 37.933319 ], [ -122.060084, 37.931695 ], [ -122.0735, 37.933345 ], [ -122.073508, 37.926336 ], [ -122.085857, 37.926148 ], [ -122.087997, 37.92526 ], [ -122.088746, 37.927257 ], [ -122.086451, 37.927856 ], [ -122.086753, 37.931863 ], [ -122.088425, 37.931865 ], [ -122.090695, 37.935403 ], [ -122.089576, 37.93676 ], [ -122.089876, 37.940861 ], [ -122.09321, 37.940818 ], [ -122.09468, 37.943186 ], [ -122.098024, 37.943597 ], [ -122.098065, 37.945631 ], [ -122.096738, 37.947039 ], [ -122.098495, 37.947444 ], [ -122.100923, 37.950613 ], [ -122.098931, 37.951881 ], [ -122.102395, 37.954977 ], [ -122.093217, 37.955063 ], [ -122.091161, 37.95651 ], [ -122.092346, 37.959946 ], [ -122.094012, 37.960207 ], [ -122.098833, 37.967119 ], [ -122.10231, 37.969833 ], [ -122.102015, 37.971506 ], [ -122.104371, 37.97273 ] ] ] } },
{ "type": "Feature", "properties": { "zip": "94577" }, "geometry": { "type": "Polygon", "coordinates": [ [ [ -122.209726, 37.711087 ], [ -122.202097, 37.713021 ], [ -122.197028, 37.715829 ], [ -122.194265, 37.715912 ], [ -122.194714, 37.717538 ], [ -122.193401, 37.717829 ], [ -122.192905, 37.716726 ], [ -122.189138, 37.717812 ], [ -122.196747, 37.724133 ], [ -122.198055, 37.726227 ], [ -122.196137, 37.726007 ], [ -122.191927, 37.727288 ], [ -122.190299, 37.728858 ], [ -122.183312, 37.725566 ], [ -122.175802, 37.725231 ], [ -122.174341, 37.72665 ], [ -122.170401, 37.727756 ], [ -122.17404, 37.73119 ], [ -122.170097, 37.732056 ], [ -122.171556, 37.734996 ], [ -122.165472, 37.737689 ], [ -122.16416, 37.73594 ], [ -122.14767, 37.741138 ], [ -122.146051, 37.742802 ], [ -122.140772, 37.737282 ], [ -122.138977, 37.730932 ], [ -122.136693, 37.731867 ], [ -122.134438, 37.734305 ], [ -122.130491, 37.73277 ], [ -122.132345, 37.731726 ], [ -122.131227, 37.730427 ], [ -122.124462, 37.728588 ], [ -122.122168, 37.729386 ], [ -122.120888, 37.728256 ], [ -122.123229, 37.727038 ], [ -122.12649, 37.727585 ], [ -122.123693, 37.719297 ], [ -122.123978, 37.716418 ], [ -122.130973, 37.714486 ], [ -122.135103, 37.72166 ], [ -122.136514, 37.721081 ], [ -122.14106, 37.716024 ], [ -122.143256, 37.717605 ], [ -122.144105, 37.716351 ], [ -122.148889, 37.713519 ], [ -122.147222, 37.711026 ], [ -122.153984, 37.715744 ], [ -122.155593, 37.715082 ], [ -122.141226, 37.701897 ], [ -122.144209, 37.701065 ], [ -122.146571, 37.704667 ], [ -122.150301, 37.703421 ], [ -122.152324, 37.705727 ], [ -122.155477, 37.704409 ], [ -122.159229, 37.707158 ], [ -122.160971, 37.706465 ], [ -122.159155, 37.705182 ], [ -122.158837, 37.702717 ], [ -122.1657, 37.700437 ], [ -122.162644, 37.695203 ], [ -122.162349, 37.692951 ], [ -122.163083, 37.692497 ], [ -122.162374, 37.689172 ], [ -122.166998, 37.691229 ], [ -122.184092, 37.691012 ], [ -122.187263, 37.690304 ], [ -122.191940275109999, 37.693873084873204 ], [ -122.189573, 37.694744 ], [ -122.188357, 37.69164 ], [ -122.186649, 37.690827 ], [ -122.185529, 37.691464 ], [ -122.187872, 37.694519 ], [ -122.18705, 37.695876 ], [ -122.188903, 37.695283 ], [ -122.189587, 37.696008 ], [ -122.192992496833995, 37.6946760029291 ], [ -122.201546, 37.705022 ], [ -122.204161, 37.711603 ], [ -122.209187112470005, 37.710012817523598 ], [ -122.209726, 37.711087 ] ] ] } },
{ "type": "Feature", "properties": { "zip": "94578" }, "geometry": { "type": "Polygon", "coordinates": [ [ [ -122.159229, 37.707158 ], [ -122.155477, 37.704409 ], [ -122.152324, 37.705727 ], [ -122.150301, 37.703421 ], [ -122.146571, 37.704667 ], [ -122.144209, 37.701065 ], [ -122.141226, 37.701897 ], [ -122.155593, 37.715082 ], [ -122.153984, 37.715744 ], [ -122.147222, 37.711026 ], [ -122.148889, 37.713519 ], [ -122.144105, 37.716351 ], [ -122.143256, 37.717605 ], [ -122.14106, 37.716024 ], [ -122.136514, 37.721081 ], [ -122.135103, 37.72166 ], [ -122.130973, 37.714486 ], [ -122.123978, 37.716418 ], [ -122.123693, 37.719297 ], [ -122.12649, 37.727585 ], [ -122.123229, 37.727038 ], [ -122.119313, 37.729046 ], [ -122.117056, 37.726381 ], [ -122.113765, 37.724205 ], [ -122.112922, 37.722574 ], [ -122.110039, 37.721676 ], [ -122.10974, 37.719827 ], [ -122.105253, 37.715747 ], [ -122.104695, 37.714756 ], [ -122.11034, 37.712883 ], [ -122.108355, 37.709833 ], [ -122.108485, 37.708145 ], [ -122.106161, 37.707963 ], [ -122.103841, 37.70568 ], [ -122.105076, 37.704703 ], [ -122.103433, 37.701385 ], [ -122.101847, 37.702661 ], [ -122.098831, 37.702412 ], [ -122.095885, 37.699542 ], [ -122.098965, 37.697659 ], [ -122.098528, 37.696856 ], [ -122.102224, 37.693905 ], [ -122.10442, 37.69545 ], [ -122.103264, 37.69337 ], [ -122.107369, 37.690467 ], [ -122.105938, 37.689308 ], [ -122.111838, 37.688721 ], [ -122.111566, 37.69127 ], [ -122.109877, 37.692075 ], [ -122.111956, 37.69354 ], [ -122.11338, 37.692363 ], [ -122.114329, 37.695206 ], [ -122.118851, 37.696651 ], [ -122.11882, 37.698366 ], [ -122.12106, 37.699651 ], [ -122.121209, 37.698685 ], [ -122.128359, 37.6982 ], [ -122.129528, 37.697278 ], [ -122.129655, 37.692398 ], [ -122.128145, 37.69106 ], [ -122.137219, 37.690063 ], [ -122.160971, 37.706465 ], [ -122.159229, 37.707158 ] ] ] } },
{ "type": "Feature", "properties": { "zip": "94580" }, "geometry": { "type": "Polygon", "coordinates": [ [ [ -122.162047022153004, 37.667560942307702 ], [ -122.155061, 37.671141 ], [ -122.155564, 37.673996 ], [ -122.15434, 37.674744 ], [ -122.154719, 37.675163 ], [ -122.14498, 37.679724 ], [ -122.143805, 37.681719 ], [ -122.140724, 37.684094 ], [ -122.131033, 37.685069 ], [ -122.129, 37.684386 ], [ -122.131927, 37.686636 ], [ -122.130097, 37.686622 ], [ -122.130131, 37.69112 ], [ -122.128145, 37.69106 ], [ -122.129655, 37.692398 ], [ -122.129528, 37.697278 ], [ -122.128359, 37.6982 ], [ -122.121209, 37.698685 ], [ -122.12106, 37.699651 ], [ -122.11882, 37.698366 ], [ -122.118851, 37.696651 ], [ -122.114329, 37.695206 ], [ -122.11338, 37.692363 ], [ -122.111956, 37.69354 ], [ -122.109877, 37.692075 ], [ -122.111566, 37.69127 ], [ -122.111838, 37.688721 ], [ -122.105536, 37.689025 ], [ -122.111361, 37.688439 ], [ -122.114705, 37.688704 ], [ -122.108454, 37.684436 ], [ -122.110736, 37.684681 ], [ -122.113212, 37.686334 ], [ -122.119421, 37.685258 ], [ -122.119792, 37.683729 ], [ -122.114045, 37.678669 ], [ -122.118674, 37.675709 ], [ -122.12355, 37.67421 ], [ -122.12075, 37.669776 ], [ -122.123068, 37.668133 ], [ -122.127905, 37.667862 ], [ -122.127675, 37.665182 ], [ -122.134466, 37.664572 ], [ -122.134365, 37.662797 ], [ -122.139274, 37.662528 ], [ -122.14375, 37.663346 ], [ -122.145918, 37.665677 ], [ -122.150864, 37.662784 ], [ -122.152432, 37.663953 ], [ -122.160105627598995, 37.6638365659161 ], [ -122.162047022153004, 37.667560942307702 ] ] ] } },
{ "type": "Feature", "properties": { "zip": "94583" }, "geometry": { "type": "Polygon", "coordinates": [ [ [ -122.070669, 37.835559 ], [ -122.061419, 37.835609 ], [ -122.061569, 37.842983 ], [ -122.04788, 37.842205 ], [ -122.04788, 37.83876 ], [ -122.043306, 37.838457 ], [ -122.043312, 37.837509 ], [ -122.037831, 37.837707 ], [ -122.036196, 37.837108 ], [ -122.025938, 37.827861 ], [ -122.025082, 37.825791 ], [ -122.028549, 37.827651 ], [ -122.028633, 37.82518 ], [ -122.024824, 37.825238 ], [ -122.023936, 37.823569 ], [ -122.025999, 37.823605 ], [ -122.026076, 37.809064 ], [ -122.007439, 37.808348 ], [ -122.007196, 37.80944 ], [ -122.00379, 37.81061 ], [ -122.000826, 37.809707 ], [ -122.00239, 37.8083 ], [ -122.005704, 37.808304 ], [ -122.005439, 37.793292 ], [ -121.993698, 37.793671 ], [ -121.993833, 37.790619 ], [ -121.992805, 37.787001 ], [ -121.992137, 37.787378 ], [ -121.991204, 37.786435 ], [ -121.980753, 37.786674 ], [ -121.98052, 37.787204 ], [ -121.976468, 37.779928 ], [ -121.968637, 37.782954 ], [ -121.966875, 37.780485 ], [ -121.964458, 37.781461 ], [ -121.955362, 37.768982 ], [ -121.944153, 37.75975 ], [ -121.94086, 37.757941 ], [ -121.938483, 37.75354 ], [ -121.932832, 37.747738 ], [ -121.931084, 37.744818 ], [ -121.9293, 37.744716 ], [ -121.929494, 37.743829 ], [ -121.924768, 37.737846 ], [ -121.922807, 37.737952 ], [ -121.920018, 37.735817 ], [ -121.917374, 37.728897 ], [ -121.96004, 37.718531 ], [ -121.971938, 37.730324 ], [ -121.980104, 37.731105 ], [ -121.988097, 37.733149 ], [ -121.995426, 37.738351 ], [ -122.001071, 37.739028 ], [ -122.011771, 37.747428 ], [ -122.011291, 37.754172 ], [ -122.010771, 37.755127 ], [ -121.997411, 37.76336 ], [ -122.014072, 37.780227 ], [ -122.017772, 37.781227 ], [ -122.021972, 37.784227 ], [ -122.030472, 37.787727 ], [ -122.043271, 37.796629 ], [ -122.043166, 37.799159 ], [ -122.044117, 37.800617 ], [ -122.042808, 37.801975 ], [ -122.046422, 37.80395 ], [ -122.046744, 37.805327 ], [ -122.047842, 37.805681 ], [ -122.050492, 37.809681 ], [ -122.047784, 37.812066 ], [ -122.044295, 37.812123 ], [ -122.054644, 37.821059 ], [ -122.061468, 37.823464 ], [ -122.063214, 37.825795 ], [ -122.06702, 37.828516 ], [ -122.070776, 37.828766 ], [ -122.070669, 37.835559 ] ] ] } },
{ "type": "Feature", "properties": { "zip": "94530" }, "geometry": { "type": "Polygon", "coordinates": [ [ [ -122.323166, 37.930887 ], [ -122.32038, 37.93112 ], [ -122.320323, 37.938342 ], [ -122.303575, 37.938204 ], [ -122.303189, 37.939123 ], [ -122.307602, 37.94273 ], [ -122.311069, 37.943603 ], [ -122.311904, 37.945127 ], [ -122.311325, 37.946725 ], [ -122.30577, 37.94199 ], [ -122.301934, 37.940819 ], [ -122.298729, 37.937182 ], [ -122.29198, 37.934524 ], [ -122.29152, 37.933385 ], [ -122.288991, 37.933681 ], [ -122.280027, 37.922421 ], [ -122.278563, 37.920006 ], [ -122.279365, 37.919609 ], [ -122.271296, 37.914058 ], [ -122.273368, 37.911051 ], [ -122.278502, 37.915322 ], [ -122.281207, 37.918697 ], [ -122.282552, 37.918903 ], [ -122.289084, 37.914253 ], [ -122.287181, 37.909913 ], [ -122.289055, 37.909076 ], [ -122.288456, 37.905623 ], [ -122.291041, 37.904153 ], [ -122.28865, 37.903596 ], [ -122.288169, 37.897835 ], [ -122.289884, 37.897553 ], [ -122.296207, 37.898925 ], [ -122.299648, 37.898098 ], [ -122.305407, 37.898163 ], [ -122.307211, 37.901416 ], [ -122.307054, 37.902504 ], [ -122.308534, 37.900949 ], [ -122.309891, 37.902024 ], [ -122.305858, 37.903797 ], [ -122.305528, 37.905454 ], [ -122.310767, 37.913569 ], [ -122.312396, 37.914675 ], [ -122.311943, 37.915996 ], [ -122.314852, 37.919083 ], [ -122.32069, 37.919237 ], [ -122.320698, 37.927298 ], [ -122.323166, 37.930887 ] ] ] } },
{ "type": "Feature", "properties": { "zip": "94531" }, "geometry": { "type": "Polygon", "coordinates": [ [ [ -121.823125, 37.959852 ], [ -121.821779, 37.962812 ], [ -121.822413, 37.965345 ], [ -121.812794, 37.965463 ], [ -121.808229, 37.967469 ], [ -121.805461, 37.967575 ], [ -121.804904, 37.973614 ], [ -121.803151, 37.976209 ], [ -121.804417, 37.977392 ], [ -121.803564, 37.97809 ], [ -121.796528, 37.971439 ], [ -121.785912, 37.96806 ], [ -121.785015, 37.969564 ], [ -121.78223, 37.971208 ], [ -121.785966, 37.975915 ], [ -121.786415, 37.977827 ], [ -121.783828, 37.982424 ], [ -121.785389, 37.984801 ], [ -121.78569, 37.987313 ], [ -121.787576, 37.987314 ], [ -121.787582, 37.990351 ], [ -121.784592, 37.990162 ], [ -121.783901, 37.992936 ], [ -121.785342, 37.996119 ], [ -121.771461, 37.993698 ], [ -121.761773, 37.990312 ], [ -121.755099, 37.9899 ], [ -121.751845, 37.988464 ], [ -121.741461, 37.974633 ], [ -121.739406, 37.971348 ], [ -121.739002, 37.968767 ], [ -121.739875, 37.965784 ], [ -121.743223, 37.961689 ], [ -121.750796, 37.961761 ], [ -121.751019, 37.932567 ], [ -121.755486, 37.932538 ], [ -121.755528, 37.925283 ], [ -121.778112, 37.925269 ], [ -121.778617, 37.920848 ], [ -121.784956, 37.921903 ], [ -121.804692, 37.929938 ], [ -121.804693, 37.932402 ], [ -121.812736, 37.932402 ], [ -121.822059, 37.935528 ], [ -121.822168, 37.937495 ], [ -121.824037, 37.938897 ], [ -121.802495, 37.939538 ], [ -121.806602, 37.945743 ], [ -121.805423, 37.947406 ], [ -121.805286, 37.950589 ], [ -121.804225, 37.951962 ], [ -121.802997, 37.95219 ], [ -121.8037, 37.953418 ], [ -121.805389, 37.953874 ], [ -121.822347, 37.953755 ], [ -121.824053, 37.95459 ], [ -121.823125, 37.959852 ] ] ] } },
{ "type": "Feature", "properties": { "zip": "94533" }, "geometry": { "type": "Polygon", "coordinates": [ [ [ -122.086594, 38.242292 ], [ -122.069522, 38.249783 ], [ -122.034381, 38.291608 ], [ -122.033416, 38.30889 ], [ -122.032376, 38.31418 ], [ -122.023883, 38.325081 ], [ -122.02265, 38.324317 ], [ -122.010089, 38.324219 ], [ -122.010931, 38.315772 ], [ -121.999027, 38.315749 ], [ -121.997567, 38.314814 ], [ -121.997297, 38.312725 ], [ -121.995065, 38.311691 ], [ -121.993168, 38.311884 ], [ -121.988805, 38.314363 ], [ -121.985419, 38.312875 ], [ -121.979213, 38.313674 ], [ -121.976706, 38.315692 ], [ -121.965053, 38.315736 ], [ -121.961703, 38.314558 ], [ -121.95397, 38.309115 ], [ -121.951397, 38.308836 ], [ -121.951508, 38.305831 ], [ -121.950497, 38.304897 ], [ -121.94745, 38.304631 ], [ -121.947219, 38.301475 ], [ -121.933753, 38.3013 ], [ -121.932995, 38.286723 ], [ -121.950882, 38.28676 ], [ -121.951152, 38.282277 ], [ -121.952344, 38.282292 ], [ -121.952329, 38.283017 ], [ -121.958929, 38.282988 ], [ -121.960508, 38.279373 ], [ -121.960603, 38.272366 ], [ -121.959718, 38.274085 ], [ -121.951217, 38.273878 ], [ -121.951264, 38.271803 ], [ -121.958996, 38.271812 ], [ -121.959452, 38.267773 ], [ -121.960699, 38.267947 ], [ -121.961256, 38.271569 ], [ -121.966747, 38.271236 ], [ -121.9668, 38.268086 ], [ -121.96496, 38.266844 ], [ -121.988056, 38.268716 ], [ -121.988231, 38.253011 ], [ -122.006099, 38.253329 ], [ -122.007342, 38.263854 ], [ -122.01803, 38.258104 ], [ -122.019983, 38.258069 ], [ -122.019958, 38.256915 ], [ -122.037981, 38.246745 ], [ -122.041153, 38.243788 ], [ -122.045672, 38.235853 ], [ -122.053683, 38.235977 ], [ -122.064, 38.230956 ], [ -122.071158, 38.2291 ], [ -122.071066, 38.23274 ], [ -122.066648, 38.235007 ], [ -122.070219, 38.234998 ], [ -122.071231, 38.236778 ], [ -122.079014, 38.234186 ], [ -122.079019, 38.236778 ], [ -122.071093, 38.238649 ], [ -122.0711, 38.240093 ], [ -122.084117, 38.239667 ], [ -122.084418, 38.240802 ], [ -122.086594, 38.242292 ] ] ] } },
{ "type": "Feature", "properties": { "zip": "94538" }, "geometry": { "type": "Polygon", "coordinates": [ [ [ -122.002543, 37.532526 ], [ -122.001502, 37.533737 ], [ -122.002099, 37.535459 ], [ -122.000496, 37.537377 ], [ -121.998519, 37.536371 ], [ -121.997893, 37.53711 ], [ -121.998621, 37.537491 ], [ -121.989018, 37.548886 ], [ -121.987804, 37.549426 ], [ -121.988474, 37.550573 ], [ -121.987352, 37.549996 ], [ -121.98219, 37.556357 ], [ -121.983304, 37.556947 ], [ -121.982132, 37.559557 ], [ -121.981113, 37.559046 ], [ -121.978724, 37.560605 ], [ -121.980336, 37.561347 ], [ -121.980413, 37.564134 ], [ -121.978542, 37.564091 ], [ -121.978487, 37.56064 ], [ -121.98152, 37.556859 ], [ -121.976036, 37.554114 ], [ -121.972862, 37.558069 ], [ -121.96796, 37.561234 ], [ -121.966335, 37.559605 ], [ -121.962258, 37.561965 ], [ -121.960866, 37.56144 ], [ -121.961138, 37.558479 ], [ -121.963692, 37.558721 ], [ -121.964263, 37.558145 ], [ -121.961839, 37.557446 ], [ -121.958779, 37.559523 ], [ -121.956865, 37.547167 ], [ -121.95441, 37.538298 ], [ -121.953627, 37.529225 ], [ -121.945316, 37.512779 ], [ -121.942755, 37.513833 ], [ -121.945249, 37.512679 ], [ -121.9411, 37.504626 ], [ -121.943196, 37.50401 ], [ -121.941044, 37.504517 ], [ -121.930869, 37.485857 ], [ -121.919241, 37.462177 ], [ -121.917289, 37.462791 ], [ -121.917097, 37.458473 ], [ -121.925041, 37.454186 ], [ -121.9279, 37.455352 ], [ -121.927561, 37.456925 ], [ -121.928444, 37.457394 ], [ -121.932069, 37.455277 ], [ -121.932656, 37.456919 ], [ -121.931128, 37.45739 ], [ -121.931471, 37.460911 ], [ -121.934116, 37.460331 ], [ -121.935137, 37.46084 ], [ -121.934987, 37.462464 ], [ -121.936025, 37.462929 ], [ -121.938903, 37.462394 ], [ -121.941085, 37.464948 ], [ -121.943779, 37.465457 ], [ -121.944914, 37.469163 ], [ -121.947087, 37.467424 ], [ -121.946174, 37.463946 ], [ -121.948126, 37.461845 ], [ -121.951921, 37.461461 ], [ -121.959313, 37.463515 ], [ -121.966602, 37.463117 ], [ -121.967553, 37.464018 ], [ -121.966969, 37.467611 ], [ -121.958042, 37.470567 ], [ -121.967487, 37.467897 ], [ -121.973968, 37.469918 ], [ -121.973382, 37.477522 ], [ -121.97388, 37.480187 ], [ -121.975968, 37.482999 ], [ -121.997852, 37.504245 ], [ -121.994816, 37.513828 ], [ -121.987767, 37.522432 ], [ -122.00236, 37.529774 ], [ -122.001627, 37.53175 ], [ -122.002543, 37.532526 ] ], [ [ -121.969598, 37.558784 ], [ -121.968438, 37.55942 ], [ -121.969, 37.560121 ], [ -121.970096, 37.559516 ], [ -121.969598, 37.558784 ] ] ] } },
{ "type": "Feature", "properties": { "zip": "94590" }, "geometry": { "type": "Polygon", "coordinates": [ [ [ -122.279967, 38.080941 ], [ -122.273511, 38.084442 ], [ -122.272772, 38.085711 ], [ -122.274008, 38.087071 ], [ -122.272033, 38.088172 ], [ -122.271708, 38.086278 ], [ -122.268074, 38.081428 ], [ -122.267818, 38.080215 ], [ -122.269319, 38.079431 ], [ -122.265675, 38.075433 ], [ -122.262383, 38.075564 ], [ -122.257844, 38.073331 ], [ -122.253435, 38.073701 ], [ -122.251217, 38.069431 ], [ -122.251764, 38.071755 ], [ -122.248065, 38.076636 ], [ -122.247071, 38.075768 ], [ -122.253825, 38.08481 ], [ -122.255791, 38.085459 ], [ -122.255894, 38.087239 ], [ -122.258216, 38.086466 ], [ -122.261023, 38.089131 ], [ -122.258798, 38.090224 ], [ -122.261138, 38.092443 ], [ -122.259208, 38.093703 ], [ -122.274225, 38.111088 ], [ -122.271915, 38.11196 ], [ -122.27248, 38.113544 ], [ -122.271058, 38.113542 ], [ -122.276156, 38.120738 ], [ -122.275928, 38.122047 ], [ -122.27205, 38.12375 ], [ -122.26319, 38.131253 ], [ -122.261116, 38.130648 ], [ -122.25606, 38.13175 ], [ -122.255347, 38.125995 ], [ -122.253408, 38.12617 ], [ -122.253496, 38.127466 ], [ -122.249253, 38.12815 ], [ -122.247973, 38.122618 ], [ -122.244153, 38.123278 ], [ -122.237094, 38.122225 ], [ -122.229825, 38.12315 ], [ -122.229792, 38.094783 ], [ -122.232831, 38.085231 ], [ -122.2332, 38.080764 ], [ -122.231858, 38.076397 ], [ -122.225833, 38.067489 ], [ -122.225178, 38.061006 ], [ -122.244106, 38.063795 ], [ -122.265347, 38.059918 ], [ -122.267978, 38.060221 ], [ -122.270979, 38.067529 ], [ -122.268961, 38.067461 ], [ -122.268451, 38.070818 ], [ -122.269361, 38.072609 ], [ -122.272264, 38.076269 ], [ -122.275862, 38.079193 ], [ -122.279967, 38.080941 ] ] ] } },
{ "type": "Feature", "properties": { "zip": "94542" }, "geometry": { "type": "Polygon", "coordinates": [ [ [ -122.078024, 37.665503 ], [ -122.072776, 37.667381 ], [ -122.066387, 37.666719 ], [ -122.062918, 37.665219 ], [ -122.059234, 37.666381 ], [ -122.056297, 37.665778 ], [ -122.052904, 37.666933 ], [ -122.046318, 37.664758 ], [ -122.040866, 37.665321 ], [ -122.040384, 37.671794 ], [ -122.042164, 37.671789 ], [ -122.042895, 37.673586 ], [ -122.050103, 37.671393 ], [ -122.054587, 37.673672 ], [ -122.05233, 37.674004 ], [ -122.049032, 37.677089 ], [ -122.041348, 37.680986 ], [ -122.040785, 37.679371 ], [ -122.031598, 37.678855 ], [ -122.029409, 37.676868 ], [ -122.029861, 37.675797 ], [ -122.032091, 37.675264 ], [ -122.031259, 37.674624 ], [ -122.029245, 37.674821 ], [ -122.028959, 37.676895 ], [ -122.03148, 37.678874 ], [ -122.028126, 37.679188 ], [ -122.022791, 37.672482 ], [ -122.020422, 37.674275 ], [ -122.01342, 37.67473 ], [ -122.005799, 37.673021 ], [ -122.00993, 37.666354 ], [ -122.003866, 37.662754 ], [ -122.000875, 37.662229 ], [ -122.000777, 37.658519 ], [ -121.99673, 37.658592 ], [ -121.996164, 37.650477 ], [ -121.986616, 37.650702 ], [ -121.986594, 37.634155 ], [ -121.990386, 37.633408 ], [ -121.991341, 37.630825 ], [ -121.996149, 37.631511 ], [ -121.998892, 37.630418 ], [ -121.999106, 37.629031 ], [ -122.002287, 37.627205 ], [ -122.006593, 37.627058 ], [ -122.014024, 37.631686 ], [ -122.011089, 37.633652 ], [ -122.015349, 37.63426 ], [ -122.019848, 37.637076 ], [ -122.018796, 37.639727 ], [ -122.016201, 37.642611 ], [ -122.019566, 37.646311 ], [ -122.022542, 37.647513 ], [ -122.02832, 37.647836 ], [ -122.031025, 37.645603 ], [ -122.035972, 37.645532 ], [ -122.044828, 37.647373 ], [ -122.049562, 37.646505 ], [ -122.055455, 37.650687 ], [ -122.059751, 37.649642 ], [ -122.062241, 37.649918 ], [ -122.064598, 37.648266 ], [ -122.071305, 37.65817 ], [ -122.071998, 37.657804 ], [ -122.078024, 37.665503 ] ] ] } },
{ "type": "Feature", "properties": { "zip": "94592" }, "geometry": { "type": "Polygon", "coordinates": [ [ [ -122.403475, 38.155465 ], [ -122.398999, 38.154288 ], [ -122.386428, 38.151646 ], [ -122.38069, 38.149171 ], [ -122.384307, 38.151151 ], [ -122.395409, 38.15376 ], [ -122.395436, 38.155573 ], [ -122.376244, 38.15575 ], [ -122.368424, 38.153355 ], [ -122.368307, 38.154541 ], [ -122.370916, 38.155684 ], [ -122.366914, 38.155617 ], [ -122.367173, 38.153201 ], [ -122.366113, 38.152273 ], [ -122.363825, 38.152769 ], [ -122.361995, 38.15564 ], [ -122.351009, 38.155593 ], [ -122.342786, 38.154506 ], [ -122.339835, 38.155422 ], [ -122.335525, 38.155418 ], [ -122.337539, 38.152387 ], [ -122.33703, 38.149536 ], [ -122.335555, 38.149228 ], [ -122.334219, 38.147624 ], [ -122.333696, 38.145158 ], [ -122.330913, 38.142818 ], [ -122.328429, 38.138533 ], [ -122.327997, 38.135473 ], [ -122.323141, 38.135484 ], [ -122.321201, 38.13671 ], [ -122.319852, 38.139078 ], [ -122.317577, 38.138891 ], [ -122.315344, 38.136556 ], [ -122.310155, 38.135303 ], [ -122.30779, 38.132485 ], [ -122.307268, 38.130051 ], [ -122.305398, 38.128331 ], [ -122.299563, 38.127314 ], [ -122.300556, 38.124765 ], [ -122.298261, 38.123326 ], [ -122.291377, 38.121407 ], [ -122.284895, 38.121114 ], [ -122.28347, 38.119834 ], [ -122.284386, 38.119392 ], [ -122.282831, 38.118543 ], [ -122.279781, 38.112729 ], [ -122.277835, 38.110515 ], [ -122.277973, 38.111537 ], [ -122.265953, 38.097363 ], [ -122.268414, 38.097661 ], [ -122.264939, 38.096286 ], [ -122.26685, 38.09626 ], [ -122.263737, 38.094638 ], [ -122.264273, 38.093627 ], [ -122.26307, 38.094313 ], [ -122.258798, 38.090224 ], [ -122.261023, 38.089131 ], [ -122.258216, 38.086466 ], [ -122.255894, 38.087239 ], [ -122.255791, 38.085459 ], [ -122.253825, 38.08481 ], [ -122.247071, 38.075768 ], [ -122.248065, 38.076636 ], [ -122.251764, 38.071755 ], [ -122.251217, 38.069431 ], [ -122.253435, 38.073701 ], [ -122.257844, 38.073331 ], [ -122.262383, 38.075564 ], [ -122.265675, 38.075433 ], [ -122.269319, 38.079431 ], [ -122.267818, 38.080215 ], [ -122.268074, 38.081428 ], [ -122.271708, 38.086278 ], [ -122.272033, 38.088172 ], [ -122.274008, 38.087071 ], [ -122.272772, 38.085711 ], [ -122.273511, 38.084442 ], [ -122.279967, 38.080941 ], [ -122.281692, 38.083909 ], [ -122.287591, 38.089954 ], [ -122.296959, 38.102092 ], [ -122.301467, 38.105532 ], [ -122.294274, 38.112179 ], [ -122.290264, 38.114612 ], [ -122.288384, 38.11692 ], [ -122.288914, 38.117425 ], [ -122.302264, 38.117697 ], [ -122.305167, 38.118397 ], [ -122.338553, 38.132683 ], [ -122.375233, 38.145994 ], [ -122.386353, 38.151364 ], [ -122.399064, 38.154147 ], [ -122.403475, 38.155465 ] ] ] } },
{ "type": "Feature", "properties": { "zip": "94596" }, "geometry": { "type": "Polygon", "coordinates": [ [ [ -122.070878, 37.898116 ], [ -122.069401, 37.905327 ], [ -122.066246, 37.914628 ], [ -122.064084, 37.917261 ], [ -122.06277, 37.917247 ], [ -122.063712, 37.911771 ], [ -122.060085, 37.911647 ], [ -122.059491, 37.915303 ], [ -122.058018, 37.915312 ], [ -122.058003, 37.917106 ], [ -122.056315, 37.917154 ], [ -122.058365, 37.910546 ], [ -122.057811, 37.907083 ], [ -122.05489, 37.908127 ], [ -122.054467, 37.907261 ], [ -122.052077, 37.908064 ], [ -122.050039, 37.902256 ], [ -122.050624, 37.901174 ], [ -122.049363, 37.89955 ], [ -122.035943, 37.899649 ], [ -122.032563, 37.894789 ], [ -122.032311, 37.897043 ], [ -122.030314, 37.899331 ], [ -122.030302, 37.900765 ], [ -122.033351, 37.902011 ], [ -122.033373, 37.903424 ], [ -122.029572, 37.902424 ], [ -122.025594, 37.900593 ], [ -122.025053, 37.899611 ], [ -122.019223, 37.898312 ], [ -122.002432, 37.891505 ], [ -121.999808, 37.884335 ], [ -122.014885, 37.880532 ], [ -122.010286, 37.871866 ], [ -122.020034, 37.87352 ], [ -122.020163, 37.866467 ], [ -122.023239, 37.866409 ], [ -122.023171, 37.871952 ], [ -122.026051, 37.873402 ], [ -122.026151, 37.866488 ], [ -122.028605, 37.865835 ], [ -122.028934, 37.867898 ], [ -122.035453, 37.867838 ], [ -122.037029, 37.865707 ], [ -122.03879, 37.868722 ], [ -122.040902, 37.869666 ], [ -122.057801, 37.889372 ], [ -122.06972, 37.895386 ], [ -122.070878, 37.898116 ] ] ] } },
{ "type": "Feature", "properties": { "zip": "94597" }, "geometry": { "type": "Polygon", "coordinates": [ [ [ -122.100011, 37.917398 ], [ -122.091772, 37.917303 ], [ -122.092546, 37.920332 ], [ -122.094706, 37.919331 ], [ -122.096498, 37.92075 ], [ -122.09589, 37.921883 ], [ -122.093255, 37.922492 ], [ -122.092452, 37.920827 ], [ -122.091041, 37.920739 ], [ -122.089522, 37.921425 ], [ -122.089469, 37.924944 ], [ -122.086334, 37.926034 ], [ -122.073508, 37.926336 ], [ -122.0735, 37.933345 ], [ -122.060084, 37.931695 ], [ -122.060052, 37.933319 ], [ -122.054052, 37.931976 ], [ -122.054441, 37.933223 ], [ -122.053673, 37.933223 ], [ -122.053436, 37.93477 ], [ -122.056837, 37.934716 ], [ -122.056875, 37.936674 ], [ -122.058973, 37.936661 ], [ -122.059654, 37.938538 ], [ -122.056162, 37.93852 ], [ -122.054533, 37.93946 ], [ -122.055022, 37.936694 ], [ -122.053017, 37.936689 ], [ -122.052966, 37.940474 ], [ -122.051798, 37.940424 ], [ -122.052287, 37.937585 ], [ -122.050681, 37.938003 ], [ -122.04688, 37.934066 ], [ -122.047642, 37.933669 ], [ -122.04766, 37.929015 ], [ -122.049527, 37.928904 ], [ -122.051115, 37.927178 ], [ -122.051037, 37.926458 ], [ -122.048898, 37.92604 ], [ -122.05055, 37.920881 ], [ -122.053865, 37.919805 ], [ -122.054537, 37.917572 ], [ -122.052086, 37.917557 ], [ -122.051977, 37.915414 ], [ -122.053352, 37.911793 ], [ -122.052272, 37.908999 ], [ -122.057811, 37.907083 ], [ -122.058365, 37.910546 ], [ -122.056315, 37.917154 ], [ -122.058003, 37.917106 ], [ -122.058018, 37.915312 ], [ -122.059491, 37.915303 ], [ -122.060085, 37.911647 ], [ -122.063712, 37.911771 ], [ -122.06277, 37.917247 ], [ -122.064084, 37.917261 ], [ -122.066246, 37.914628 ], [ -122.069401, 37.905327 ], [ -122.070653, 37.896559 ], [ -122.075539, 37.895833 ], [ -122.084719, 37.897785 ], [ -122.092782, 37.897634 ], [ -122.092274, 37.902624 ], [ -122.090701, 37.899782 ], [ -122.08529, 37.89869 ], [ -122.086021, 37.899081 ], [ -122.083874, 37.900566 ], [ -122.083957, 37.904174 ], [ -122.08066, 37.904747 ], [ -122.080635, 37.906406 ], [ -122.084711, 37.908118 ], [ -122.08657, 37.910595 ], [ -122.099055, 37.910208 ], [ -122.098415, 37.912372 ], [ -122.100011, 37.917398 ] ] ] } },
{ "type": "Feature", "properties": { "zip": "94546" }, "geometry": { "type": "Polygon", "coordinates": [ [ [ -122.136629, 37.79684 ], [ -122.132816, 37.793981 ], [ -122.12785, 37.788078 ], [ -122.127664, 37.786424 ], [ -122.124202, 37.783569 ], [ -122.122822, 37.781284 ], [ -122.116333, 37.776507 ], [ -122.114845, 37.776711 ], [ -122.11468, 37.778766 ], [ -122.117354, 37.78194 ], [ -122.120287, 37.788026 ], [ -122.123009, 37.790014 ], [ -122.12358, 37.794178 ], [ -122.129789, 37.796573 ], [ -122.135257, 37.804482 ], [ -122.113812, 37.802729 ], [ -122.115255, 37.799989 ], [ -122.116681, 37.799187 ], [ -122.119135, 37.794109 ], [ -122.12099, 37.792982 ], [ -122.121079, 37.791471 ], [ -122.118523, 37.789472 ], [ -122.116885, 37.784688 ], [ -122.115472, 37.782903 ], [ -122.112643, 37.787074 ], [ -122.107888, 37.788674 ], [ -122.106061, 37.788631 ], [ -122.103436, 37.787138 ], [ -122.102036, 37.784836 ], [ -122.098921, 37.784271 ], [ -122.096401, 37.784937 ], [ -122.096381, 37.785942 ], [ -122.094264, 37.788398 ], [ -122.093124, 37.788493 ], [ -122.094009, 37.783709 ], [ -122.096566, 37.782359 ], [ -122.092999, 37.781748 ], [ -122.092234, 37.780208 ], [ -122.093224, 37.776759 ], [ -122.089477, 37.772228 ], [ -122.090803, 37.77121 ], [ -122.094072, 37.764331 ], [ -122.092053, 37.764971 ], [ -122.090634, 37.76289 ], [ -122.088764, 37.756321 ], [ -122.080258, 37.749349 ], [ -122.077715, 37.748209 ], [ -122.07747, 37.749757 ], [ -122.079716, 37.749631 ], [ -122.081766, 37.75576 ], [ -122.08046, 37.757266 ], [ -122.081436, 37.758508 ], [ -122.081241, 37.759586 ], [ -122.080766, 37.759021 ], [ -122.078605, 37.761404 ], [ -122.076136, 37.762653 ], [ -122.068406, 37.762086 ], [ -122.06921, 37.759805 ], [ -122.0683, 37.758847 ], [ -122.068917, 37.757067 ], [ -122.070651, 37.756754 ], [ -122.067748, 37.756175 ], [ -122.063096, 37.75119 ], [ -122.062559, 37.749969 ], [ -122.063595, 37.749157 ], [ -122.062206, 37.748429 ], [ -122.059932, 37.738777 ], [ -122.061692, 37.729551 ], [ -122.064177, 37.723471 ], [ -122.062638, 37.723177 ], [ -122.063082, 37.720916 ], [ -122.063994, 37.720364 ], [ -122.062753, 37.719669 ], [ -122.063261, 37.717941 ], [ -122.058578, 37.718458 ], [ -122.059934, 37.714704 ], [ -122.058379, 37.714404 ], [ -122.059321, 37.712298 ], [ -122.057787, 37.711197 ], [ -122.055943, 37.711437 ], [ -122.055849, 37.706517 ], [ -122.056555, 37.704171 ], [ -122.055401, 37.703784 ], [ -122.055822, 37.703094 ], [ -122.054474, 37.701567 ], [ -122.055276, 37.699029 ], [ -122.056555, 37.6981 ], [ -122.057033, 37.695062 ], [ -122.058284, 37.695727 ], [ -122.060137, 37.693204 ], [ -122.062334, 37.692601 ], [ -122.06244, 37.691612 ], [ -122.058796, 37.692063 ], [ -122.062164, 37.685893 ], [ -122.065115, 37.685553 ], [ -122.066592, 37.684018 ], [ -122.068282, 37.684915 ], [ -122.068918, 37.683734 ], [ -122.070383, 37.684168 ], [ -122.070923, 37.68353 ], [ -122.070245, 37.681371 ], [ -122.072011, 37.680988 ], [ -122.073225, 37.681981 ], [ -122.07558, 37.679256 ], [ -122.076913, 37.678923 ], [ -122.077051, 37.679626 ], [ -122.079934, 37.680755 ], [ -122.080179, 37.681735 ], [ -122.083759, 37.681499 ], [ -122.088948, 37.684187 ], [ -122.090246, 37.683647 ], [ -122.096288, 37.68804 ], [ -122.094008, 37.690053 ], [ -122.099159, 37.690621 ], [ -122.10442, 37.69545 ], [ -122.102224, 37.693905 ], [ -122.098528, 37.696856 ], [ -122.098965, 37.697659 ], [ -122.095885, 37.699542 ], [ -122.098831, 37.702412 ], [ -122.101847, 37.702661 ], [ -122.103433, 37.701385 ], [ -122.105076, 37.704703 ], [ -122.103841, 37.70568 ], [ -122.106161, 37.707963 ], [ -122.108485, 37.708145 ], [ -122.108355, 37.709833 ], [ -122.11034, 37.712883 ], [ -122.104695, 37.714756 ], [ -122.105253, 37.715747 ], [ -122.10974, 37.719827 ], [ -122.110039, 37.721676 ], [ -122.112922, 37.722574 ], [ -122.113765, 37.724205 ], [ -122.117056, 37.726381 ], [ -122.119313, 37.729046 ], [ -122.120888, 37.728256 ], [ -122.122168, 37.729386 ], [ -122.121082, 37.731899 ], [ -122.115091, 37.735279 ], [ -122.115503, 37.748871 ], [ -122.118553, 37.753796 ], [ -122.116722, 37.756872 ], [ -122.116979, 37.760662 ], [ -122.12691, 37.777529 ], [ -122.124638, 37.77753 ], [ -122.123898, 37.778647 ], [ -122.124443, 37.779832 ], [ -122.126031, 37.782289 ], [ -122.127124, 37.782688 ], [ -122.129008, 37.787055 ], [ -122.133947, 37.794211 ], [ -122.136143, 37.796418 ], [ -122.139289, 37.79722 ], [ -122.136629, 37.79684 ] ] ] } },
{ "type": "Feature", "properties": { "zip": "94598" }, "geometry": { "type": "Polygon", "coordinates": [ [ [ -122.05489, 37.908127 ], [ -122.052272, 37.908999 ], [ -122.053352, 37.911793 ], [ -122.051977, 37.915414 ], [ -122.052086, 37.917557 ], [ -122.054537, 37.917572 ], [ -122.053865, 37.919805 ], [ -122.05055, 37.920881 ], [ -122.048898, 37.92604 ], [ -122.051037, 37.926458 ], [ -122.051115, 37.927178 ], [ -122.049527, 37.928904 ], [ -122.04766, 37.929015 ], [ -122.047642, 37.933669 ], [ -122.03587, 37.939393 ], [ -122.033204, 37.936416 ], [ -122.034894, 37.935548 ], [ -122.033704, 37.934196 ], [ -122.035129, 37.93347 ], [ -122.033783, 37.931996 ], [ -122.02902, 37.934446 ], [ -122.026307, 37.931471 ], [ -122.019076, 37.935596 ], [ -122.017453, 37.935607 ], [ -122.010304, 37.940471 ], [ -122.007711, 37.939532 ], [ -122.008044, 37.937891 ], [ -122.005658, 37.936359 ], [ -122.004472, 37.934451 ], [ -122.003885, 37.930713 ], [ -122.001003, 37.934536 ], [ -121.997702, 37.937208 ], [ -121.9969, 37.942687 ], [ -121.985312, 37.934343 ], [ -121.986108, 37.933209 ], [ -121.983674, 37.929776 ], [ -121.985123, 37.927756 ], [ -121.984266, 37.925842 ], [ -121.980606, 37.92386 ], [ -121.978288, 37.919799 ], [ -121.978928, 37.917645 ], [ -121.977157, 37.916105 ], [ -121.989461, 37.899781 ], [ -121.990644, 37.899584 ], [ -121.988169, 37.898121 ], [ -121.988822, 37.897177 ], [ -121.98799, 37.894688 ], [ -121.981789, 37.889901 ], [ -121.977707, 37.885273 ], [ -121.962901, 37.888208 ], [ -121.940737, 37.88815 ], [ -121.940892, 37.881437 ], [ -121.914055, 37.881945 ], [ -121.914384, 37.862149 ], [ -121.910987, 37.858341 ], [ -121.911001, 37.846086 ], [ -121.893393, 37.846089 ], [ -121.895966, 37.83823 ], [ -121.921069, 37.843025 ], [ -121.92776, 37.84606 ], [ -121.933868, 37.850391 ], [ -121.933485, 37.85235 ], [ -121.936994, 37.854351 ], [ -121.945283, 37.855333 ], [ -121.949975, 37.855181 ], [ -121.950836, 37.854199 ], [ -121.954552, 37.855776 ], [ -121.955309, 37.855169 ], [ -121.956474, 37.857918 ], [ -121.963959, 37.860573 ], [ -121.965841, 37.860593 ], [ -121.966665, 37.859786 ], [ -121.969296, 37.862425 ], [ -121.989091, 37.861807 ], [ -121.989908, 37.86837 ], [ -121.998343, 37.869831 ], [ -121.997127, 37.872329 ], [ -122.001811, 37.873722 ], [ -122.000489, 37.876985 ], [ -122.003474, 37.877761 ], [ -122.00642, 37.879785 ], [ -122.009892, 37.877893 ], [ -122.011716, 37.87456 ], [ -122.014885, 37.880532 ], [ -121.999808, 37.884335 ], [ -122.002432, 37.891505 ], [ -122.019223, 37.898312 ], [ -122.025053, 37.899611 ], [ -122.025594, 37.900593 ], [ -122.029572, 37.902424 ], [ -122.033373, 37.903424 ], [ -122.033351, 37.902011 ], [ -122.030302, 37.900765 ], [ -122.030314, 37.899331 ], [ -122.032311, 37.897043 ], [ -122.032563, 37.894789 ], [ -122.035943, 37.899649 ], [ -122.049363, 37.89955 ], [ -122.050624, 37.901174 ], [ -122.050039, 37.902256 ], [ -122.052077, 37.908064 ], [ -122.054467, 37.907261 ], [ -122.05489, 37.908127 ] ] ] } },
{ "type": "Feature", "properties": { "zip": "94602" }, "geometry": { "type": "Polygon", "coordinates": [ [ [ -122.234679, 37.799827 ], [ -122.2285, 37.804649 ], [ -122.229539, 37.805493 ], [ -122.225674, 37.807743 ], [ -122.223279, 37.807903 ], [ -122.224493, 37.809546 ], [ -122.222627, 37.810175 ], [ -122.219885, 37.813333 ], [ -122.215174, 37.812276 ], [ -122.212469, 37.816722 ], [ -122.207708, 37.821044 ], [ -122.197791, 37.810589 ], [ -122.197274, 37.81093 ], [ -122.200821, 37.814021 ], [ -122.199031, 37.815205 ], [ -122.19389, 37.813739 ], [ -122.189342, 37.814523 ], [ -122.185427, 37.819405 ], [ -122.184384, 37.818694 ], [ -122.184366, 37.819438 ], [ -122.180596, 37.817542 ], [ -122.180128, 37.816054 ], [ -122.175869, 37.813286 ], [ -122.174849, 37.809547 ], [ -122.178521, 37.805345 ], [ -122.181155, 37.804386 ], [ -122.180999, 37.801376 ], [ -122.182166, 37.800968 ], [ -122.187169, 37.804433 ], [ -122.189154, 37.80467 ], [ -122.190181, 37.803765 ], [ -122.184997, 37.798402 ], [ -122.195038, 37.808233 ], [ -122.190102, 37.801415 ], [ -122.189985, 37.798906 ], [ -122.191753, 37.798872 ], [ -122.195708, 37.796954 ], [ -122.202629, 37.792691 ], [ -122.204275, 37.793281 ], [ -122.203203, 37.792197 ], [ -122.210131, 37.788651 ], [ -122.218948, 37.79328 ], [ -122.2208, 37.793167 ], [ -122.220531, 37.794333 ], [ -122.222953, 37.794951 ], [ -122.220839, 37.797256 ], [ -122.221036, 37.799164 ], [ -122.224262, 37.799825 ], [ -122.225773, 37.796435 ], [ -122.229607, 37.798319 ], [ -122.233174, 37.796691 ], [ -122.233419, 37.799648 ], [ -122.234679, 37.799827 ] ] ] } },
{ "type": "Feature", "properties": { "zip": "94603" }, "geometry": { "type": "Polygon", "coordinates": [ [ [ -122.199785, 37.72706 ], [ -122.192645, 37.730015 ], [ -122.196169, 37.730547 ], [ -122.198652, 37.732356 ], [ -122.198154, 37.733445 ], [ -122.195507, 37.733262 ], [ -122.193693, 37.736023 ], [ -122.192379, 37.735815 ], [ -122.196518, 37.740552 ], [ -122.196191, 37.744699 ], [ -122.195282, 37.744032 ], [ -122.195553, 37.741688 ], [ -122.193846, 37.739343 ], [ -122.192932, 37.738937 ], [ -122.190884, 37.745496 ], [ -122.181786, 37.73765 ], [ -122.185813, 37.741504 ], [ -122.184712, 37.743306 ], [ -122.181882, 37.744677 ], [ -122.183047, 37.746126 ], [ -122.174621, 37.74982 ], [ -122.174969, 37.750546 ], [ -122.17103, 37.751185 ], [ -122.165238, 37.753858 ], [ -122.163768, 37.755382 ], [ -122.161409, 37.755639 ], [ -122.159831, 37.751335 ], [ -122.156567, 37.745757 ], [ -122.155713, 37.745588 ], [ -122.156017, 37.745042 ], [ -122.153625, 37.744069 ], [ -122.151734, 37.741478 ], [ -122.150668, 37.741772 ], [ -122.148725, 37.740859 ], [ -122.16416, 37.73594 ], [ -122.165472, 37.737689 ], [ -122.171556, 37.734996 ], [ -122.170097, 37.732056 ], [ -122.17404, 37.73119 ], [ -122.170401, 37.727756 ], [ -122.174341, 37.72665 ], [ -122.175802, 37.725231 ], [ -122.183312, 37.725566 ], [ -122.190299, 37.728858 ], [ -122.191927, 37.727288 ], [ -122.196137, 37.726007 ], [ -122.198055, 37.726227 ], [ -122.197746, 37.725171 ], [ -122.199785, 37.72706 ] ] ] } },
{ "type": "Feature", "properties": { "zip": "94606" }, "geometry": { "type": "Polygon", "coordinates": [ [ [ -122.262963, 37.791175 ], [ -122.259577, 37.79632 ], [ -122.259554, 37.798301 ], [ -122.257805, 37.799704 ], [ -122.254505, 37.800561 ], [ -122.253447, 37.803608 ], [ -122.250597, 37.805237 ], [ -122.249578, 37.807558 ], [ -122.248905, 37.807327 ], [ -122.25006, 37.805056 ], [ -122.249318, 37.804823 ], [ -122.246689, 37.806595 ], [ -122.240874, 37.804744 ], [ -122.239791, 37.802621 ], [ -122.23556, 37.798995 ], [ -122.234679, 37.799827 ], [ -122.233419, 37.799648 ], [ -122.233174, 37.796691 ], [ -122.229607, 37.798319 ], [ -122.225773, 37.796435 ], [ -122.224262, 37.799825 ], [ -122.221036, 37.799164 ], [ -122.220839, 37.797256 ], [ -122.222953, 37.794951 ], [ -122.225922, 37.794522 ], [ -122.228259, 37.790764 ], [ -122.230914, 37.789441 ], [ -122.231562, 37.786848 ], [ -122.235952, 37.783356 ], [ -122.236316, 37.782394 ], [ -122.234628, 37.781367 ], [ -122.23529, 37.780686 ], [ -122.237421, 37.782134 ], [ -122.236003, 37.773859 ], [ -122.235004, 37.773158 ], [ -122.236488, 37.771696 ], [ -122.243536, 37.776278 ], [ -122.244817, 37.779123 ], [ -122.245219, 37.783033 ], [ -122.246591, 37.784679 ], [ -122.251332, 37.786881 ], [ -122.253958, 37.786779 ], [ -122.260056, 37.784489 ], [ -122.268544, 37.787934 ], [ -122.262963, 37.791175 ] ] ] } },
{ "type": "Feature", "properties": { "zip": "94555" }, "geometry": { "type": "Polygon", "coordinates": [ [ [ -122.132079081171, 37.562077759924499 ], [ -122.128803, 37.566851 ], [ -122.124308, 37.569175 ], [ -122.120875, 37.569042 ], [ -122.110133, 37.565549 ], [ -122.111083, 37.561384 ], [ -122.109633, 37.560443 ], [ -122.107304, 37.56137 ], [ -122.104359, 37.563919 ], [ -122.102304, 37.562194 ], [ -122.10122, 37.562636 ], [ -122.100594, 37.564673 ], [ -122.097071, 37.564271 ], [ -122.094929, 37.562002 ], [ -122.092702, 37.563019 ], [ -122.095488, 37.565037 ], [ -122.095165, 37.566722 ], [ -122.091714, 37.567386 ], [ -122.090625, 37.566317 ], [ -122.090786, 37.564662 ], [ -122.089358, 37.564521 ], [ -122.083472, 37.568328 ], [ -122.085122, 37.56725 ], [ -122.084693, 37.566347 ], [ -122.079013, 37.566425 ], [ -122.080055, 37.564821 ], [ -122.083804, 37.565191 ], [ -122.083664, 37.562794 ], [ -122.080556, 37.56238 ], [ -122.079407, 37.561485 ], [ -122.070083, 37.563452 ], [ -122.060222, 37.573995 ], [ -122.062818, 37.584763 ], [ -122.062176, 37.585524 ], [ -122.064317, 37.586748 ], [ -122.060459, 37.591797 ], [ -122.056731, 37.59263 ], [ -122.050346, 37.583491 ], [ -122.048578, 37.585604 ], [ -122.045705, 37.587136 ], [ -122.041459, 37.588119 ], [ -122.038389, 37.587732 ], [ -122.03352, 37.586112 ], [ -122.02536, 37.578493 ], [ -122.030648, 37.572623 ], [ -122.029444, 37.572033 ], [ -122.031069, 37.570273 ], [ -122.032429, 37.570799 ], [ -122.042502, 37.558503 ], [ -122.067333, 37.540231 ], [ -122.06468, 37.534691 ], [ -122.068089, 37.524168 ], [ -122.061345, 37.523267 ], [ -122.060469, 37.521584 ], [ -122.07089, 37.519017 ], [ -122.070189, 37.517864 ], [ -122.079978, 37.514799 ], [ -122.079567, 37.516013 ], [ -122.080861, 37.516609 ], [ -122.082839, 37.514484 ], [ -122.087861, 37.513193 ], [ -122.089161, 37.513338 ], [ -122.088326, 37.516847 ], [ -122.09228, 37.518493 ], [ -122.09326, 37.520987 ], [ -122.098329, 37.522612 ], [ -122.101522, 37.521337 ], [ -122.101243, 37.518249 ], [ -122.11076, 37.509249 ], [ -122.111424603333006, 37.510201580279897 ], [ -122.111998, 37.528851 ], [ -122.119422474464997, 37.542971736546001 ], [ -122.117644, 37.544123 ], [ -122.118708, 37.545908 ], [ -122.122023261663003, 37.547918218752102 ], [ -122.128688, 37.560594 ], [ -122.132079081171, 37.562077759924499 ] ] ] } },
{ "type": "Feature", "properties": { "zip": "94560" }, "geometry": { "type": "Polygon", "coordinates": [ [ [ -122.07089, 37.519017 ], [ -122.060469, 37.521584 ], [ -122.061345, 37.523267 ], [ -122.068089, 37.524168 ], [ -122.06468, 37.534691 ], [ -122.067333, 37.540231 ], [ -122.045052, 37.556261 ], [ -122.038506, 37.563408 ], [ -122.028684, 37.554125 ], [ -122.014861, 37.536695 ], [ -121.987767, 37.522432 ], [ -121.994816, 37.513828 ], [ -121.997852, 37.504245 ], [ -121.975968, 37.482999 ], [ -121.97388, 37.480187 ], [ -121.973382, 37.477522 ], [ -121.973968, 37.469918 ], [ -121.977579, 37.471042 ], [ -121.980915, 37.470162 ], [ -121.984994, 37.46654 ], [ -121.98793, 37.465902 ], [ -121.994639, 37.469107 ], [ -121.999237, 37.469622 ], [ -122.002737, 37.472571 ], [ -122.006459, 37.473957 ], [ -122.005981, 37.476644 ], [ -122.00416, 37.478159 ], [ -122.001836, 37.478922 ], [ -121.997142, 37.478787 ], [ -122.001718, 37.479103 ], [ -122.002987, 37.478768 ], [ -122.005408, 37.477572 ], [ -122.006685, 37.475765 ], [ -122.006789, 37.47426 ], [ -122.005853, 37.472974 ], [ -122.002152, 37.471878 ], [ -122.000182, 37.46977 ], [ -122.002582, 37.468813 ], [ -122.016169, 37.467797 ], [ -122.03602, 37.469507 ], [ -122.049977852555003, 37.466361860617099 ], [ -122.053431, 37.473321 ], [ -122.052143, 37.47579 ], [ -122.052273, 37.478097 ], [ -122.054097494333007, 37.4823784371236 ], [ -122.054898714858993, 37.490510033735099 ], [ -122.052512, 37.491344 ], [ -122.039572, 37.491837 ], [ -122.035272, 37.489933 ], [ -122.033176, 37.48283 ], [ -122.028178, 37.477325 ], [ -122.025078, 37.476822 ], [ -122.025277, 37.477923 ], [ -122.027449, 37.478663 ], [ -122.030262, 37.482665 ], [ -122.029735, 37.488853 ], [ -122.032234, 37.489354 ], [ -122.035303, 37.492389 ], [ -122.038309, 37.493697 ], [ -122.041124, 37.493526 ], [ -122.050781, 37.496469 ], [ -122.050849, 37.497625 ], [ -122.057479, 37.499121 ], [ -122.054521, 37.505666 ], [ -122.054028, 37.508454 ], [ -122.055754, 37.514225 ], [ -122.060838, 37.514834 ], [ -122.06094, 37.514099 ], [ -122.064519, 37.513016 ], [ -122.067382, 37.51828 ], [ -122.070189, 37.517864 ], [ -122.07089, 37.519017 ] ] ] } },
{ "type": "Feature", "properties": { "zip": "94609" }, "geometry": { "type": "Polygon", "coordinates": [ [ [ -122.275061, 37.826059 ], [ -122.271796, 37.825226 ], [ -122.269864, 37.834693 ], [ -122.268057, 37.835531 ], [ -122.269305, 37.837105 ], [ -122.271308, 37.846002 ], [ -122.269144, 37.84674 ], [ -122.269409, 37.848107 ], [ -122.268374, 37.848768 ], [ -122.268965, 37.851616 ], [ -122.257209, 37.85295 ], [ -122.256319, 37.846106 ], [ -122.258584, 37.842397 ], [ -122.257923, 37.842606 ], [ -122.262361, 37.837314 ], [ -122.260872, 37.837124 ], [ -122.260825, 37.838016 ], [ -122.260012, 37.837011 ], [ -122.254283, 37.83546 ], [ -122.255087, 37.835058 ], [ -122.253016, 37.833557 ], [ -122.255783, 37.830098 ], [ -122.256742, 37.827628 ], [ -122.257824, 37.828103 ], [ -122.258827, 37.826368 ], [ -122.257615, 37.826232 ], [ -122.25868, 37.824515 ], [ -122.261665, 37.825198 ], [ -122.261996, 37.823012 ], [ -122.260006, 37.822421 ], [ -122.261062, 37.820701 ], [ -122.262939, 37.820763 ], [ -122.263466, 37.818797 ], [ -122.262366, 37.818614 ], [ -122.263084, 37.817449 ], [ -122.263799, 37.817566 ], [ -122.26413, 37.81627 ], [ -122.267695, 37.816856 ], [ -122.267493, 37.81824 ], [ -122.267992, 37.816261 ], [ -122.270753, 37.816756 ], [ -122.270319, 37.81793 ], [ -122.272463, 37.817625 ], [ -122.272136, 37.818879 ], [ -122.273752, 37.819135 ], [ -122.272375, 37.824804 ], [ -122.275061, 37.826059 ] ] ] } },
{ "type": "Feature", "properties": { "zip": "94610" }, "geometry": { "type": "Polygon", "coordinates": [ [ [ -122.261582, 37.812878 ], [ -122.259039, 37.815321 ], [ -122.253861, 37.818372 ], [ -122.257124, 37.821183 ], [ -122.255661, 37.822603 ], [ -122.253464, 37.819202 ], [ -122.247931, 37.820839 ], [ -122.248438, 37.821322 ], [ -122.247573, 37.821569 ], [ -122.245137, 37.819347 ], [ -122.244143, 37.822529 ], [ -122.239163, 37.823615 ], [ -122.237211, 37.822215 ], [ -122.235814, 37.819436 ], [ -122.233866, 37.820032 ], [ -122.23193, 37.818795 ], [ -122.231069, 37.817091 ], [ -122.228887, 37.816526 ], [ -122.227557, 37.817429 ], [ -122.225237, 37.817085 ], [ -122.225225, 37.818896 ], [ -122.220124, 37.81721 ], [ -122.221475, 37.815652 ], [ -122.220536, 37.813807 ], [ -122.218515, 37.814052 ], [ -122.216677, 37.812829 ], [ -122.219885, 37.813333 ], [ -122.222627, 37.810175 ], [ -122.224493, 37.809546 ], [ -122.223279, 37.807903 ], [ -122.225674, 37.807743 ], [ -122.229539, 37.805493 ], [ -122.2285, 37.804649 ], [ -122.23556, 37.798995 ], [ -122.239791, 37.802621 ], [ -122.240874, 37.804744 ], [ -122.246689, 37.806595 ], [ -122.249318, 37.804823 ], [ -122.25006, 37.805056 ], [ -122.248905, 37.807327 ], [ -122.249578, 37.807558 ], [ -122.249148, 37.808391 ], [ -122.250469, 37.808882 ], [ -122.252774, 37.808747 ], [ -122.253054, 37.807861 ], [ -122.256001, 37.807463 ], [ -122.257275, 37.805883 ], [ -122.258937, 37.805524 ], [ -122.259598, 37.809868 ], [ -122.262312, 37.810926 ], [ -122.261582, 37.812878 ] ] ] } },
{ "type": "Feature", "properties": { "zip": "94561" }, "geometry": { "type": "Polygon", "coordinates": [ [ [ -121.759313, 37.990485 ], [ -121.756474, 37.993059 ], [ -121.752384, 38.009257 ], [ -121.750763, 38.009082 ], [ -121.751593, 38.019749 ], [ -121.750594, 38.01956 ], [ -121.750547, 38.021083 ], [ -121.749142, 38.020324 ], [ -121.740139, 38.019918 ], [ -121.73904, 38.016977 ], [ -121.734895, 38.015142 ], [ -121.731535, 38.0151 ], [ -121.730132, 38.013173 ], [ -121.729697, 38.014146 ], [ -121.728754, 38.012446 ], [ -121.726741, 38.012084 ], [ -121.725973, 38.012808 ], [ -121.72063, 38.008829 ], [ -121.718028, 38.008021 ], [ -121.718013, 38.008611 ], [ -121.71616, 38.008699 ], [ -121.714759, 38.007292 ], [ -121.714437, 38.007718 ], [ -121.714432, 38.006574 ], [ -121.713966, 38.006271 ], [ -121.713785, 38.007246 ], [ -121.710279, 38.00609 ], [ -121.696958, 38.006383 ], [ -121.696808, 38.007343 ], [ -121.691553, 38.005335 ], [ -121.690944, 38.010352 ], [ -121.689484, 38.013346 ], [ -121.684759, 38.013511 ], [ -121.678587, 38.011032 ], [ -121.674752, 38.012317 ], [ -121.667369, 38.013214 ], [ -121.648941, 38.013141 ], [ -121.63463, 38.011337 ], [ -121.62836, 38.008909 ], [ -121.624585, 37.997848 ], [ -121.622586, 37.976221 ], [ -121.640224, 37.976159 ], [ -121.649378, 37.983313 ], [ -121.668446, 37.983393 ], [ -121.668449, 37.981116 ], [ -121.677568, 37.981131 ], [ -121.677631, 37.968842 ], [ -121.685443, 37.968856 ], [ -121.685443, 37.966151 ], [ -121.691442, 37.966153 ], [ -121.691434, 37.967929 ], [ -121.696031, 37.967957 ], [ -121.696026, 37.968793 ], [ -121.729932, 37.968796 ], [ -121.743619, 37.983103 ], [ -121.747416, 37.98307 ], [ -121.751845, 37.988464 ], [ -121.755099, 37.9899 ], [ -121.759313, 37.990485 ] ] ] } },
{ "type": "Feature", "properties": { "zip": "94611" }, "geometry": { "type": "MultiPolygon", "coordinates": [ [ [ [ -122.219349, 37.857728 ], [ -122.2188, 37.860021 ], [ -122.218589, 37.858836 ], [ -122.216608, 37.858068 ], [ -122.215726, 37.856214 ], [ -122.219349, 37.857728 ] ] ], [ [ [ -122.26613, 37.8166 ], [ -122.26413, 37.81627 ], [ -122.263799, 37.817566 ], [ -122.263084, 37.817449 ], [ -122.262366, 37.818614 ], [ -122.263466, 37.818797 ], [ -122.262939, 37.820763 ], [ -122.261062, 37.820701 ], [ -122.260006, 37.822421 ], [ -122.261996, 37.823012 ], [ -122.261665, 37.825198 ], [ -122.25868, 37.824515 ], [ -122.257615, 37.826232 ], [ -122.258827, 37.826368 ], [ -122.257824, 37.828103 ], [ -122.256742, 37.827628 ], [ -122.255783, 37.830098 ], [ -122.253016, 37.833557 ], [ -122.254012, 37.834209 ], [ -122.252304, 37.834482 ], [ -122.251618, 37.835615 ], [ -122.247952, 37.835008 ], [ -122.248986, 37.833092 ], [ -122.24412, 37.835163 ], [ -122.239708, 37.838586 ], [ -122.236315, 37.840035 ], [ -122.232077, 37.836586 ], [ -122.225609, 37.834845 ], [ -122.22701, 37.832664 ], [ -122.230793, 37.832716 ], [ -122.231385, 37.831458 ], [ -122.22629, 37.829707 ], [ -122.224456, 37.830256 ], [ -122.221884, 37.832504 ], [ -122.2171, 37.832758 ], [ -122.227559, 37.845474 ], [ -122.228003, 37.848244 ], [ -122.224327, 37.84861 ], [ -122.221153, 37.85292 ], [ -122.217427, 37.854371 ], [ -122.218889, 37.854762 ], [ -122.216154, 37.855693 ], [ -122.213559, 37.857912 ], [ -122.216064, 37.859527 ], [ -122.217454, 37.861888 ], [ -122.220861, 37.864603 ], [ -122.221987, 37.864205 ], [ -122.222388, 37.866559 ], [ -122.221491, 37.866257 ], [ -122.21942, 37.868049 ], [ -122.217784, 37.868356 ], [ -122.221418, 37.865468 ], [ -122.219826, 37.864771 ], [ -122.211854, 37.856801 ], [ -122.208898, 37.851941 ], [ -122.2031, 37.851192 ], [ -122.202657, 37.85048 ], [ -122.188969, 37.850435 ], [ -122.188597, 37.851054 ], [ -122.188671, 37.837919 ], [ -122.185116, 37.837353 ], [ -122.183818, 37.834353 ], [ -122.185647, 37.831726 ], [ -122.187024, 37.827537 ], [ -122.185729, 37.825366 ], [ -122.186871, 37.822082 ], [ -122.185577, 37.820726 ], [ -122.181224, 37.819341 ], [ -122.175474, 37.81459 ], [ -122.174159, 37.81027 ], [ -122.175418, 37.808227 ], [ -122.174849, 37.809547 ], [ -122.175869, 37.813286 ], [ -122.180128, 37.816054 ], [ -122.180596, 37.817542 ], [ -122.184366, 37.819438 ], [ -122.184384, 37.818694 ], [ -122.185427, 37.819405 ], [ -122.189342, 37.814523 ], [ -122.19389, 37.813739 ], [ -122.199031, 37.815205 ], [ -122.200821, 37.814021 ], [ -122.197274, 37.81093 ], [ -122.197791, 37.810589 ], [ -122.207708, 37.821044 ], [ -122.212469, 37.816722 ], [ -122.215174, 37.812276 ], [ -122.218515, 37.814052 ], [ -122.220536, 37.813807 ], [ -122.221475, 37.815652 ], [ -122.220124, 37.81721 ], [ -122.221833, 37.817941 ], [ -122.22319, 37.817731 ], [ -122.225225, 37.818896 ], [ -122.225237, 37.817085 ], [ -122.227557, 37.817429 ], [ -122.228887, 37.816526 ], [ -122.231069, 37.817091 ], [ -122.23193, 37.818795 ], [ -122.233866, 37.820032 ], [ -122.235814, 37.819436 ], [ -122.237211, 37.822215 ], [ -122.239163, 37.823615 ], [ -122.244143, 37.822529 ], [ -122.245137, 37.819347 ], [ -122.247573, 37.821569 ], [ -122.248438, 37.821322 ], [ -122.247931, 37.820839 ], [ -122.253464, 37.819202 ], [ -122.255661, 37.822603 ], [ -122.257124, 37.821183 ], [ -122.253861, 37.818372 ], [ -122.261495, 37.813034 ], [ -122.263071, 37.815063 ], [ -122.262558, 37.816146 ], [ -122.263756, 37.816381 ], [ -122.264193, 37.81571 ], [ -122.26613, 37.8166 ] ] ] ] } },
{ "type": "Feature", "properties": { "zip": "94702" }, "geometry": { "type": "Polygon", "coordinates": [ [ [ -122.296416, 37.88031 ], [ -122.290898, 37.881437 ], [ -122.284701, 37.880135 ], [ -122.283273, 37.880926 ], [ -122.28305, 37.878818 ], [ -122.282329, 37.878851 ], [ -122.280688, 37.862267 ], [ -122.281226, 37.862205 ], [ -122.28018, 37.860542 ], [ -122.277766, 37.847525 ], [ -122.281899, 37.846975 ], [ -122.283459, 37.850307 ], [ -122.286006, 37.850173 ], [ -122.287489, 37.854395 ], [ -122.288593, 37.854565 ], [ -122.288407, 37.855892 ], [ -122.29272, 37.870678 ], [ -122.29328, 37.870667 ], [ -122.294223, 37.875168 ], [ -122.295412, 37.875301 ], [ -122.296416, 37.88031 ] ] ] } },
{ "type": "Feature", "properties": { "zip": "94704" }, "geometry": { "type": "MultiPolygon", "coordinates": [ [ [ [ -122.249648, 37.871395 ], [ -122.245495, 37.872812 ], [ -122.245156, 37.869737 ], [ -122.241719, 37.869645 ], [ -122.238421, 37.867784 ], [ -122.239005, 37.867206 ], [ -122.240785, 37.869015 ], [ -122.242041, 37.866619 ], [ -122.244779, 37.866706 ], [ -122.244991, 37.868353 ], [ -122.248601, 37.868062 ], [ -122.249648, 37.871395 ] ] ], [ [ [ -122.273265, 37.873325 ], [ -122.266329, 37.874188 ], [ -122.26599, 37.867834 ], [ -122.256945, 37.869012 ], [ -122.255805, 37.867316 ], [ -122.257944, 37.866125 ], [ -122.255468, 37.865528 ], [ -122.253954, 37.865737 ], [ -122.254588, 37.869321 ], [ -122.252328, 37.869616 ], [ -122.250214, 37.869346 ], [ -122.249863, 37.867487 ], [ -122.24842, 37.866083 ], [ -122.250483, 37.865949 ], [ -122.250038, 37.862438 ], [ -122.260617, 37.861646 ], [ -122.271762, 37.859769 ], [ -122.273265, 37.873325 ] ] ] ] } },
{ "type": "Feature", "properties": { "zip": "94710" }, "geometry": { "type": "Polygon", "coordinates": [ [ [ -122.325193, 37.874276 ], [ -122.318663, 37.875307 ], [ -122.313164, 37.870151 ], [ -122.308502, 37.87088 ], [ -122.311445, 37.879775 ], [ -122.312700881823005, 37.881146119917602 ], [ -122.308351, 37.882115 ], [ -122.309976926733, 37.892217725001998 ], [ -122.309497, 37.892981 ], [ -122.312530481444, 37.896760786920602 ], [ -122.309477, 37.897703 ], [ -122.307835, 37.890415 ], [ -122.308687, 37.887471 ], [ -122.307224, 37.887072 ], [ -122.305786, 37.882021 ], [ -122.297435, 37.883326 ], [ -122.295102, 37.876227 ], [ -122.295412, 37.875301 ], [ -122.294223, 37.875168 ], [ -122.29328, 37.870667 ], [ -122.29272, 37.870678 ], [ -122.288407, 37.855892 ], [ -122.288593, 37.854565 ], [ -122.287489, 37.854395 ], [ -122.286247, 37.850505 ], [ -122.301161573409999, 37.847362399484197 ], [ -122.301372, 37.855493 ], [ -122.308352, 37.862934 ], [ -122.316944, 37.858809 ], [ -122.318722, 37.866377 ], [ -122.325193, 37.874276 ] ] ] } },
{ "type": "Feature", "properties": { "zip": "94720" }, "geometry": { "type": "Polygon", "coordinates": [ [ [ -122.266159, 37.872389 ], [ -122.259185, 37.872613 ], [ -122.255395, 37.873858 ], [ -122.256858, 37.875513 ], [ -122.254723, 37.875627 ], [ -122.255083, 37.880257 ], [ -122.246439, 37.881203 ], [ -122.245495, 37.872812 ], [ -122.249648, 37.871395 ], [ -122.248601, 37.868062 ], [ -122.244991, 37.868353 ], [ -122.244779, 37.866706 ], [ -122.242041, 37.866619 ], [ -122.240785, 37.869015 ], [ -122.239005, 37.867206 ], [ -122.240759, 37.864058 ], [ -122.244534, 37.863726 ], [ -122.244404, 37.862663 ], [ -122.245525, 37.864036 ], [ -122.244733, 37.865788 ], [ -122.247771, 37.866115 ], [ -122.246714, 37.863924 ], [ -122.250038, 37.862438 ], [ -122.250483, 37.865949 ], [ -122.24842, 37.866083 ], [ -122.249863, 37.867487 ], [ -122.250214, 37.869346 ], [ -122.254588, 37.869321 ], [ -122.253954, 37.865737 ], [ -122.255468, 37.865528 ], [ -122.257944, 37.866125 ], [ -122.255805, 37.867316 ], [ -122.256945, 37.869012 ], [ -122.26599, 37.867834 ], [ -122.266159, 37.872389 ] ] ] } },
{ "type": "Feature", "properties": { "zip": "94804" }, "geometry": { "type": "Polygon", "coordinates": [ [ [ -122.381331, 37.927712 ], [ -122.378189, 37.927252 ], [ -122.378348, 37.930242 ], [ -122.377515, 37.931358 ], [ -122.347242, 37.931544 ], [ -122.347895, 37.932015 ], [ -122.347523, 37.938468 ], [ -122.348207, 37.940312 ], [ -122.347471, 37.943832 ], [ -122.347369, 37.952952 ], [ -122.343559, 37.953091 ], [ -122.341587, 37.954129 ], [ -122.340315, 37.952483 ], [ -122.338452, 37.953163 ], [ -122.333912, 37.95175 ], [ -122.332185, 37.947417 ], [ -122.335438, 37.947053 ], [ -122.335089, 37.94398 ], [ -122.337838, 37.934352 ], [ -122.341126, 37.934806 ], [ -122.341354, 37.931444 ], [ -122.323166, 37.930887 ], [ -122.320698, 37.927298 ], [ -122.32069, 37.919237 ], [ -122.314852, 37.919083 ], [ -122.311943, 37.915996 ], [ -122.312396, 37.914675 ], [ -122.310767, 37.913569 ], [ -122.305922, 37.906581 ], [ -122.305858, 37.903797 ], [ -122.309891, 37.902024 ], [ -122.308534, 37.900949 ], [ -122.307054, 37.902504 ], [ -122.307211, 37.901416 ], [ -122.305407, 37.898163 ], [ -122.312530481444, 37.896760786920602 ], [ -122.314786, 37.898688 ], [ -122.319005, 37.897857 ], [ -122.322332, 37.895419 ], [ -122.32542, 37.897778 ], [ -122.324771, 37.901867 ], [ -122.321645, 37.905089 ], [ -122.325112, 37.908074 ], [ -122.335693, 37.910307 ], [ -122.344674, 37.907235 ], [ -122.35228, 37.90761 ], [ -122.353118, 37.90958 ], [ -122.360437, 37.90953 ], [ -122.361849, 37.917431 ], [ -122.364764, 37.917928 ], [ -122.36549, 37.915766 ], [ -122.363534, 37.905611 ], [ -122.367783758336998, 37.904726378310798 ], [ -122.368975, 37.909739 ], [ -122.367734, 37.909835 ], [ -122.371375, 37.911249 ], [ -122.369031, 37.912544 ], [ -122.370992, 37.914284 ], [ -122.369665, 37.914305 ], [ -122.372501, 37.917758 ], [ -122.37721, 37.920164 ], [ -122.378197, 37.92321 ], [ -122.380689, 37.923747 ], [ -122.380664, 37.92529 ], [ -122.383308, 37.925426 ], [ -122.381331, 37.927712 ] ] ] } },
{ "type": "Feature", "properties": { "zip": "94122" }, "geometry": { "type": "Polygon", "coordinates": [ [ [ -122.510435, 37.76406 ], [ -122.504117, 37.765526 ], [ -122.506302, 37.766678 ], [ -122.491129, 37.77095 ], [ -122.486514, 37.770725 ], [ -122.484083, 37.772118 ], [ -122.48179, 37.771929 ], [ -122.479895, 37.770496 ], [ -122.475553, 37.771711 ], [ -122.473655, 37.771156 ], [ -122.476142, 37.770985 ], [ -122.476186, 37.770251 ], [ -122.473735, 37.769528 ], [ -122.471609, 37.76986 ], [ -122.472718, 37.768464 ], [ -122.472644, 37.767537 ], [ -122.472245, 37.76861 ], [ -122.469758, 37.769209 ], [ -122.467004, 37.768013 ], [ -122.464402, 37.769669 ], [ -122.459901, 37.770442 ], [ -122.459162, 37.771314 ], [ -122.455195, 37.770798 ], [ -122.454954, 37.76845 ], [ -122.458277, 37.76728 ], [ -122.457536, 37.763566 ], [ -122.460843, 37.762628 ], [ -122.459991, 37.759349 ], [ -122.463266, 37.758708 ], [ -122.461921, 37.755529 ], [ -122.46377, 37.754077 ], [ -122.463361, 37.753039 ], [ -122.467915, 37.752735 ], [ -122.470019, 37.754692 ], [ -122.47068, 37.752376 ], [ -122.508187, 37.750968 ], [ -122.508463, 37.748915 ], [ -122.510435, 37.76406 ] ] ] } },
{ "type": "Feature", "properties": { "zip": "94124" }, "geometry": { "type": "Polygon", "coordinates": [ [ [ -122.407642, 37.739606 ], [ -122.407062, 37.73957 ], [ -122.40459, 37.744126 ], [ -122.403784, 37.749433 ], [ -122.387718, 37.750255 ], [ -122.38789, 37.752819 ], [ -122.382266933582997, 37.753153656024097 ], [ -122.376561, 37.752073 ], [ -122.376241, 37.748523 ], [ -122.367798, 37.740182 ], [ -122.37384, 37.739574 ], [ -122.37587, 37.735659 ], [ -122.374609, 37.73288 ], [ -122.372024, 37.734213 ], [ -122.367386, 37.732004 ], [ -122.366161, 37.732844 ], [ -122.359279, 37.728593 ], [ -122.363647, 37.722072 ], [ -122.362872, 37.718115 ], [ -122.364775, 37.716388 ], [ -122.379289, 37.724302 ], [ -122.383235, 37.720735 ], [ -122.375978, 37.715997 ], [ -122.380064, 37.710869 ], [ -122.378765, 37.709522 ], [ -122.37939, 37.708663 ], [ -122.390947634626997, 37.709700991365501 ], [ -122.386452, 37.711161 ], [ -122.388759, 37.714664 ], [ -122.391014, 37.713796 ], [ -122.398469, 37.715455 ], [ -122.399089, 37.719572 ], [ -122.402209, 37.728102 ], [ -122.406551, 37.735721 ], [ -122.407642, 37.739606 ] ], [ [ -122.384748, 37.74085 ], [ -122.37911, 37.73768 ], [ -122.376847, 37.740192 ], [ -122.383079, 37.743932 ], [ -122.384748, 37.74085 ] ] ] } },
{ "type": "Feature", "properties": { "zip": "94127" }, "geometry": { "type": "Polygon", "coordinates": [ [ [ -122.473112, 37.721876 ], [ -122.472223, 37.725535 ], [ -122.471569, 37.734707 ], [ -122.472098, 37.734812 ], [ -122.471094, 37.739515 ], [ -122.471633, 37.741364 ], [ -122.468561, 37.741503 ], [ -122.468073, 37.743384 ], [ -122.463382, 37.743845 ], [ -122.458743, 37.746876 ], [ -122.458635, 37.747769 ], [ -122.46147, 37.751522 ], [ -122.454392, 37.751279 ], [ -122.45314, 37.74897 ], [ -122.452929, 37.751215 ], [ -122.452133, 37.751236 ], [ -122.452033, 37.748274 ], [ -122.449447, 37.74666 ], [ -122.451692, 37.745629 ], [ -122.449861, 37.743265 ], [ -122.44711, 37.74258 ], [ -122.445987, 37.74118 ], [ -122.442857, 37.739767 ], [ -122.442552, 37.738097 ], [ -122.445329, 37.737128 ], [ -122.444302, 37.731605 ], [ -122.455771, 37.731396 ], [ -122.46038, 37.729967 ], [ -122.460379, 37.728389 ], [ -122.462186, 37.727721 ], [ -122.462271, 37.723021 ], [ -122.463238, 37.723146 ], [ -122.464984, 37.721676 ], [ -122.47244, 37.721603 ], [ -122.473112, 37.721876 ] ] ] } },
{ "type": "Feature", "properties": { "zip": "94128" }, "geometry": { "type": "Polygon", "coordinates": [ [ [ -122.403661, 37.635538 ], [ -122.402722, 37.635537 ], [ -122.402698, 37.638242 ], [ -122.401047, 37.638862 ], [ -122.391663, 37.639095 ], [ -122.389313, 37.640193 ], [ -122.384322, 37.640382 ], [ -122.380495536439994, 37.635352611897702 ], [ -122.387528, 37.634797 ], [ -122.388917, 37.633254 ], [ -122.388932, 37.631199 ], [ -122.387738, 37.629775 ], [ -122.384886, 37.628972 ], [ -122.378963, 37.631551 ], [ -122.377535, 37.629611 ], [ -122.374105, 37.628261 ], [ -122.371549, 37.628542 ], [ -122.368571, 37.627285 ], [ -122.367321, 37.629033 ], [ -122.365207480996006, 37.627802188793197 ], [ -122.367922, 37.620994 ], [ -122.355627, 37.615293 ], [ -122.359128, 37.609321 ], [ -122.370364, 37.614427 ], [ -122.373309, 37.613773 ], [ -122.377843162152999, 37.606688588126403 ], [ -122.378861, 37.60724 ], [ -122.383531, 37.604481 ], [ -122.396469, 37.612862 ], [ -122.398008, 37.61521 ], [ -122.402393, 37.627936 ], [ -122.403661, 37.635538 ] ] ] } },
{ "type": "Feature", "properties": { "zip": "94545" }, "geometry": { "type": "Polygon", "coordinates": [ [ [ -122.160105627598995, 37.6638365659161 ], [ -122.152432, 37.663953 ], [ -122.150864, 37.662784 ], [ -122.145918, 37.665677 ], [ -122.139202, 37.658473 ], [ -122.132526, 37.66155 ], [ -122.130957, 37.663558 ], [ -122.129175, 37.663286 ], [ -122.123099, 37.665992 ], [ -122.120087, 37.664972 ], [ -122.119324, 37.662599 ], [ -122.12415, 37.662171 ], [ -122.12378, 37.656336 ], [ -122.120388, 37.65641 ], [ -122.120239, 37.653223 ], [ -122.110413, 37.653156 ], [ -122.10161, 37.656422 ], [ -122.07145, 37.613278 ], [ -122.077932, 37.613476 ], [ -122.097631, 37.60183 ], [ -122.097681, 37.605599 ], [ -122.10159, 37.60501 ], [ -122.102533, 37.600219 ], [ -122.104059, 37.598367 ], [ -122.109569, 37.598717 ], [ -122.11028, 37.597903 ], [ -122.112511, 37.598666 ], [ -122.109074, 37.601524 ], [ -122.11192, 37.604193 ], [ -122.11538, 37.604296 ], [ -122.115813, 37.602606 ], [ -122.118269, 37.602702 ], [ -122.120612, 37.601115 ], [ -122.122367, 37.598361 ], [ -122.121223, 37.596446 ], [ -122.123328, 37.592921 ], [ -122.126075, 37.59232 ], [ -122.127132, 37.593938 ], [ -122.126837, 37.596253 ], [ -122.128271, 37.597085 ], [ -122.130449, 37.596298 ], [ -122.130699, 37.59292 ], [ -122.132347, 37.592266 ], [ -122.134382, 37.598422 ], [ -122.138668, 37.597511 ], [ -122.141175, 37.599757 ], [ -122.14129, 37.602174 ], [ -122.136413, 37.60422 ], [ -122.134529, 37.606387 ], [ -122.137036, 37.606515 ], [ -122.141013, 37.608539 ], [ -122.143049, 37.605251 ], [ -122.145989, 37.602651 ], [ -122.14636, 37.607391 ], [ -122.151396, 37.620542 ], [ -122.152993, 37.641923 ], [ -122.160105627598995, 37.6638365659161 ] ] ] } },
{ "type": "Feature", "properties": { "zip": "94305" }, "geometry": { "type": "Polygon", "coordinates": [ [ [ -122.194195, 37.409088 ], [ -122.193608, 37.41167 ], [ -122.192108, 37.413099 ], [ -122.192365, 37.413868 ], [ -122.187557, 37.414841 ], [ -122.187194, 37.416547 ], [ -122.190267, 37.418477 ], [ -122.187915, 37.420016 ], [ -122.188294, 37.422302 ], [ -122.19084, 37.424365 ], [ -122.186202, 37.422539 ], [ -122.18322, 37.42844 ], [ -122.18575, 37.43194 ], [ -122.182288, 37.434498 ], [ -122.17811, 37.43344 ], [ -122.17812, 37.43172 ], [ -122.17497, 37.4308 ], [ -122.17425, 37.43258 ], [ -122.17171, 37.43455 ], [ -122.16791, 37.43446 ], [ -122.165424, 37.441929 ], [ -122.14924, 37.42769 ], [ -122.15727, 37.41803 ], [ -122.149713, 37.413921 ], [ -122.15694, 37.40462 ], [ -122.15875, 37.40338 ], [ -122.15984, 37.39934 ], [ -122.161812, 37.396389 ], [ -122.164492, 37.398734 ], [ -122.16784, 37.400205 ], [ -122.169786, 37.391997 ], [ -122.17487, 37.39293 ], [ -122.17681, 37.39413 ], [ -122.18905, 37.40636 ], [ -122.194195, 37.409088 ] ] ] } },
{ "type": "Feature", "properties": { "zip": "94403" }, "geometry": { "type": "Polygon", "coordinates": [ [ [ -122.332654, 37.522001 ], [ -122.329148, 37.535281 ], [ -122.329963, 37.540999 ], [ -122.328594, 37.543563 ], [ -122.324442, 37.546608 ], [ -122.313607, 37.54954 ], [ -122.308899, 37.552295 ], [ -122.296278, 37.553346 ], [ -122.302781, 37.560331 ], [ -122.297052, 37.562934 ], [ -122.297096, 37.567723 ], [ -122.287149, 37.567575 ], [ -122.286516, 37.56607 ], [ -122.28733, 37.565328 ], [ -122.290651, 37.564967 ], [ -122.293233, 37.563522 ], [ -122.292681, 37.561396 ], [ -122.291018, 37.559923 ], [ -122.292981, 37.556745 ], [ -122.290253, 37.554558 ], [ -122.289159, 37.554897 ], [ -122.287004, 37.552911 ], [ -122.283908, 37.554131 ], [ -122.281959, 37.553338 ], [ -122.282008, 37.551459 ], [ -122.284486, 37.550465 ], [ -122.283552, 37.548271 ], [ -122.280208, 37.54847 ], [ -122.278977, 37.545651 ], [ -122.277139, 37.544156 ], [ -122.276478, 37.540403 ], [ -122.278833, 37.536404 ], [ -122.276664, 37.534223 ], [ -122.27732, 37.532935 ], [ -122.274974, 37.530471 ], [ -122.276454, 37.529511 ], [ -122.277855, 37.52987 ], [ -122.278278, 37.528835 ], [ -122.285539, 37.530666 ], [ -122.287413, 37.529267 ], [ -122.3073, 37.521163 ], [ -122.311742, 37.524441 ], [ -122.313285, 37.521562 ], [ -122.314432, 37.521113 ], [ -122.314957, 37.519208 ], [ -122.319724, 37.519478 ], [ -122.321792, 37.521221 ], [ -122.323711, 37.521018 ], [ -122.325505, 37.519087 ], [ -122.324847, 37.517322 ], [ -122.329712, 37.513167 ], [ -122.328994, 37.514835 ], [ -122.329275, 37.516946 ], [ -122.332654, 37.522001 ] ] ] } },
{ "type": "Feature", "properties": { "zip": "94518" }, "geometry": { "type": "Polygon", "coordinates": [ [ [ -122.052287, 37.937585 ], [ -122.051393, 37.942774 ], [ -122.049789, 37.942678 ], [ -122.049776, 37.945466 ], [ -122.051637, 37.947546 ], [ -122.047042, 37.948076 ], [ -122.047867, 37.950155 ], [ -122.043257, 37.953351 ], [ -122.042145, 37.95324 ], [ -122.042677, 37.953761 ], [ -122.03317, 37.960433 ], [ -122.031728, 37.964074 ], [ -122.03081, 37.964167 ], [ -122.031229, 37.968387 ], [ -122.02841, 37.975387 ], [ -122.015344, 37.971715 ], [ -122.015715, 37.970856 ], [ -122.013758, 37.970303 ], [ -122.013357, 37.971155 ], [ -122.009362, 37.970005 ], [ -122.00864, 37.965932 ], [ -122.006739, 37.965408 ], [ -122.006338, 37.963736 ], [ -122.008122, 37.963127 ], [ -122.008028, 37.961653 ], [ -122.001174, 37.955751 ], [ -122.001615, 37.95545 ], [ -121.996895, 37.950426 ], [ -121.996292, 37.950668 ], [ -121.995189, 37.949018 ], [ -121.992234, 37.947158 ], [ -121.995104, 37.94553 ], [ -121.9969, 37.942687 ], [ -121.997702, 37.937208 ], [ -122.001003, 37.934536 ], [ -122.003885, 37.930713 ], [ -122.004472, 37.934451 ], [ -122.005658, 37.936359 ], [ -122.008044, 37.937891 ], [ -122.007711, 37.939532 ], [ -122.010304, 37.940471 ], [ -122.017453, 37.935607 ], [ -122.019076, 37.935596 ], [ -122.026307, 37.931471 ], [ -122.02902, 37.934446 ], [ -122.033783, 37.931996 ], [ -122.035129, 37.93347 ], [ -122.033704, 37.934196 ], [ -122.034894, 37.935548 ], [ -122.033204, 37.936416 ], [ -122.03587, 37.939393 ], [ -122.046674, 37.933842 ], [ -122.050681, 37.938003 ], [ -122.052287, 37.937585 ] ] ] } },
{ "type": "Feature", "properties": { "zip": "94501" }, "geometry": { "type": "Polygon", "coordinates": [ [ [ -122.333001177211003, 37.799054386056 ], [ -122.328507, 37.797493 ], [ -122.30104, 37.791954 ], [ -122.285971, 37.793616 ], [ -122.278243, 37.793129 ], [ -122.268544, 37.787934 ], [ -122.260056, 37.784489 ], [ -122.253958, 37.786779 ], [ -122.251332, 37.786881 ], [ -122.246591, 37.784679 ], [ -122.245219, 37.783033 ], [ -122.244817, 37.779123 ], [ -122.243536, 37.776278 ], [ -122.240498, 37.773732 ], [ -122.226583, 37.766934 ], [ -122.224213, 37.762813 ], [ -122.223481, 37.754702 ], [ -122.226076, 37.749674 ], [ -122.236405, 37.748549 ], [ -122.236649, 37.750153 ], [ -122.243947, 37.751779 ], [ -122.271905, 37.761508 ], [ -122.275370001547998, 37.765943081076898 ], [ -122.275599, 37.767463 ], [ -122.27719, 37.768469 ], [ -122.279401, 37.768134 ], [ -122.28307, 37.763857 ], [ -122.289012, 37.764608 ], [ -122.288775, 37.768742 ], [ -122.29987, 37.772342 ], [ -122.30643, 37.776107 ], [ -122.315387, 37.776597 ], [ -122.317767, 37.77968 ], [ -122.332037, 37.782035 ], [ -122.33094, 37.795137 ], [ -122.333001177211003, 37.799054386056 ] ] ] } },
{ "type": "Feature", "properties": { "zip": "94502" }, "geometry": { "type": "Polygon", "coordinates": [ [ [ -122.261679, 37.743373 ], [ -122.250733697558005, 37.7481667372438 ], [ -122.23619, 37.747329 ], [ -122.236405, 37.748549 ], [ -122.235919, 37.747474 ], [ -122.235781, 37.74804 ], [ -122.226508, 37.747884 ], [ -122.226768, 37.727657 ], [ -122.228343, 37.727729 ], [ -122.236181, 37.719851 ], [ -122.248462433745004, 37.7278688915301 ], [ -122.255989, 37.735674 ], [ -122.260966, 37.739614 ], [ -122.261679, 37.743373 ] ] ] } },
{ "type": "Feature", "properties": { "zip": "94512" }, "geometry": { "type": "Polygon", "coordinates": [ [ [ -121.881605, 38.084868 ], [ -121.882672, 38.089258 ], [ -121.878145, 38.091008 ], [ -121.880789, 38.096586 ], [ -121.876195, 38.096481 ], [ -121.876772, 38.125578 ], [ -121.870578, 38.125556 ], [ -121.873556, 38.129119 ], [ -121.870947, 38.132742 ], [ -121.868097, 38.140117 ], [ -121.867181, 38.145392 ], [ -121.865972, 38.147364 ], [ -121.854475, 38.155039 ], [ -121.853581, 38.158814 ], [ -121.850536, 38.161992 ], [ -121.843144, 38.161986 ], [ -121.843042, 38.184069 ], [ -121.806039, 38.183592 ], [ -121.806819, 38.157606 ], [ -121.80375, 38.158039 ], [ -121.802458, 38.157431 ], [ -121.799658, 38.152689 ], [ -121.798703, 38.152739 ], [ -121.796914, 38.150539 ], [ -121.795161, 38.146681 ], [ -121.795022, 38.144367 ], [ -121.796581, 38.145789 ], [ -121.801325, 38.145675 ], [ -121.802947, 38.146419 ], [ -121.803922, 38.143814 ], [ -121.809619, 38.140836 ], [ -121.807519, 38.138606 ], [ -121.805925, 38.138425 ], [ -121.804811, 38.136678 ], [ -121.805381, 38.134844 ], [ -121.802592, 38.128878 ], [ -121.802753, 38.126289 ], [ -121.800444, 38.124506 ], [ -121.800331, 38.123449 ], [ -121.805753, 38.123886 ], [ -121.814828, 38.122669 ], [ -121.820167, 38.120681 ], [ -121.837419, 38.12175 ], [ -121.838842, 38.121225 ], [ -121.838975, 38.116918 ], [ -121.834513, 38.117887 ], [ -121.829853, 38.116397 ], [ -121.828378, 38.114319 ], [ -121.826706, 38.114406 ], [ -121.822275, 38.116978 ], [ -121.822172, 38.111947 ], [ -121.823475, 38.107186 ], [ -121.82188, 38.106186 ], [ -121.818331, 38.107894 ], [ -121.814133, 38.106647 ], [ -121.814147, 38.101036 ], [ -121.818367, 38.097017 ], [ -121.815711, 38.092067 ], [ -121.808175, 38.086444 ], [ -121.804761, 38.075736 ], [ -121.8064, 38.071539 ], [ -121.807823, 38.07089 ], [ -121.821154, 38.072907 ], [ -121.825767, 38.075083 ], [ -121.829572, 38.075583 ], [ -121.830297, 38.076997 ], [ -121.833342, 38.078242 ], [ -121.833836, 38.081764 ], [ -121.837897, 38.082631 ], [ -121.847469, 38.081742 ], [ -121.870177, 38.081706 ], [ -121.883004, 38.08249 ], [ -121.881605, 38.084868 ] ] ] } },
{ "type": "Feature", "properties": { "zip": "94514" }, "geometry": { "type": "Polygon", "coordinates": [ [ [ -121.698241, 37.847852 ], [ -121.694935, 37.849869 ], [ -121.695572, 37.851319 ], [ -121.694697, 37.853856 ], [ -121.696303, 37.853981 ], [ -121.694602, 37.854112 ], [ -121.693614, 37.851955 ], [ -121.689722, 37.849624 ], [ -121.683183, 37.848075 ], [ -121.677224, 37.848496 ], [ -121.675862, 37.849394 ], [ -121.663796, 37.844986 ], [ -121.661734, 37.842255 ], [ -121.656664, 37.841579 ], [ -121.65441, 37.842113 ], [ -121.651385, 37.844892 ], [ -121.646729, 37.84473 ], [ -121.647121, 37.850385 ], [ -121.652181, 37.855728 ], [ -121.677923, 37.871325 ], [ -121.687823, 37.882068 ], [ -121.678161, 37.882107 ], [ -121.677317, 37.883144 ], [ -121.675972, 37.881994 ], [ -121.671267, 37.88196 ], [ -121.671215, 37.886579 ], [ -121.668598, 37.885613 ], [ -121.659809, 37.885648 ], [ -121.659812, 37.889885 ], [ -121.658257, 37.88922 ], [ -121.664811, 37.896494 ], [ -121.641347, 37.896454 ], [ -121.6414, 37.891463 ], [ -121.639611, 37.889442 ], [ -121.614439, 37.88932 ], [ -121.617116, 37.867401 ], [ -121.613668, 37.867438 ], [ -121.614017, 37.847898 ], [ -121.612498, 37.846175 ], [ -121.618795, 37.845625 ], [ -121.602696, 37.827919 ], [ -121.55696, 37.798837 ], [ -121.55697, 37.771395 ], [ -121.558451, 37.770645 ], [ -121.560999, 37.772965 ], [ -121.564539, 37.774735 ], [ -121.565028, 37.775887 ], [ -121.572872, 37.776535 ], [ -121.578684, 37.778726 ], [ -121.578258, 37.779885 ], [ -121.582439, 37.782401 ], [ -121.583827, 37.782401 ], [ -121.585491, 37.785857 ], [ -121.586955, 37.786041 ], [ -121.587016, 37.787238 ], [ -121.588893, 37.788177 ], [ -121.587444, 37.791885 ], [ -121.593131, 37.794824 ], [ -121.604908, 37.794861 ], [ -121.604901, 37.78984 ], [ -121.606159, 37.787484 ], [ -121.618782, 37.787509 ], [ -121.621618, 37.786481 ], [ -121.621536, 37.784161 ], [ -121.623243, 37.783188 ], [ -121.623258, 37.791082 ], [ -121.624943, 37.792079 ], [ -121.625988, 37.794032 ], [ -121.625965, 37.796505 ], [ -121.623299, 37.799131 ], [ -121.623307, 37.800119 ], [ -121.697322, 37.782438 ], [ -121.694223, 37.791561 ], [ -121.688845, 37.793146 ], [ -121.685252, 37.796351 ], [ -121.678474, 37.79756 ], [ -121.67588, 37.799464 ], [ -121.675282, 37.803093 ], [ -121.672738, 37.80605 ], [ -121.663303, 37.812452 ], [ -121.663345, 37.815309 ], [ -121.664578, 37.815207 ], [ -121.663422, 37.816517 ], [ -121.664675, 37.818457 ], [ -121.662668, 37.821005 ], [ -121.663065, 37.823601 ], [ -121.661572, 37.825135 ], [ -121.667972, 37.828965 ], [ -121.665768, 37.830696 ], [ -121.667849, 37.831183 ], [ -121.669804, 37.829352 ], [ -121.670009, 37.826943 ], [ -121.666944, 37.82325 ], [ -121.668792, 37.8229 ], [ -121.673191, 37.824546 ], [ -121.677279, 37.820725 ], [ -121.677025, 37.819635 ], [ -121.680886, 37.822033 ], [ -121.680793, 37.824821 ], [ -121.682828, 37.826374 ], [ -121.687104, 37.826206 ], [ -121.688188, 37.826966 ], [ -121.691001, 37.82554 ], [ -121.690919, 37.822965 ], [ -121.691713, 37.821573 ], [ -121.696688, 37.817999 ], [ -121.696771, 37.81671 ], [ -121.697268, 37.819069 ], [ -121.695922, 37.820635 ], [ -121.695769, 37.822056 ], [ -121.696772, 37.823069 ], [ -121.696233, 37.82459 ], [ -121.697413, 37.826856 ], [ -121.695633, 37.831215 ], [ -121.696275, 37.835038 ], [ -121.69603, 37.836519 ], [ -121.69385, 37.8374 ], [ -121.695628, 37.8376 ], [ -121.694388, 37.839297 ], [ -121.695258, 37.844888 ], [ -121.697697, 37.845877 ], [ -121.698241, 37.847852 ] ] ] } },
{ "type": "Feature", "properties": { "zip": "94516" }, "geometry": { "type": "Polygon", "coordinates": [ [ [ -122.18827, 37.837905 ], [ -122.183758, 37.84007 ], [ -122.181285, 37.839716 ], [ -122.172601, 37.84516 ], [ -122.16807, 37.843742 ], [ -122.165486, 37.844505 ], [ -122.164017, 37.843375 ], [ -122.158533, 37.8419 ], [ -122.156008, 37.837467 ], [ -122.155768, 37.831814 ], [ -122.149376, 37.828209 ], [ -122.145579, 37.825131 ], [ -122.143594, 37.822217 ], [ -122.146486, 37.818422 ], [ -122.139764, 37.807792 ], [ -122.138651, 37.804632 ], [ -122.140317, 37.804701 ], [ -122.148808, 37.81376 ], [ -122.15295, 37.815034 ], [ -122.157392, 37.817952 ], [ -122.166873, 37.813424 ], [ -122.172775, 37.815826 ], [ -122.177873, 37.816323 ], [ -122.181224, 37.819341 ], [ -122.185577, 37.820726 ], [ -122.186871, 37.822082 ], [ -122.185729, 37.825366 ], [ -122.187024, 37.827537 ], [ -122.185647, 37.831726 ], [ -122.183818, 37.834353 ], [ -122.185116, 37.837353 ], [ -122.18827, 37.837905 ] ] ] } },
{ "type": "Feature", "properties": { "zip": "94520" }, "geometry": { "type": "Polygon", "coordinates": [ [ [ -122.077321, 38.008449 ], [ -122.078414, 38.008692 ], [ -122.078332, 38.010234 ], [ -122.07622, 38.012256 ], [ -122.075806, 38.014097 ], [ -122.077503, 38.01661 ], [ -122.078178, 38.020304 ], [ -122.070152, 38.024681 ], [ -122.070312, 38.020266 ], [ -122.06934, 38.016116 ], [ -122.064848, 38.020258 ], [ -122.053723, 38.002333 ], [ -122.050593, 38.003192 ], [ -122.04803, 38.00298 ], [ -122.048394, 38.006222 ], [ -122.045413, 38.008533 ], [ -122.046011, 38.011061 ], [ -122.035523, 38.013605 ], [ -122.033586, 38.022581 ], [ -122.030668, 38.022986 ], [ -122.030846, 38.021358 ], [ -122.029915, 38.020487 ], [ -122.027768, 38.020975 ], [ -122.032284, 38.031014 ], [ -122.031083, 38.032553 ], [ -122.028734, 38.032934 ], [ -122.029715, 38.031299 ], [ -122.026169, 38.024502 ], [ -122.018719, 38.020751 ], [ -122.012471, 38.018646 ], [ -122.010516, 38.016782 ], [ -122.008782, 38.01687 ], [ -122.003691, 38.013496 ], [ -122.005962, 38.015768 ], [ -122.006347, 38.018074 ], [ -122.002461, 38.018884 ], [ -122.001288, 38.020483 ], [ -121.996479, 38.017199 ], [ -121.994927, 38.018517 ], [ -121.991861, 38.017654 ], [ -121.998843, 38.014794 ], [ -121.997337, 38.013537 ], [ -121.977173, 38.022966 ], [ -121.972107, 38.023676 ], [ -121.97925, 38.021739 ], [ -121.980052, 38.020043 ], [ -121.98335, 38.019659 ], [ -121.985922, 38.01723 ], [ -121.987826, 38.016615 ], [ -121.987874, 38.015774 ], [ -121.979759, 38.008034 ], [ -121.981163, 38.006841 ], [ -121.979856, 38.006352 ], [ -121.980369, 38.00416 ], [ -121.976766, 38.004497 ], [ -121.977211, 38.003398 ], [ -121.980617, 38.002913 ], [ -121.986257, 37.997673 ], [ -121.985319, 37.996404 ], [ -121.986354, 37.994805 ], [ -121.984536, 37.993712 ], [ -121.985031, 37.993067 ], [ -121.987657, 37.994477 ], [ -121.989823, 37.994262 ], [ -121.996612, 37.999553 ], [ -122.00098, 37.999371 ], [ -122.000017, 38.002292 ], [ -122.001558, 38.006093 ], [ -122.011259, 38.011241 ], [ -122.02252, 38.009479 ], [ -122.023976, 38.004417 ], [ -122.033258, 37.99155 ], [ -122.033724, 37.989466 ], [ -122.029593, 37.978545 ], [ -122.030627, 37.978184 ], [ -122.029104, 37.977365 ], [ -122.02841, 37.975387 ], [ -122.031229, 37.968387 ], [ -122.03081, 37.964167 ], [ -122.031728, 37.964074 ], [ -122.03317, 37.960433 ], [ -122.042677, 37.953761 ], [ -122.042145, 37.95324 ], [ -122.043257, 37.953351 ], [ -122.047867, 37.950155 ], [ -122.047042, 37.948076 ], [ -122.048334, 37.947487 ], [ -122.050425, 37.947233 ], [ -122.050853, 37.948085 ], [ -122.051637, 37.947546 ], [ -122.053803, 37.951622 ], [ -122.054435, 37.953962 ], [ -122.052554, 37.958721 ], [ -122.056181, 37.966066 ], [ -122.061707, 37.962416 ], [ -122.063181, 37.970337 ], [ -122.060708, 37.97066 ], [ -122.062851, 37.973724 ], [ -122.064035, 37.974046 ], [ -122.065545, 37.979816 ], [ -122.063749, 37.982157 ], [ -122.062954, 37.987535 ], [ -122.063082, 37.996141 ], [ -122.056397, 37.999019 ], [ -122.058129, 38.001717 ], [ -122.065737, 38.009259 ], [ -122.06966, 38.015703 ], [ -122.074951, 38.00947 ], [ -122.077051, 38.008568 ], [ -122.074932, 38.005666 ], [ -122.078952, 38.005928 ], [ -122.077321, 38.008449 ] ] ] } },
{ "type": "Feature", "properties": { "zip": "94563" }, "geometry": { "type": "Polygon", "coordinates": [ [ [ -122.255413, 37.898829 ], [ -122.247054, 37.905437 ], [ -122.247754, 37.905662 ], [ -122.247727, 37.909038 ], [ -122.249537, 37.911077 ], [ -122.25308, 37.911762 ], [ -122.251006, 37.915107 ], [ -122.252221, 37.918655 ], [ -122.255502, 37.921539 ], [ -122.240082, 37.921709 ], [ -122.237987, 37.921158 ], [ -122.240052, 37.91913 ], [ -122.236953, 37.919867 ], [ -122.23453, 37.917171 ], [ -122.232491, 37.916567 ], [ -122.230797, 37.912343 ], [ -122.227646, 37.908405 ], [ -122.225254, 37.908092 ], [ -122.224768, 37.907169 ], [ -122.222743, 37.906555 ], [ -122.216759, 37.906825 ], [ -122.214983, 37.905606 ], [ -122.214865, 37.904018 ], [ -122.21429, 37.904535 ], [ -122.215767, 37.907128 ], [ -122.212488, 37.908057 ], [ -122.211934, 37.909914 ], [ -122.208918, 37.908943 ], [ -122.210374, 37.908608 ], [ -122.211098, 37.907889 ], [ -122.211257, 37.90685 ], [ -122.210539, 37.905823 ], [ -122.211129, 37.907251 ], [ -122.210499, 37.908375 ], [ -122.204897, 37.908411 ], [ -122.203291, 37.909522 ], [ -122.200022, 37.914894 ], [ -122.199859, 37.917509 ], [ -122.198009, 37.9186 ], [ -122.195702, 37.921555 ], [ -122.192613, 37.920183 ], [ -122.184847, 37.918731 ], [ -122.176956, 37.918144 ], [ -122.175663, 37.91582 ], [ -122.174056, 37.915394 ], [ -122.166785, 37.917035 ], [ -122.160909, 37.913042 ], [ -122.160939, 37.909544 ], [ -122.165216, 37.909492 ], [ -122.165059, 37.892363 ], [ -122.166921, 37.892055 ], [ -122.16688, 37.889503 ], [ -122.165032, 37.889546 ], [ -122.164991, 37.885346 ], [ -122.161695, 37.883093 ], [ -122.163238, 37.88113 ], [ -122.158168, 37.881156 ], [ -122.155806, 37.881857 ], [ -122.155732, 37.883567 ], [ -122.153683, 37.883035 ], [ -122.155439, 37.882571 ], [ -122.155859, 37.881386 ], [ -122.155545, 37.872628 ], [ -122.156675, 37.871604 ], [ -122.144251, 37.868521 ], [ -122.142905, 37.867282 ], [ -122.14323, 37.86591 ], [ -122.144288, 37.865644 ], [ -122.144363, 37.862697 ], [ -122.142938, 37.863284 ], [ -122.142597, 37.852651 ], [ -122.140324, 37.851951 ], [ -122.139444, 37.849036 ], [ -122.142392, 37.84734 ], [ -122.140523, 37.844245 ], [ -122.142351, 37.841358 ], [ -122.143451, 37.84195 ], [ -122.14604, 37.838867 ], [ -122.148685, 37.839188 ], [ -122.156741, 37.843638 ], [ -122.158533, 37.8419 ], [ -122.164017, 37.843375 ], [ -122.165486, 37.844505 ], [ -122.16807, 37.843742 ], [ -122.172601, 37.84516 ], [ -122.181285, 37.839716 ], [ -122.183758, 37.84007 ], [ -122.188671, 37.837919 ], [ -122.188597, 37.851054 ], [ -122.188969, 37.850435 ], [ -122.202657, 37.85048 ], [ -122.2031, 37.851192 ], [ -122.208898, 37.851941 ], [ -122.211854, 37.856801 ], [ -122.219826, 37.864771 ], [ -122.221418, 37.865468 ], [ -122.219791, 37.867332 ], [ -122.216372, 37.869075 ], [ -122.21764, 37.87225 ], [ -122.219804, 37.873495 ], [ -122.22362, 37.878566 ], [ -122.22884, 37.881023 ], [ -122.238679, 37.883325 ], [ -122.241971, 37.881927 ], [ -122.249262, 37.886972 ], [ -122.250286, 37.889828 ], [ -122.249145, 37.891128 ], [ -122.251052, 37.893819 ], [ -122.252867, 37.893732 ], [ -122.252679, 37.894987 ], [ -122.25363, 37.896138 ], [ -122.255156, 37.896258 ], [ -122.255413, 37.898829 ] ] ] } },
{ "type": "Feature", "properties": { "zip": "94505" }, "geometry": { "type": "Polygon", "coordinates": [ [ [ -121.6321, 37.896421 ], [ -121.623039, 37.896407 ], [ -121.622923, 37.914986 ], [ -121.621426, 37.91499 ], [ -121.621435, 37.916454 ], [ -121.62291, 37.916449 ], [ -121.622901, 37.917259 ], [ -121.618389, 37.917321 ], [ -121.618556, 37.918736 ], [ -121.62289, 37.918679 ], [ -121.622723, 37.932779 ], [ -121.608935, 37.932818 ], [ -121.60586, 37.917368 ], [ -121.59371, 37.917919 ], [ -121.591097, 37.920844 ], [ -121.58216, 37.917518 ], [ -121.577135, 37.918393 ], [ -121.574785, 37.917868 ], [ -121.571735, 37.915668 ], [ -121.565919, 37.916099 ], [ -121.563212, 37.912217 ], [ -121.563289, 37.910601 ], [ -121.564769, 37.909009 ], [ -121.572626, 37.904665 ], [ -121.571769, 37.902497 ], [ -121.566951, 37.899913 ], [ -121.565904, 37.897672 ], [ -121.566405, 37.895214 ], [ -121.567679, 37.892431 ], [ -121.569901, 37.890858 ], [ -121.575532, 37.88898 ], [ -121.575922, 37.887551 ], [ -121.57387, 37.883395 ], [ -121.579425, 37.8723 ], [ -121.578833, 37.86995 ], [ -121.57374, 37.866515 ], [ -121.573518, 37.864927 ], [ -121.568293, 37.859999 ], [ -121.570588, 37.85801 ], [ -121.568017, 37.857042 ], [ -121.565903, 37.857863 ], [ -121.56261, 37.853354 ], [ -121.561977, 37.853138 ], [ -121.561222, 37.854284 ], [ -121.562301, 37.855682 ], [ -121.561813, 37.857135 ], [ -121.559892, 37.858825 ], [ -121.555255, 37.858007 ], [ -121.553742, 37.859233 ], [ -121.553123, 37.860963 ], [ -121.551676, 37.8604 ], [ -121.548994, 37.85625 ], [ -121.547496, 37.855226 ], [ -121.541117, 37.857745 ], [ -121.540346, 37.856716 ], [ -121.541483, 37.855216 ], [ -121.54201, 37.851314 ], [ -121.540035, 37.848842 ], [ -121.538412, 37.849251 ], [ -121.537209, 37.850838 ], [ -121.534247, 37.849891 ], [ -121.534932, 37.847536 ], [ -121.536797, 37.846264 ], [ -121.536792, 37.844176 ], [ -121.538044, 37.84295 ], [ -121.537987, 37.84091 ], [ -121.538872, 37.839301 ], [ -121.538187, 37.837425 ], [ -121.541604, 37.83542 ], [ -121.542204, 37.833786 ], [ -121.544187, 37.832545 ], [ -121.545871, 37.832338 ], [ -121.549459, 37.833569 ], [ -121.551969, 37.830005 ], [ -121.552236, 37.827127 ], [ -121.551154, 37.825101 ], [ -121.552498, 37.824034 ], [ -121.55208, 37.822497 ], [ -121.553899, 37.818005 ], [ -121.556936, 37.817218 ], [ -121.55696, 37.798837 ], [ -121.602696, 37.827919 ], [ -121.618795, 37.845625 ], [ -121.612498, 37.846175 ], [ -121.614017, 37.847898 ], [ -121.613668, 37.867438 ], [ -121.617116, 37.867401 ], [ -121.614439, 37.88932 ], [ -121.632197, 37.889288 ], [ -121.6321, 37.896421 ] ] ] } },
{ "type": "Feature", "properties": { "zip": "94506" }, "geometry": { "type": "Polygon", "coordinates": [ [ [ -121.9671, 37.835227 ], [ -121.9659, 37.833926 ], [ -121.962194, 37.833074 ], [ -121.960481, 37.833502 ], [ -121.959075, 37.833215 ], [ -121.956885, 37.832063 ], [ -121.95192, 37.831928 ], [ -121.951617, 37.835169 ], [ -121.94797, 37.838902 ], [ -121.947562, 37.840228 ], [ -121.949178, 37.840865 ], [ -121.950215, 37.843921 ], [ -121.948148, 37.842284 ], [ -121.946133, 37.843306 ], [ -121.943931, 37.841977 ], [ -121.941649, 37.843409 ], [ -121.940342, 37.84319 ], [ -121.9407, 37.841922 ], [ -121.938162, 37.841173 ], [ -121.937264, 37.844271 ], [ -121.936026, 37.843621 ], [ -121.933759, 37.844023 ], [ -121.932422, 37.841562 ], [ -121.927076, 37.842783 ], [ -121.925221, 37.841146 ], [ -121.922674, 37.840881 ], [ -121.922342, 37.842585 ], [ -121.921069, 37.843025 ], [ -121.909171, 37.840316 ], [ -121.862967, 37.833625 ], [ -121.866077, 37.826095 ], [ -121.86875, 37.822051 ], [ -121.871678, 37.819764 ], [ -121.871855, 37.817187 ], [ -121.874803, 37.813137 ], [ -121.874979, 37.81108 ], [ -121.87647, 37.809811 ], [ -121.866661, 37.807209 ], [ -121.86056, 37.803554 ], [ -121.860624, 37.806331 ], [ -121.858757, 37.808319 ], [ -121.86042, 37.806046 ], [ -121.860151, 37.804137 ], [ -121.86186, 37.799344 ], [ -121.86393, 37.797426 ], [ -121.865054, 37.79496 ], [ -121.863785, 37.790962 ], [ -121.864188, 37.788418 ], [ -121.861702, 37.775838 ], [ -121.86633, 37.765415 ], [ -121.868081, 37.756638 ], [ -121.872984, 37.754316 ], [ -121.875798, 37.75154 ], [ -121.874921, 37.749589 ], [ -121.883195, 37.742993 ], [ -121.882595, 37.745426 ], [ -121.882852, 37.752847 ], [ -121.879615, 37.757551 ], [ -121.88115, 37.758633 ], [ -121.8809, 37.76577 ], [ -121.879193, 37.767531 ], [ -121.880015, 37.769321 ], [ -121.878978, 37.771874 ], [ -121.877015, 37.773364 ], [ -121.876978, 37.77574 ], [ -121.878487, 37.778108 ], [ -121.87811, 37.781274 ], [ -121.900663, 37.781404 ], [ -121.900635, 37.788665 ], [ -121.923766, 37.788259 ], [ -121.923715, 37.792411 ], [ -121.932785, 37.792389 ], [ -121.932844, 37.7889 ], [ -121.941942, 37.788793 ], [ -121.941944, 37.79106 ], [ -121.946477, 37.793139 ], [ -121.94646, 37.794502 ], [ -121.95353, 37.798125 ], [ -121.951156, 37.802573 ], [ -121.952084, 37.803166 ], [ -121.949581, 37.807469 ], [ -121.942507, 37.804171 ], [ -121.941723, 37.805916 ], [ -121.942626, 37.809074 ], [ -121.945062, 37.810267 ], [ -121.945867, 37.809154 ], [ -121.948706, 37.810728 ], [ -121.948948, 37.812908 ], [ -121.951122, 37.812462 ], [ -121.951102, 37.816693 ], [ -121.947601, 37.816862 ], [ -121.948844, 37.819445 ], [ -121.954955, 37.821883 ], [ -121.954602, 37.823594 ], [ -121.957405, 37.826403 ], [ -121.959773, 37.830852 ], [ -121.95647, 37.831739 ], [ -121.959128, 37.833088 ], [ -121.962475, 37.832936 ], [ -121.966155, 37.833933 ], [ -121.9671, 37.835227 ] ] ] } },
{ "type": "Feature", "properties": { "zip": "94509" }, "geometry": { "type": "Polygon", "coordinates": [ [ [ -121.868998, 37.956382 ], [ -121.86897, 37.983009 ], [ -121.860482, 37.983156 ], [ -121.860849, 37.998002 ], [ -121.856032, 37.998 ], [ -121.85663, 38.00525 ], [ -121.855727, 38.008803 ], [ -121.837431, 38.003778 ], [ -121.833212, 38.007495 ], [ -121.844901, 38.010007 ], [ -121.842445, 38.013112 ], [ -121.842383, 38.020467 ], [ -121.838245, 38.024858 ], [ -121.837249, 38.024471 ], [ -121.835569, 38.025563 ], [ -121.834479, 38.024036 ], [ -121.826173, 38.024323 ], [ -121.817686, 38.018401 ], [ -121.803958, 38.016407 ], [ -121.803909, 38.017396 ], [ -121.80026, 38.017457 ], [ -121.784488, 38.014953 ], [ -121.779571, 38.014803 ], [ -121.772023, 38.016411 ], [ -121.767383, 38.018573 ], [ -121.764564, 38.018506 ], [ -121.765244, 38.019122 ], [ -121.762875, 38.019961 ], [ -121.757168, 38.019829 ], [ -121.755773, 38.017596 ], [ -121.755487, 38.019815 ], [ -121.751593, 38.019749 ], [ -121.750763, 38.009082 ], [ -121.752384, 38.009257 ], [ -121.756474, 37.993059 ], [ -121.75825, 37.990949 ], [ -121.761773, 37.990312 ], [ -121.771461, 37.993698 ], [ -121.785342, 37.996119 ], [ -121.783901, 37.992936 ], [ -121.784592, 37.990162 ], [ -121.787582, 37.990351 ], [ -121.787576, 37.987314 ], [ -121.78569, 37.987313 ], [ -121.785389, 37.984801 ], [ -121.783828, 37.982424 ], [ -121.786415, 37.977827 ], [ -121.785966, 37.975915 ], [ -121.78223, 37.971208 ], [ -121.785015, 37.969564 ], [ -121.785912, 37.96806 ], [ -121.797062, 37.97164 ], [ -121.803564, 37.97809 ], [ -121.804417, 37.977392 ], [ -121.803151, 37.976209 ], [ -121.804904, 37.973614 ], [ -121.805461, 37.967575 ], [ -121.808229, 37.967469 ], [ -121.812794, 37.965463 ], [ -121.822413, 37.965345 ], [ -121.821779, 37.962812 ], [ -121.823125, 37.959852 ], [ -121.824053, 37.95459 ], [ -121.82098, 37.952768 ], [ -121.830751, 37.94794 ], [ -121.831345, 37.946965 ], [ -121.833962, 37.946344 ], [ -121.834816, 37.945303 ], [ -121.835824, 37.945337 ], [ -121.837172, 37.947236 ], [ -121.841926, 37.948913 ], [ -121.845946, 37.952726 ], [ -121.844327, 37.957245 ], [ -121.843271, 37.955351 ], [ -121.84072, 37.95553 ], [ -121.839467, 37.956486 ], [ -121.838587, 37.95957 ], [ -121.83541, 37.959669 ], [ -121.83396, 37.960921 ], [ -121.831661, 37.961424 ], [ -121.830899, 37.963811 ], [ -121.828204, 37.965482 ], [ -121.834461, 37.966009 ], [ -121.837594, 37.967673 ], [ -121.837604, 37.968623 ], [ -121.851272, 37.968723 ], [ -121.85128, 37.983194 ], [ -121.854651, 37.983216 ], [ -121.85569, 37.981087 ], [ -121.857318, 37.980407 ], [ -121.861695, 37.976177 ], [ -121.861513, 37.974491 ], [ -121.863577, 37.968522 ], [ -121.862947, 37.959289 ], [ -121.865467, 37.956128 ], [ -121.868998, 37.956382 ] ] ] } },
{ "type": "Feature", "properties": { "zip": "94024" }, "geometry": { "type": "Polygon", "coordinates": [ [ [ -122.143549, 37.346045 ], [ -122.141535, 37.346076 ], [ -122.141628, 37.348914 ], [ -122.137222, 37.348957 ], [ -122.135846, 37.34624 ], [ -122.134162, 37.348882 ], [ -122.128852, 37.348897 ], [ -122.127808, 37.346798 ], [ -122.124112, 37.346858 ], [ -122.12342, 37.34868 ], [ -122.120332, 37.347359 ], [ -122.115758, 37.355966 ], [ -122.11796, 37.35771 ], [ -122.120229, 37.36112 ], [ -122.11201, 37.369267 ], [ -122.110769, 37.3686 ], [ -122.109589, 37.369604 ], [ -122.11069, 37.37062 ], [ -122.099379, 37.361888 ], [ -122.1097, 37.37005 ], [ -122.109251, 37.371181 ], [ -122.10978, 37.37165 ], [ -122.10053, 37.38146 ], [ -122.097889, 37.38138 ], [ -122.096571, 37.38248 ], [ -122.097197, 37.3842 ], [ -122.09598, 37.38553 ], [ -122.095983, 37.384675 ], [ -122.09076, 37.384645 ], [ -122.09044, 37.38405 ], [ -122.089516, 37.384576 ], [ -122.090105, 37.382621 ], [ -122.088874, 37.381345 ], [ -122.09598, 37.38139 ], [ -122.095991, 37.379658 ], [ -122.09319, 37.379648 ], [ -122.0932, 37.37677 ], [ -122.095975, 37.3768 ], [ -122.09603, 37.366898 ], [ -122.089767, 37.366852 ], [ -122.089161, 37.365937 ], [ -122.082393, 37.366826 ], [ -122.077853, 37.366168 ], [ -122.07781, 37.35902 ], [ -122.070517, 37.359037 ], [ -122.068683, 37.357924 ], [ -122.06866, 37.35676 ], [ -122.06575, 37.35676 ], [ -122.065706, 37.359508 ], [ -122.063014, 37.35955 ], [ -122.06061, 37.35204 ], [ -122.063079, 37.352054 ], [ -122.064696, 37.348951 ], [ -122.063638, 37.346968 ], [ -122.065192, 37.34315 ], [ -122.062057, 37.338075 ], [ -122.067559, 37.337473 ], [ -122.06382, 37.334151 ], [ -122.068029, 37.335452 ], [ -122.06833, 37.33419 ], [ -122.06383, 37.33349 ], [ -122.059654, 37.329347 ], [ -122.060292, 37.328539 ], [ -122.06229, 37.32871 ], [ -122.062256, 37.329849 ], [ -122.06913, 37.33141 ], [ -122.069709, 37.329723 ], [ -122.071637, 37.331325 ], [ -122.079695, 37.334094 ], [ -122.080826, 37.331947 ], [ -122.083371, 37.333864 ], [ -122.083166, 37.336886 ], [ -122.089656, 37.340627 ], [ -122.09098, 37.336116 ], [ -122.0926, 37.33577 ], [ -122.09339, 37.33361 ], [ -122.09709, 37.33149 ], [ -122.101578, 37.332796 ], [ -122.103844, 37.335219 ], [ -122.107153, 37.336646 ], [ -122.118506, 37.336646 ], [ -122.122243, 37.338511 ], [ -122.131679, 37.340123 ], [ -122.13222, 37.331102 ], [ -122.145704, 37.331047 ], [ -122.143549, 37.346045 ] ] ] } },
{ "type": "Feature", "properties": { "zip": "94025" }, "geometry": { "type": "Polygon", "coordinates": [ [ [ -122.229271, 37.424733 ], [ -122.224551, 37.424114 ], [ -122.220958, 37.427935 ], [ -122.218968, 37.42896 ], [ -122.217549, 37.427958 ], [ -122.213376, 37.432742 ], [ -122.213989, 37.433158 ], [ -122.212443, 37.435013 ], [ -122.212402, 37.436569 ], [ -122.210916, 37.438338 ], [ -122.21012, 37.437928 ], [ -122.207605, 37.440125 ], [ -122.201773, 37.438902 ], [ -122.187594, 37.455822 ], [ -122.195615, 37.459851 ], [ -122.19342, 37.461786 ], [ -122.192005, 37.460967 ], [ -122.189241, 37.464557 ], [ -122.186344, 37.463118 ], [ -122.188511, 37.460306 ], [ -122.183749, 37.45795 ], [ -122.180861, 37.461594 ], [ -122.179781, 37.460203 ], [ -122.176698, 37.458662 ], [ -122.175445, 37.460276 ], [ -122.173947, 37.459524 ], [ -122.167865, 37.471696 ], [ -122.174491, 37.475234 ], [ -122.177902, 37.476186 ], [ -122.186779, 37.476758 ], [ -122.189696, 37.471722 ], [ -122.192198, 37.472716 ], [ -122.193335, 37.47087 ], [ -122.197954, 37.472638 ], [ -122.202105, 37.467273 ], [ -122.20365, 37.468247 ], [ -122.206121, 37.465142 ], [ -122.209776, 37.467741 ], [ -122.20896, 37.467227 ], [ -122.206037, 37.469751 ], [ -122.201156, 37.476966 ], [ -122.186013, 37.478015 ], [ -122.181906, 37.48252 ], [ -122.182876, 37.483998 ], [ -122.18221, 37.485133 ], [ -122.189293, 37.486661 ], [ -122.189498, 37.487529 ], [ -122.182775, 37.48825 ], [ -122.165076, 37.482852 ], [ -122.158125, 37.482065 ], [ -122.150415, 37.482141 ], [ -122.150898, 37.485328 ], [ -122.149583, 37.486479 ], [ -122.146116, 37.486609 ], [ -122.145164, 37.484272 ], [ -122.142717, 37.486479 ], [ -122.141546, 37.485455 ], [ -122.139764, 37.480852 ], [ -122.139519, 37.475927 ], [ -122.145864, 37.475594 ], [ -122.147181, 37.473573 ], [ -122.153693, 37.474498 ], [ -122.156315, 37.469409 ], [ -122.150557, 37.465987 ], [ -122.151257, 37.462739 ], [ -122.149996, 37.461753 ], [ -122.144605, 37.460473 ], [ -122.144933, 37.4582 ], [ -122.146761, 37.456585 ], [ -122.153513, 37.456677 ], [ -122.155928, 37.455418 ], [ -122.155708, 37.454176 ], [ -122.157686, 37.453495 ], [ -122.159519, 37.454721 ], [ -122.165302, 37.452843 ], [ -122.16582, 37.450926 ], [ -122.168747, 37.447435 ], [ -122.171706, 37.44678 ], [ -122.174146, 37.444779 ], [ -122.175704, 37.441884 ], [ -122.179804, 37.44084 ], [ -122.17986, 37.439461 ], [ -122.182175, 37.439478 ], [ -122.184559, 37.434093 ], [ -122.187653, 37.433313 ], [ -122.190506, 37.430956 ], [ -122.18961, 37.427137 ], [ -122.191325, 37.425302 ], [ -122.188294, 37.422302 ], [ -122.187915, 37.420016 ], [ -122.190267, 37.418477 ], [ -122.187194, 37.416547 ], [ -122.187557, 37.414841 ], [ -122.192365, 37.413868 ], [ -122.192108, 37.413099 ], [ -122.193608, 37.41167 ], [ -122.194195, 37.409088 ], [ -122.199439, 37.41078 ], [ -122.199466, 37.411608 ], [ -122.201113, 37.411072 ], [ -122.206887, 37.412899 ], [ -122.214828, 37.418266 ], [ -122.222136, 37.419638 ], [ -122.229271, 37.424733 ] ] ] } },
{ "type": "Feature", "properties": { "zip": "94030" }, "geometry": { "type": "Polygon", "coordinates": [ [ [ -122.428368, 37.60573 ], [ -122.426715, 37.604947 ], [ -122.420723, 37.609223 ], [ -122.415877, 37.610715 ], [ -122.409266, 37.614052 ], [ -122.405808, 37.612238 ], [ -122.405281, 37.613604 ], [ -122.406072, 37.614982 ], [ -122.401743, 37.610853 ], [ -122.400479, 37.611499 ], [ -122.40108, 37.612182 ], [ -122.400163, 37.612646 ], [ -122.399083, 37.612019 ], [ -122.396469, 37.612862 ], [ -122.383531, 37.604481 ], [ -122.378861, 37.60724 ], [ -122.377843162152999, 37.606688588126403 ], [ -122.378545, 37.605592 ], [ -122.377045589901002, 37.605099933528003 ], [ -122.384059, 37.600448 ], [ -122.382914, 37.599459 ], [ -122.380429, 37.600932 ], [ -122.378841, 37.600986 ], [ -122.387148, 37.595636 ], [ -122.390105, 37.592501 ], [ -122.388313, 37.59119 ], [ -122.389946, 37.588242 ], [ -122.39095, 37.588998 ], [ -122.39551, 37.585469 ], [ -122.399164, 37.584453 ], [ -122.403618, 37.581612 ], [ -122.411049, 37.587559 ], [ -122.426729, 37.602211 ], [ -122.428368, 37.60573 ] ] ] } },
{ "type": "Feature", "properties": { "zip": "94037" }, "geometry": { "type": "Polygon", "coordinates": [ [ [ -122.519493891362998, 37.537403451312301 ], [ -122.516589, 37.544939 ], [ -122.514789, 37.546139 ], [ -122.513688, 37.552239 ], [ -122.515165, 37.566285 ], [ -122.517682498179994, 37.567423221530603 ], [ -122.516353, 37.569528 ], [ -122.518105, 37.570996 ], [ -122.517614, 37.573221 ], [ -122.514214, 37.574803 ], [ -122.512662, 37.577593 ], [ -122.509125, 37.574061 ], [ -122.500361, 37.572344 ], [ -122.497582, 37.570514 ], [ -122.494425, 37.570291 ], [ -122.492571, 37.566594 ], [ -122.485426, 37.565514 ], [ -122.480068, 37.562139 ], [ -122.477887, 37.562138 ], [ -122.477695, 37.563548 ], [ -122.467639, 37.563507 ], [ -122.467624, 37.566287 ], [ -122.459786, 37.566037 ], [ -122.468163, 37.56079 ], [ -122.469257, 37.559203 ], [ -122.46514, 37.554941 ], [ -122.469107, 37.555351 ], [ -122.470948, 37.554418 ], [ -122.472182, 37.552088 ], [ -122.472147, 37.549786 ], [ -122.473092, 37.549028 ], [ -122.473594, 37.545588 ], [ -122.480554, 37.540135 ], [ -122.482465, 37.539816 ], [ -122.485983, 37.537408 ], [ -122.488993, 37.533661 ], [ -122.491064, 37.534355 ], [ -122.493851, 37.53341 ], [ -122.497761, 37.533496 ], [ -122.498542, 37.53396 ], [ -122.496736, 37.536642 ], [ -122.498824, 37.537584 ], [ -122.499885, 37.53601 ], [ -122.502631, 37.53676 ], [ -122.503876, 37.535725 ], [ -122.505609, 37.536466 ], [ -122.511113, 37.532504 ], [ -122.519493891362998, 37.537403451312301 ] ] ] } },
{ "type": "Feature", "properties": { "zip": "94038" }, "geometry": { "type": "Polygon", "coordinates": [ [ [ -122.519493891362998, 37.537403451312301 ], [ -122.511113, 37.532504 ], [ -122.505609, 37.536466 ], [ -122.503876, 37.535725 ], [ -122.502631, 37.53676 ], [ -122.499885, 37.53601 ], [ -122.498824, 37.537584 ], [ -122.496736, 37.536642 ], [ -122.498542, 37.53396 ], [ -122.497761, 37.533496 ], [ -122.493851, 37.53341 ], [ -122.491064, 37.534355 ], [ -122.488993, 37.533661 ], [ -122.485983, 37.537408 ], [ -122.482465, 37.539816 ], [ -122.480554, 37.540135 ], [ -122.473594, 37.545588 ], [ -122.473092, 37.549028 ], [ -122.472147, 37.549786 ], [ -122.472182, 37.552088 ], [ -122.470948, 37.554418 ], [ -122.469107, 37.555351 ], [ -122.460896, 37.55417 ], [ -122.459206, 37.554923 ], [ -122.458439, 37.552576 ], [ -122.457106, 37.552066 ], [ -122.456832, 37.551155 ], [ -122.455944, 37.551795 ], [ -122.451356, 37.551756 ], [ -122.448875, 37.548845 ], [ -122.446578, 37.54393 ], [ -122.441363, 37.54025 ], [ -122.440672, 37.538956 ], [ -122.444945, 37.538176 ], [ -122.448632, 37.539344 ], [ -122.451565, 37.535284 ], [ -122.452907, 37.531745 ], [ -122.458538, 37.533331 ], [ -122.472305, 37.530618 ], [ -122.478821, 37.527944 ], [ -122.482292, 37.52554 ], [ -122.48627, 37.519966 ], [ -122.4885, 37.521521 ], [ -122.489642, 37.518484 ], [ -122.488924, 37.51727 ], [ -122.489093, 37.512973 ], [ -122.487796, 37.511594 ], [ -122.488181, 37.509951 ], [ -122.487042, 37.504743 ], [ -122.490152, 37.505784 ], [ -122.49289, 37.505129 ], [ -122.491711, 37.504059 ], [ -122.493342, 37.502518 ], [ -122.48741, 37.504141 ], [ -122.486968, 37.503612 ], [ -122.493541, 37.501564 ], [ -122.495581, 37.500064 ], [ -122.496227, 37.498189 ], [ -122.493146511674993, 37.492528029888298 ], [ -122.493789, 37.492341 ], [ -122.495349, 37.495574 ], [ -122.499289, 37.495341 ], [ -122.50073, 37.498017 ], [ -122.498699, 37.500837 ], [ -122.501546, 37.50456 ], [ -122.505903, 37.507106 ], [ -122.512382, 37.514115 ], [ -122.516689, 37.52134 ], [ -122.519493891362998, 37.537403451312301 ] ] ] } },
{ "type": "Feature", "properties": { "zip": "94044" }, "geometry": { "type": "Polygon", "coordinates": [ [ [ -122.520852, 37.594178 ], [ -122.515326, 37.595564 ], [ -122.514724, 37.598285 ], [ -122.507648, 37.59607 ], [ -122.501386, 37.599637 ], [ -122.500429, 37.604143 ], [ -122.502126, 37.606416 ], [ -122.50233, 37.608285 ], [ -122.49821, 37.608267 ], [ -122.496786, 37.612136 ], [ -122.498192, 37.614116 ], [ -122.498032, 37.620819 ], [ -122.495886, 37.622768 ], [ -122.494085, 37.644035 ], [ -122.495378215781997, 37.664349843544599 ], [ -122.493743, 37.664411 ], [ -122.490207, 37.661098 ], [ -122.485744, 37.6615 ], [ -122.484728, 37.662489 ], [ -122.485725, 37.664311 ], [ -122.485016, 37.664289 ], [ -122.484867, 37.666368 ], [ -122.481598, 37.666134 ], [ -122.475791, 37.660514 ], [ -122.471338, 37.653036 ], [ -122.471864, 37.64914 ], [ -122.468508, 37.643657 ], [ -122.464132, 37.638791 ], [ -122.468078, 37.637605 ], [ -122.468567, 37.638242 ], [ -122.47272, 37.633802 ], [ -122.472396, 37.631489 ], [ -122.462785, 37.619335 ], [ -122.453017, 37.618274 ], [ -122.45095, 37.617537 ], [ -122.451445, 37.617128 ], [ -122.450068, 37.615586 ], [ -122.450593, 37.61569 ], [ -122.443921, 37.593616 ], [ -122.462851, 37.584507 ], [ -122.459763, 37.584472 ], [ -122.459658, 37.578139 ], [ -122.450982, 37.578041 ], [ -122.450871, 37.570543 ], [ -122.459386, 37.570737 ], [ -122.459486, 37.566037 ], [ -122.467624, 37.566287 ], [ -122.467639, 37.563507 ], [ -122.477695, 37.563548 ], [ -122.477887, 37.562138 ], [ -122.480068, 37.562139 ], [ -122.485426, 37.565514 ], [ -122.492571, 37.566594 ], [ -122.494425, 37.570291 ], [ -122.497582, 37.570514 ], [ -122.500361, 37.572344 ], [ -122.509125, 37.574061 ], [ -122.512662, 37.577593 ], [ -122.508964, 37.584255 ], [ -122.507464, 37.584963 ], [ -122.513994, 37.585186 ], [ -122.517417749817, 37.586797587065803 ], [ -122.517187, 37.590637 ], [ -122.520852, 37.594178 ] ] ] } },
{ "type": "Feature", "properties": { "zip": "94061" }, "geometry": { "type": "Polygon", "coordinates": [ [ [ -122.270747, 37.447538 ], [ -122.266594, 37.450734 ], [ -122.269091, 37.452246 ], [ -122.266623, 37.454113 ], [ -122.268021, 37.456358 ], [ -122.267599, 37.457254 ], [ -122.266237, 37.45559 ], [ -122.263525, 37.454358 ], [ -122.258865, 37.45691 ], [ -122.259232, 37.457665 ], [ -122.2585, 37.457241 ], [ -122.257247, 37.458272 ], [ -122.258951, 37.459714 ], [ -122.254783, 37.461385 ], [ -122.254264, 37.463374 ], [ -122.250544, 37.463638 ], [ -122.249876, 37.465347 ], [ -122.249169, 37.465277 ], [ -122.248826, 37.466588 ], [ -122.249913, 37.468758 ], [ -122.247143, 37.469787 ], [ -122.24668, 37.468977 ], [ -122.24541, 37.469438 ], [ -122.246168, 37.470144 ], [ -122.243284, 37.471196 ], [ -122.242425, 37.470507 ], [ -122.242322, 37.471552 ], [ -122.239588, 37.472758 ], [ -122.240292, 37.473264 ], [ -122.237014, 37.476045 ], [ -122.236164, 37.47701 ], [ -122.236589, 37.47735 ], [ -122.235627, 37.47736 ], [ -122.231258, 37.481532 ], [ -122.229626, 37.482088 ], [ -122.213684, 37.470656 ], [ -122.213134, 37.471193 ], [ -122.211288, 37.470043 ], [ -122.211847, 37.469246 ], [ -122.21245, 37.469684 ], [ -122.216267, 37.464893 ], [ -122.217738, 37.46429 ], [ -122.219109, 37.460814 ], [ -122.22198, 37.457273 ], [ -122.217502, 37.453367 ], [ -122.224967, 37.443965 ], [ -122.240316, 37.455013 ], [ -122.243654, 37.453223 ], [ -122.24694, 37.455486 ], [ -122.257343, 37.447204 ], [ -122.260262, 37.447453 ], [ -122.260423, 37.446349 ], [ -122.263109, 37.443965 ], [ -122.269467, 37.444608 ], [ -122.269864, 37.445333 ], [ -122.268859, 37.446041 ], [ -122.270747, 37.447538 ] ] ] } },
{ "type": "Feature", "properties": { "zip": "94065" }, "geometry": { "type": "Polygon", "coordinates": [ [ [ -122.269993, 37.530653 ], [ -122.267925, 37.530658 ], [ -122.266147, 37.533946 ], [ -122.264999, 37.534388 ], [ -122.261373, 37.533401 ], [ -122.260429, 37.539677 ], [ -122.258462, 37.541183 ], [ -122.251933, 37.540409 ], [ -122.252371, 37.544505 ], [ -122.250724, 37.548194 ], [ -122.243962966831006, 37.553729624783202 ], [ -122.244226, 37.549813 ], [ -122.244895, 37.550033 ], [ -122.244163, 37.549039 ], [ -122.232397, 37.548593 ], [ -122.22888, 37.549402 ], [ -122.227012164117994, 37.5484238325162 ], [ -122.224231421178999, 37.544554847768403 ], [ -122.233313, 37.532143 ], [ -122.242954, 37.527657 ], [ -122.244279, 37.524515 ], [ -122.245841, 37.523519 ], [ -122.245884, 37.521537 ], [ -122.248602, 37.516493 ], [ -122.248605, 37.518148 ], [ -122.250838, 37.517879 ], [ -122.254837, 37.515505 ], [ -122.26192, 37.521171 ], [ -122.260675, 37.522442 ], [ -122.263224, 37.523197 ], [ -122.264129, 37.52456 ], [ -122.263646, 37.526296 ], [ -122.266141, 37.527095 ], [ -122.265151, 37.528482 ], [ -122.267991, 37.527722 ], [ -122.269993, 37.530653 ] ] ] } },
{ "type": "Feature", "properties": { "zip": "94080" }, "geometry": { "type": "Polygon", "coordinates": [ [ [ -122.471864, 37.64914 ], [ -122.469055, 37.650391 ], [ -122.458997, 37.64983 ], [ -122.455649, 37.650555 ], [ -122.450394, 37.648505 ], [ -122.453794, 37.655921 ], [ -122.456121, 37.653992 ], [ -122.457616, 37.656732 ], [ -122.463833, 37.661069 ], [ -122.463414, 37.662349 ], [ -122.460525, 37.664057 ], [ -122.461806, 37.665697 ], [ -122.45342, 37.670787 ], [ -122.454046, 37.672717 ], [ -122.444615, 37.665485 ], [ -122.436628, 37.671488 ], [ -122.433481, 37.670243 ], [ -122.429172, 37.68297 ], [ -122.4282, 37.681292 ], [ -122.424111, 37.678885 ], [ -122.42403, 37.676925 ], [ -122.420335, 37.674554 ], [ -122.415111, 37.674501 ], [ -122.415129, 37.671795 ], [ -122.408658, 37.671082 ], [ -122.407712, 37.67184 ], [ -122.407909, 37.674813 ], [ -122.402944, 37.67328 ], [ -122.396588, 37.674718 ], [ -122.3966, 37.673881 ], [ -122.391046, 37.673197 ], [ -122.391917, 37.671762 ], [ -122.380995, 37.671769970391601 ], [ -122.380995, 37.667855 ], [ -122.374291, 37.662206 ], [ -122.376241, 37.655249 ], [ -122.380044, 37.647721 ], [ -122.391215, 37.646404 ], [ -122.389313, 37.640193 ], [ -122.391663, 37.639095 ], [ -122.401047, 37.638862 ], [ -122.402698, 37.638242 ], [ -122.402722, 37.635537 ], [ -122.406058, 37.635544 ], [ -122.405989, 37.634565 ], [ -122.407582, 37.633899 ], [ -122.411426, 37.63397 ], [ -122.411577, 37.641231 ], [ -122.416763, 37.639353 ], [ -122.418482, 37.642316 ], [ -122.423435, 37.640472 ], [ -122.433034, 37.634383 ], [ -122.437131, 37.638134 ], [ -122.443921, 37.63449 ], [ -122.446901, 37.636929 ], [ -122.448398, 37.635199 ], [ -122.458683, 37.640463 ], [ -122.464132, 37.638791 ], [ -122.468508, 37.643657 ], [ -122.471864, 37.64914 ] ] ] } },
{ "type": "Feature", "properties": { "zip": "94089" }, "geometry": { "type": "Polygon", "coordinates": [ [ [ -122.041335, 37.440952 ], [ -121.995744, 37.417377 ], [ -121.987601, 37.416927 ], [ -121.987577, 37.411822 ], [ -121.986838, 37.412059 ], [ -121.986976, 37.388448 ], [ -122.008674, 37.394657 ], [ -122.037361, 37.400906 ], [ -122.03703, 37.419 ], [ -122.03531, 37.42645 ], [ -122.041089, 37.427007 ], [ -122.041335, 37.440952 ] ] ] } },
{ "type": "Feature", "properties": { "zip": "94103" }, "geometry": { "type": "Polygon", "coordinates": [ [ [ -122.428657, 37.767735 ], [ -122.403456, 37.787776 ], [ -122.401825, 37.787272 ], [ -122.402575, 37.786678 ], [ -122.400468, 37.78503 ], [ -122.39937, 37.785899 ], [ -122.397812, 37.784667 ], [ -122.406163, 37.778943 ], [ -122.401979, 37.77647 ], [ -122.402524, 37.776039 ], [ -122.399616, 37.773429 ], [ -122.403878, 37.770063 ], [ -122.401993, 37.769029 ], [ -122.400023, 37.770515 ], [ -122.399046, 37.769732 ], [ -122.400783, 37.768362 ], [ -122.399678, 37.766695 ], [ -122.400633, 37.764898 ], [ -122.410364, 37.76431 ], [ -122.410487, 37.765606 ], [ -122.420581, 37.764996 ], [ -122.420864, 37.763738 ], [ -122.421853, 37.764571 ], [ -122.426756, 37.764622 ], [ -122.42724, 37.767833 ], [ -122.428657, 37.767735 ] ] ] } },
{ "type": "Feature", "properties": { "zip": "94107" }, "geometry": { "type": "Polygon", "coordinates": [ [ [ -122.406262, 37.759452 ], [ -122.40509, 37.764628 ], [ -122.400633, 37.764898 ], [ -122.399678, 37.766695 ], [ -122.400783, 37.768362 ], [ -122.399046, 37.769732 ], [ -122.400023, 37.770515 ], [ -122.401993, 37.769029 ], [ -122.403878, 37.770063 ], [ -122.399616, 37.773429 ], [ -122.402524, 37.776039 ], [ -122.401979, 37.77647 ], [ -122.406163, 37.778943 ], [ -122.395645, 37.786379 ], [ -122.394023, 37.785209 ], [ -122.395161, 37.784311 ], [ -122.39454, 37.783815 ], [ -122.390182, 37.786658 ], [ -122.389637, 37.786224 ], [ -122.390295, 37.785767 ], [ -122.387669, 37.784762 ], [ -122.387669, 37.782791029411797 ], [ -122.388399, 37.780766 ], [ -122.391707, 37.77802 ], [ -122.390215, 37.776723 ], [ -122.392346, 37.775027 ], [ -122.393944, 37.77626 ], [ -122.396188, 37.774519 ], [ -122.39683, 37.775032 ], [ -122.399075, 37.773284 ], [ -122.398493, 37.772462 ], [ -122.39925, 37.773145 ], [ -122.400367, 37.771683 ], [ -122.394473, 37.766582 ], [ -122.392714, 37.764084 ], [ -122.387917, 37.764379 ], [ -122.382285, 37.760855 ], [ -122.381331, 37.755306 ], [ -122.383103, 37.753312 ], [ -122.382266933582997, 37.753153656024097 ], [ -122.38789, 37.752819 ], [ -122.387718, 37.750255 ], [ -122.403784, 37.749433 ], [ -122.403061, 37.751916 ], [ -122.403396, 37.756471 ], [ -122.406262, 37.759452 ] ] ] } },
{ "type": "Feature", "properties": { "zip": "94115" }, "geometry": { "type": "Polygon", "coordinates": [ [ [ -122.44802, 37.791659 ], [ -122.446344, 37.792164 ], [ -122.446524, 37.793337 ], [ -122.430104, 37.795463 ], [ -122.426829, 37.779258 ], [ -122.444585, 37.776629 ], [ -122.446197, 37.780031 ], [ -122.444441, 37.782678 ], [ -122.445826, 37.782512 ], [ -122.446422, 37.78537 ], [ -122.44762, 37.785084 ], [ -122.446793, 37.787262 ], [ -122.44802, 37.791659 ] ] ] } },
{ "type": "Feature", "properties": { "zip": "95130" }, "geometry": { "type": "Polygon", "coordinates": [ [ [ -121.994554, 37.289476 ], [ -121.992147, 37.291635 ], [ -121.990002, 37.290133 ], [ -121.987439, 37.290193 ], [ -121.984638, 37.292427 ], [ -121.98819, 37.295038 ], [ -121.987131, 37.295975 ], [ -121.983932, 37.293632 ], [ -121.981684, 37.295583 ], [ -121.98409, 37.297237 ], [ -121.983184, 37.298005 ], [ -121.983738, 37.298414 ], [ -121.980884, 37.296794 ], [ -121.981353, 37.298338 ], [ -121.979521, 37.300481 ], [ -121.974051, 37.300963 ], [ -121.971056, 37.299702 ], [ -121.970263, 37.301037 ], [ -121.964285, 37.301176 ], [ -121.961852, 37.297892 ], [ -121.962292, 37.29603 ], [ -121.970857, 37.295365 ], [ -121.970718, 37.290803 ], [ -121.976598, 37.290779 ], [ -121.976599, 37.289826 ], [ -121.980593, 37.292232 ], [ -121.981645, 37.291322 ], [ -121.979815, 37.289983 ], [ -121.984115, 37.286238 ], [ -121.983107, 37.286049 ], [ -121.982943, 37.283453 ], [ -121.976631, 37.283601 ], [ -121.976584, 37.281839 ], [ -121.978046, 37.28124 ], [ -121.977277, 37.279143 ], [ -121.979788, 37.279004 ], [ -121.979683, 37.276498 ], [ -121.983033, 37.276406 ], [ -121.98292, 37.273431 ], [ -121.98533, 37.272359 ], [ -121.989146, 37.272736 ], [ -121.99063, 37.271673 ], [ -121.990821, 37.269843 ], [ -121.993802, 37.271972 ], [ -121.992863, 37.271792 ], [ -121.992004, 37.273596 ], [ -121.992414, 37.276151 ], [ -121.989497, 37.276231 ], [ -121.989675, 37.280227 ], [ -121.994313, 37.280536 ], [ -121.994453, 37.284213 ], [ -121.992501, 37.284445 ], [ -121.992517, 37.285341 ], [ -121.994493, 37.285119 ], [ -121.994554, 37.289476 ] ], [ [ -121.989588, 37.281341 ], [ -121.987466, 37.281629 ], [ -121.987422, 37.28081 ], [ -121.986283, 37.280852 ], [ -121.986422, 37.283395 ], [ -121.989658, 37.283331 ], [ -121.989588, 37.281341 ] ] ] } },
{ "type": "Feature", "properties": { "zip": "95132" }, "geometry": { "type": "Polygon", "coordinates": [ [ [ -121.888863, 37.407575 ], [ -121.880811, 37.411522 ], [ -121.882056, 37.413152 ], [ -121.880043, 37.41384 ], [ -121.880261, 37.414516 ], [ -121.874037, 37.416366 ], [ -121.860033, 37.422487 ], [ -121.858183, 37.421482 ], [ -121.837656, 37.425911 ], [ -121.837086, 37.425202 ], [ -121.839297, 37.423991 ], [ -121.838931, 37.421339 ], [ -121.831159, 37.423153 ], [ -121.830237, 37.425213 ], [ -121.832766, 37.429883 ], [ -121.830893, 37.431817 ], [ -121.823473, 37.431895 ], [ -121.824576, 37.432529 ], [ -121.8199, 37.43548 ], [ -121.81937, 37.43791 ], [ -121.82521, 37.439846 ], [ -121.82237, 37.44363 ], [ -121.81399, 37.44576 ], [ -121.8114, 37.44716 ], [ -121.80515, 37.44368 ], [ -121.80461, 37.44593 ], [ -121.80295, 37.44658 ], [ -121.80238, 37.44869 ], [ -121.80056, 37.45034 ], [ -121.80165, 37.45187 ], [ -121.7997, 37.45262 ], [ -121.80143, 37.45558 ], [ -121.798624, 37.457028 ], [ -121.79705, 37.45546 ], [ -121.79427, 37.45448 ], [ -121.79529, 37.45581 ], [ -121.79491, 37.45953 ], [ -121.7936, 37.45841 ], [ -121.79235, 37.46052 ], [ -121.79122, 37.46071 ], [ -121.79003, 37.45814 ], [ -121.78562, 37.45476 ], [ -121.78163, 37.45562 ], [ -121.78025, 37.45508 ], [ -121.77716, 37.45846 ], [ -121.77346, 37.45961 ], [ -121.77163, 37.457 ], [ -121.76713, 37.45725 ], [ -121.76801, 37.46079 ], [ -121.76971, 37.46177 ], [ -121.766519, 37.460431 ], [ -121.764323, 37.456392 ], [ -121.758138, 37.451417 ], [ -121.748425, 37.45127 ], [ -121.743572, 37.449809 ], [ -121.740154, 37.451284 ], [ -121.736495, 37.449241 ], [ -121.735072, 37.44406 ], [ -121.731123, 37.443391 ], [ -121.730598, 37.440639 ], [ -121.72791, 37.439069 ], [ -121.727207, 37.437783 ], [ -121.728921, 37.435399 ], [ -121.727487, 37.434059 ], [ -121.726624, 37.429993 ], [ -121.71899, 37.427353 ], [ -121.718734, 37.425902 ], [ -121.716942, 37.424233 ], [ -121.716949, 37.422909 ], [ -121.71462, 37.421904 ], [ -121.714943, 37.419695 ], [ -121.712648, 37.415987 ], [ -121.713881, 37.415718 ], [ -121.713998, 37.414663 ], [ -121.710531, 37.408977 ], [ -121.705179, 37.403616 ], [ -121.707189, 37.402286 ], [ -121.707003, 37.401226 ], [ -121.709675, 37.400314 ], [ -121.709006, 37.397413 ], [ -121.706815, 37.394584 ], [ -121.706842, 37.392342 ], [ -121.704797, 37.390348 ], [ -121.704528, 37.388887 ], [ -121.700872, 37.387355 ], [ -121.699033, 37.377957 ], [ -121.718495, 37.39553 ], [ -121.750739, 37.406455 ], [ -121.759367, 37.402174 ], [ -121.768643, 37.407939 ], [ -121.770563, 37.406632 ], [ -121.774123, 37.408274 ], [ -121.776229, 37.408205 ], [ -121.778544, 37.406043 ], [ -121.785088, 37.403729 ], [ -121.789014, 37.405354 ], [ -121.790927, 37.405235 ], [ -121.791975, 37.403516 ], [ -121.793427, 37.404049 ], [ -121.797306, 37.399166 ], [ -121.797451, 37.397451 ], [ -121.801652, 37.396491 ], [ -121.809096, 37.396804 ], [ -121.811881, 37.394419 ], [ -121.815389, 37.393752 ], [ -121.820212, 37.394391 ], [ -121.82598, 37.396933 ], [ -121.825528, 37.395135 ], [ -121.827934, 37.395138 ], [ -121.833874, 37.392243 ], [ -121.833055, 37.391087 ], [ -121.834225, 37.392589 ], [ -121.849746, 37.388438 ], [ -121.856632, 37.383046 ], [ -121.856373, 37.38379 ], [ -121.860561, 37.386558 ], [ -121.862864, 37.38467 ], [ -121.87203, 37.393108 ], [ -121.875412, 37.398811 ], [ -121.880535, 37.402145 ], [ -121.88356, 37.399074 ], [ -121.884901, 37.400077 ], [ -121.881578, 37.402834 ], [ -121.888863, 37.407575 ] ] ] } },
{ "type": "Feature", "properties": { "zip": "95133" }, "geometry": { "type": "Polygon", "coordinates": [ [ [ -121.891622, 37.364025 ], [ -121.887514, 37.365854 ], [ -121.885907, 37.364474 ], [ -121.882931, 37.36612 ], [ -121.879355, 37.369396 ], [ -121.881464, 37.371098 ], [ -121.880042, 37.372997 ], [ -121.882372, 37.3719 ], [ -121.87698, 37.375292 ], [ -121.875763, 37.371864 ], [ -121.860561, 37.386558 ], [ -121.856373, 37.38379 ], [ -121.856632, 37.383046 ], [ -121.849746, 37.388438 ], [ -121.846235, 37.389068 ], [ -121.843805, 37.38653 ], [ -121.842253, 37.383828 ], [ -121.842684, 37.383552 ], [ -121.838706, 37.379172 ], [ -121.839414, 37.377571 ], [ -121.836641, 37.376426 ], [ -121.838721, 37.375408 ], [ -121.83759, 37.373757 ], [ -121.860698, 37.357988 ], [ -121.861658, 37.358975 ], [ -121.864691, 37.356914 ], [ -121.863797, 37.355993 ], [ -121.866232, 37.354069 ], [ -121.870724, 37.357913 ], [ -121.875901, 37.360611 ], [ -121.891472, 37.362901 ], [ -121.891622, 37.364025 ] ] ] } },
{ "type": "Feature", "properties": { "zip": "95134" }, "geometry": { "type": "Polygon", "coordinates": [ [ [ -121.976924, 37.437336 ], [ -121.974706, 37.46074 ], [ -121.964157, 37.463151 ], [ -121.959313, 37.463515 ], [ -121.951921, 37.461461 ], [ -121.948126, 37.461845 ], [ -121.946174, 37.463946 ], [ -121.947087, 37.467424 ], [ -121.944914, 37.469163 ], [ -121.943779, 37.465457 ], [ -121.941085, 37.464948 ], [ -121.938903, 37.462394 ], [ -121.936025, 37.462929 ], [ -121.934987, 37.462464 ], [ -121.935137, 37.46084 ], [ -121.934116, 37.460331 ], [ -121.931471, 37.460911 ], [ -121.931128, 37.45739 ], [ -121.932656, 37.456919 ], [ -121.932069, 37.455277 ], [ -121.928444, 37.457394 ], [ -121.927561, 37.456925 ], [ -121.9279, 37.455352 ], [ -121.925041, 37.454186 ], [ -121.92504, 37.451674 ], [ -121.923999, 37.44993 ], [ -121.924498, 37.447207 ], [ -121.923368, 37.446504 ], [ -121.923982, 37.444811 ], [ -121.923355, 37.442542 ], [ -121.926718, 37.438543 ], [ -121.925988, 37.435637 ], [ -121.928449, 37.430544 ], [ -121.927684, 37.427593 ], [ -121.925239, 37.424846 ], [ -121.925409, 37.423512 ], [ -121.931047, 37.420094 ], [ -121.930131, 37.417759 ], [ -121.928113, 37.415539 ], [ -121.926026, 37.414616 ], [ -121.925606, 37.413138 ], [ -121.922974, 37.411035 ], [ -121.923493, 37.405693 ], [ -121.921675, 37.405627 ], [ -121.917722, 37.403123 ], [ -121.91521, 37.39862 ], [ -121.915198, 37.39611 ], [ -121.919376, 37.393482 ], [ -121.920926, 37.39371 ], [ -121.924238, 37.397094 ], [ -121.925508, 37.395953 ], [ -121.920926, 37.391167 ], [ -121.926023, 37.386873 ], [ -121.937901, 37.380569 ], [ -121.938121, 37.381717 ], [ -121.935639, 37.38548 ], [ -121.936345, 37.38747 ], [ -121.939621, 37.390611 ], [ -121.942102, 37.400553 ], [ -121.947445, 37.40154 ], [ -121.955039, 37.407872 ], [ -121.960601, 37.410129 ], [ -121.967558, 37.417807 ], [ -121.968023, 37.419005 ], [ -121.959392, 37.419325 ], [ -121.964051, 37.422098 ], [ -121.963289, 37.423205 ], [ -121.96043, 37.423597 ], [ -121.960951, 37.425498 ], [ -121.96518, 37.428536 ], [ -121.965661, 37.430244 ], [ -121.962346, 37.432664 ], [ -121.96566, 37.435047 ], [ -121.971731, 37.437438 ], [ -121.975568, 37.438229 ], [ -121.976924, 37.437336 ] ] ] } },
{ "type": "Feature", "properties": { "zip": "95136" }, "geometry": { "type": "MultiPolygon", "coordinates": [ [ [ [ -121.839353, 37.258992 ], [ -121.834739, 37.259023 ], [ -121.835136, 37.258144 ], [ -121.839354, 37.25813 ], [ -121.839353, 37.258992 ] ] ], [ [ [ -121.876587, 37.262998 ], [ -121.878056, 37.272583 ], [ -121.876281, 37.274587 ], [ -121.877388, 37.276806 ], [ -121.872572, 37.278151 ], [ -121.872862, 37.280144 ], [ -121.872319, 37.280313 ], [ -121.87352, 37.284655 ], [ -121.871791, 37.283923 ], [ -121.868915, 37.286066 ], [ -121.870895, 37.289856 ], [ -121.869377, 37.290533 ], [ -121.867782, 37.288861 ], [ -121.867323, 37.289208 ], [ -121.869929, 37.291863 ], [ -121.871361, 37.290967 ], [ -121.87163, 37.291643 ], [ -121.870422, 37.292406 ], [ -121.866255, 37.29131 ], [ -121.865897, 37.293729 ], [ -121.843599, 37.285925 ], [ -121.831086, 37.273821 ], [ -121.810299, 37.260202 ], [ -121.81211, 37.25905 ], [ -121.834244, 37.258199 ], [ -121.83478, 37.262473 ], [ -121.830951, 37.262451 ], [ -121.831087, 37.26598 ], [ -121.844786, 37.265966 ], [ -121.848434, 37.255388 ], [ -121.869322, 37.25596 ], [ -121.869228, 37.259191 ], [ -121.875611, 37.263275 ], [ -121.876587, 37.262998 ] ] ] ] } },
{ "type": "Feature", "properties": { "zip": "95140" }, "geometry": { "type": "Polygon", "coordinates": [ [ [ -121.76873, 37.364598 ], [ -121.763756, 37.365247 ], [ -121.760756, 37.363353 ], [ -121.753981, 37.363555 ], [ -121.748342, 37.360722 ], [ -121.743965, 37.359975 ], [ -121.739739, 37.359443 ], [ -121.733717, 37.360929 ], [ -121.730213, 37.359326 ], [ -121.727253, 37.359156 ], [ -121.72752, 37.36115 ], [ -121.72606, 37.36393 ], [ -121.72761, 37.36423 ], [ -121.72873, 37.36545 ], [ -121.72896, 37.36901 ], [ -121.72605, 37.37356 ], [ -121.72874, 37.37386 ], [ -121.72524, 37.3757 ], [ -121.72838, 37.37853 ], [ -121.72762, 37.38001 ], [ -121.72992, 37.38115 ], [ -121.73, 37.38246 ], [ -121.73123, 37.38354 ], [ -121.73387, 37.38221 ], [ -121.73926, 37.38335 ], [ -121.74192, 37.38268 ], [ -121.7457, 37.38564 ], [ -121.74633, 37.38707 ], [ -121.7523, 37.38981 ], [ -121.75601, 37.39315 ], [ -121.75755, 37.396063 ], [ -121.749864, 37.39954 ], [ -121.750236, 37.399912 ], [ -121.747463, 37.401477 ], [ -121.746747, 37.402922 ], [ -121.74407, 37.404204 ], [ -121.718495, 37.39553 ], [ -121.699033, 37.377957 ], [ -121.700835, 37.386529 ], [ -121.700754, 37.402742 ], [ -121.669344, 37.403272 ], [ -121.675539, 37.413982 ], [ -121.677618, 37.413667 ], [ -121.678692, 37.415121 ], [ -121.677917, 37.418687 ], [ -121.678855, 37.42019 ], [ -121.677381, 37.420132 ], [ -121.676262, 37.421137 ], [ -121.67763, 37.421443 ], [ -121.67552, 37.42402 ], [ -121.67056, 37.42677 ], [ -121.66756, 37.42678 ], [ -121.66579, 37.42774 ], [ -121.66577, 37.429 ], [ -121.66173, 37.43182 ], [ -121.65983, 37.43433 ], [ -121.65257, 37.42962 ], [ -121.65116, 37.42953 ], [ -121.65112, 37.43231 ], [ -121.64963, 37.43291 ], [ -121.65005, 37.43539 ], [ -121.64826, 37.43634 ], [ -121.644997, 37.435714 ], [ -121.639991, 37.430575 ], [ -121.639951, 37.429279 ], [ -121.641295, 37.428532 ], [ -121.641103, 37.427087 ], [ -121.6385, 37.425372 ], [ -121.637606, 37.422168 ], [ -121.636092, 37.421206 ], [ -121.634045, 37.416624 ], [ -121.630377, 37.415426 ], [ -121.630964, 37.412661 ], [ -121.638081, 37.405049 ], [ -121.63953, 37.40602 ], [ -121.640642, 37.404705 ], [ -121.603832, 37.404509 ], [ -121.60437, 37.40372 ], [ -121.60277, 37.40188 ], [ -121.60269, 37.39851 ], [ -121.6012, 37.40011 ], [ -121.59661, 37.40006 ], [ -121.59242, 37.39562 ], [ -121.59141, 37.39334 ], [ -121.58974, 37.39255 ], [ -121.58713, 37.38939 ], [ -121.58629, 37.38432 ], [ -121.58703, 37.38344 ], [ -121.58475, 37.38044 ], [ -121.58485, 37.37932 ], [ -121.581461, 37.376597 ], [ -121.581316, 37.374938 ], [ -121.579902, 37.3732 ], [ -121.580555, 37.370217 ], [ -121.57957, 37.367794 ], [ -121.580582, 37.366536 ], [ -121.580251, 37.364322 ], [ -121.578937, 37.362562 ], [ -121.57505, 37.36285 ], [ -121.57195, 37.36122 ], [ -121.573113, 37.359285 ], [ -121.572395, 37.35803 ], [ -121.56726, 37.356018 ], [ -121.56453, 37.356463 ], [ -121.562035, 37.354978 ], [ -121.555404, 37.353693 ], [ -121.552478, 37.354165 ], [ -121.54487, 37.35047 ], [ -121.54483, 37.35163 ], [ -121.5435, 37.35154 ], [ -121.54301, 37.35272 ], [ -121.539707, 37.351778 ], [ -121.537481, 37.350706 ], [ -121.534066, 37.347118 ], [ -121.52802, 37.34384 ], [ -121.5272, 37.34233 ], [ -121.52587, 37.34213 ], [ -121.5281, 37.33852 ], [ -121.53219, 37.33822 ], [ -121.529709, 37.336002 ], [ -121.533694, 37.333602 ], [ -121.535341, 37.328581 ], [ -121.535036, 37.327523 ], [ -121.537902, 37.325998 ], [ -121.540424, 37.319777 ], [ -121.5386, 37.318395 ], [ -121.54588, 37.31571 ], [ -121.54445, 37.31246 ], [ -121.54699, 37.30982 ], [ -121.54624, 37.30931 ], [ -121.546753, 37.306562 ], [ -121.547893, 37.307772 ], [ -121.549293, 37.307133 ], [ -121.549829, 37.305491 ], [ -121.552196, 37.304869 ], [ -121.561661, 37.30534 ], [ -121.564374, 37.305046 ], [ -121.567744, 37.303353 ], [ -121.567571, 37.298359 ], [ -121.566036, 37.2946 ], [ -121.563892, 37.293184 ], [ -121.561722, 37.288234 ], [ -121.55739, 37.288655 ], [ -121.555431, 37.287335 ], [ -121.553258, 37.289175 ], [ -121.551805, 37.288842 ], [ -121.549899, 37.290908 ], [ -121.548032, 37.291534 ], [ -121.548179, 37.293921 ], [ -121.545566, 37.295774 ], [ -121.538505, 37.288455 ], [ -121.540094, 37.286662 ], [ -121.537971, 37.283434 ], [ -121.537827, 37.280253 ], [ -121.535944, 37.278885 ], [ -121.53445, 37.275275 ], [ -121.586675, 37.275317 ], [ -121.58667, 37.276116 ], [ -121.592697, 37.274886 ], [ -121.599332, 37.27517 ], [ -121.600687, 37.277202 ], [ -121.605727, 37.27825 ], [ -121.60759, 37.277925 ], [ -121.613229, 37.279451 ], [ -121.615096, 37.284795 ], [ -121.617572, 37.286717 ], [ -121.618241, 37.288711 ], [ -121.620762, 37.291135 ], [ -121.626213, 37.291239 ], [ -121.6286, 37.29017 ], [ -121.63205, 37.28996 ], [ -121.63426, 37.29195 ], [ -121.6343, 37.29327 ], [ -121.6388, 37.29748 ], [ -121.63876, 37.29862 ], [ -121.64004, 37.29998 ], [ -121.64184, 37.29993 ], [ -121.64136, 37.30167 ], [ -121.64278, 37.30128 ], [ -121.646349, 37.302791 ], [ -121.648132, 37.306082 ], [ -121.64941, 37.30678 ], [ -121.655071, 37.306744 ], [ -121.657322, 37.308589 ], [ -121.65717, 37.30933 ], [ -121.658847, 37.31123 ], [ -121.677372, 37.304223 ], [ -121.711142, 37.304021 ], [ -121.715302, 37.309438 ], [ -121.732563, 37.339345 ], [ -121.733521, 37.336743 ], [ -121.733161, 37.333741 ], [ -121.739551, 37.331849 ], [ -121.74192, 37.332055 ], [ -121.742304, 37.333315 ], [ -121.744576, 37.332898 ], [ -121.746437, 37.338893 ], [ -121.739125, 37.340368 ], [ -121.747882, 37.349646 ], [ -121.765545, 37.35707 ], [ -121.770442, 37.357953 ], [ -121.76873, 37.364598 ] ] ] } },
{ "type": "Feature", "properties": { "zip": "95111" }, "geometry": { "type": "Polygon", "coordinates": [ [ [ -121.868117, 37.298987 ], [ -121.859646, 37.304126 ], [ -121.854408, 37.303648 ], [ -121.851426, 37.305386 ], [ -121.851621, 37.306644 ], [ -121.849113, 37.308356 ], [ -121.848248, 37.30755 ], [ -121.843983, 37.31036 ], [ -121.838931, 37.307968 ], [ -121.838799, 37.304232 ], [ -121.837072, 37.301941 ], [ -121.822277, 37.297383 ], [ -121.817064, 37.288812 ], [ -121.815062, 37.288636 ], [ -121.80951, 37.290334 ], [ -121.809529, 37.285244 ], [ -121.808303, 37.281796 ], [ -121.804973, 37.280903 ], [ -121.800232, 37.277962 ], [ -121.800443, 37.275444 ], [ -121.798163, 37.273588 ], [ -121.79767, 37.269574 ], [ -121.795371, 37.264682 ], [ -121.79459, 37.259635 ], [ -121.792627, 37.255814 ], [ -121.789183, 37.25292 ], [ -121.796481, 37.257159 ], [ -121.799847, 37.257063 ], [ -121.80249, 37.255625 ], [ -121.805743, 37.257491 ], [ -121.822106, 37.26743 ], [ -121.831086, 37.273821 ], [ -121.843599, 37.285925 ], [ -121.859869, 37.291689 ], [ -121.860257, 37.293262 ], [ -121.863564, 37.296205 ], [ -121.86528, 37.296179 ], [ -121.868117, 37.298987 ] ] ] } },
{ "type": "Feature", "properties": { "zip": "95113" }, "geometry": { "type": "MultiPolygon", "coordinates": [ [ [ [ -121.882085, 37.340189 ], [ -121.881664, 37.340984 ], [ -121.881342, 37.340546 ], [ -121.882085, 37.340189 ] ] ], [ [ [ -121.899123, 37.332119 ], [ -121.89685, 37.333186 ], [ -121.897223, 37.335319 ], [ -121.896029, 37.336181 ], [ -121.895463, 37.333842 ], [ -121.893823, 37.334617 ], [ -121.893208, 37.335571 ], [ -121.895047, 37.338017 ], [ -121.894773, 37.339117 ], [ -121.89226, 37.340372 ], [ -121.89063, 37.338165 ], [ -121.888463, 37.337173 ], [ -121.883145, 37.339695 ], [ -121.883372, 37.338093 ], [ -121.887989, 37.336537 ], [ -121.883332, 37.329332 ], [ -121.884891, 37.328588 ], [ -121.883228, 37.326315 ], [ -121.888326, 37.330797 ], [ -121.891447, 37.329484 ], [ -121.893587, 37.332239 ], [ -121.897716, 37.330242 ], [ -121.899123, 37.332119 ] ] ] ] } },
{ "type": "Feature", "properties": { "zip": "95118" }, "geometry": { "type": "Polygon", "coordinates": [ [ [ -121.910899, 37.251305 ], [ -121.909303, 37.252951 ], [ -121.908454, 37.25167 ], [ -121.90268, 37.253193 ], [ -121.896858, 37.25615 ], [ -121.89855, 37.257759 ], [ -121.899493, 37.256948 ], [ -121.900568, 37.258691 ], [ -121.901255, 37.262813 ], [ -121.902168, 37.262567 ], [ -121.905209, 37.270609 ], [ -121.906036, 37.271162 ], [ -121.902283, 37.273689 ], [ -121.901374, 37.272304 ], [ -121.89611, 37.273606 ], [ -121.891183, 37.276237 ], [ -121.889389, 37.27556 ], [ -121.877846, 37.278496 ], [ -121.876281, 37.274587 ], [ -121.878056, 37.272583 ], [ -121.878123, 37.271141 ], [ -121.876587, 37.262998 ], [ -121.875611, 37.263275 ], [ -121.869228, 37.259191 ], [ -121.869322, 37.25596 ], [ -121.875991, 37.255746 ], [ -121.874794, 37.243757 ], [ -121.878881, 37.243055 ], [ -121.881893, 37.240529 ], [ -121.888287, 37.237708 ], [ -121.891505, 37.234941 ], [ -121.899271, 37.23311 ], [ -121.899942, 37.234327 ], [ -121.903468, 37.234168 ], [ -121.903557, 37.236911 ], [ -121.901984, 37.237186 ], [ -121.903796, 37.240136 ], [ -121.901641, 37.241115 ], [ -121.903438, 37.241355 ], [ -121.904769, 37.243665 ], [ -121.906576, 37.244 ], [ -121.907788, 37.245708 ], [ -121.906747, 37.246202 ], [ -121.907816, 37.247829 ], [ -121.90675, 37.248324 ], [ -121.908383, 37.250446 ], [ -121.910337, 37.250444 ], [ -121.910899, 37.251305 ] ] ] } },
{ "type": "Feature", "properties": { "zip": "95121" }, "geometry": { "type": "MultiPolygon", "coordinates": [ [ [ [ -121.806407, 37.31401 ], [ -121.805288, 37.31369 ], [ -121.805269, 37.312228 ], [ -121.806255, 37.312137 ], [ -121.806407, 37.31401 ] ] ], [ [ [ -121.843983, 37.31036 ], [ -121.828906, 37.320302 ], [ -121.826541, 37.31934 ], [ -121.824402, 37.320797 ], [ -121.817488, 37.313558 ], [ -121.812205, 37.317099 ], [ -121.808001, 37.317739 ], [ -121.808069, 37.311433 ], [ -121.791566, 37.313958 ], [ -121.790065, 37.31175 ], [ -121.781339, 37.308503 ], [ -121.777778, 37.305036 ], [ -121.777998, 37.303552 ], [ -121.77707, 37.302481 ], [ -121.774548, 37.301858 ], [ -121.771625, 37.299159 ], [ -121.774522, 37.297584 ], [ -121.783451, 37.297178 ], [ -121.787559, 37.294854 ], [ -121.794721, 37.297618 ], [ -121.79316, 37.296583 ], [ -121.807172, 37.291341 ], [ -121.806876, 37.288727 ], [ -121.805798, 37.288365 ], [ -121.809145, 37.288033 ], [ -121.808691, 37.291344 ], [ -121.811774, 37.289316 ], [ -121.813719, 37.289492 ], [ -121.816362, 37.288521 ], [ -121.818264, 37.290215 ], [ -121.82053, 37.295295 ], [ -121.822277, 37.297383 ], [ -121.837072, 37.301941 ], [ -121.838799, 37.304232 ], [ -121.838931, 37.307968 ], [ -121.843983, 37.31036 ] ], [ [ -121.817184, 37.313304 ], [ -121.813428, 37.310167 ], [ -121.810377, 37.3111 ], [ -121.810262, 37.313693 ], [ -121.813773, 37.314178 ], [ -121.813613, 37.315874 ], [ -121.817184, 37.313304 ] ] ] ] } },
{ "type": "Feature", "properties": { "zip": "95122" }, "geometry": { "type": "MultiPolygon", "coordinates": [ [ [ [ -121.817184, 37.313304 ], [ -121.813613, 37.315874 ], [ -121.813773, 37.314178 ], [ -121.810262, 37.313693 ], [ -121.810377, 37.3111 ], [ -121.813428, 37.310167 ], [ -121.817184, 37.313304 ] ] ], [ [ [ -121.868213, 37.329795 ], [ -121.846501, 37.34339 ], [ -121.843109, 37.339904 ], [ -121.827006, 37.350833 ], [ -121.820054, 37.340738 ], [ -121.821871, 37.339728 ], [ -121.821022, 37.339934 ], [ -121.817078, 37.336777 ], [ -121.809591, 37.326624 ], [ -121.808441, 37.323855 ], [ -121.808001, 37.317739 ], [ -121.812205, 37.317099 ], [ -121.817488, 37.313558 ], [ -121.824402, 37.320797 ], [ -121.826541, 37.31934 ], [ -121.828906, 37.320302 ], [ -121.843983, 37.31036 ], [ -121.843665, 37.312604 ], [ -121.846279, 37.313823 ], [ -121.847595, 37.317361 ], [ -121.850862, 37.315898 ], [ -121.853366, 37.315991 ], [ -121.854426, 37.317331 ], [ -121.851439, 37.320812 ], [ -121.859519, 37.328765 ], [ -121.865791, 37.325691 ], [ -121.868213, 37.329795 ] ] ] ] } },
{ "type": "Feature", "properties": { "zip": "95125" }, "geometry": { "type": "Polygon", "coordinates": [ [ [ -121.931672, 37.29623 ], [ -121.929209, 37.296258 ], [ -121.929222, 37.297795 ], [ -121.918917, 37.301252 ], [ -121.915289, 37.304545 ], [ -121.913629, 37.307159 ], [ -121.91143, 37.306797 ], [ -121.906909, 37.311664 ], [ -121.904144, 37.312624 ], [ -121.901815, 37.31808 ], [ -121.902233, 37.318704 ], [ -121.900177, 37.320835 ], [ -121.89778, 37.32246 ], [ -121.892324, 37.32374 ], [ -121.888773, 37.315948 ], [ -121.883549, 37.310028 ], [ -121.881624, 37.311025 ], [ -121.880571, 37.308065 ], [ -121.878511, 37.310307 ], [ -121.878101, 37.312762 ], [ -121.875279, 37.309975 ], [ -121.870667, 37.312961 ], [ -121.870205, 37.312496 ], [ -121.871429, 37.31084 ], [ -121.873276, 37.310558 ], [ -121.871707, 37.308928 ], [ -121.874064, 37.307555 ], [ -121.871339, 37.304856 ], [ -121.866038, 37.308323 ], [ -121.861287, 37.303522 ], [ -121.868117, 37.298987 ], [ -121.86528, 37.296179 ], [ -121.863564, 37.296205 ], [ -121.860257, 37.293262 ], [ -121.859869, 37.291689 ], [ -121.865897, 37.293729 ], [ -121.866255, 37.29131 ], [ -121.870422, 37.292406 ], [ -121.87163, 37.291643 ], [ -121.871361, 37.290967 ], [ -121.869929, 37.291863 ], [ -121.867323, 37.289208 ], [ -121.867782, 37.288861 ], [ -121.869377, 37.290533 ], [ -121.870895, 37.289856 ], [ -121.868915, 37.286066 ], [ -121.871791, 37.283923 ], [ -121.87352, 37.284655 ], [ -121.872319, 37.280313 ], [ -121.872862, 37.280144 ], [ -121.872572, 37.278151 ], [ -121.877388, 37.276806 ], [ -121.877846, 37.278496 ], [ -121.889389, 37.27556 ], [ -121.891183, 37.276237 ], [ -121.89611, 37.273606 ], [ -121.901374, 37.272304 ], [ -121.902283, 37.273689 ], [ -121.906036, 37.271162 ], [ -121.912319, 37.280338 ], [ -121.913469, 37.287157 ], [ -121.917515, 37.286199 ], [ -121.918273, 37.285012 ], [ -121.920372, 37.285189 ], [ -121.922455, 37.282627 ], [ -121.922656, 37.294373 ], [ -121.931686, 37.294397 ], [ -121.931672, 37.29623 ] ] ] } },
{ "type": "Feature", "properties": { "zip": "95126" }, "geometry": { "type": "Polygon", "coordinates": [ [ [ -121.937592, 37.337376 ], [ -121.932082, 37.338489 ], [ -121.931958, 37.344463 ], [ -121.92972, 37.348053 ], [ -121.930897, 37.348887 ], [ -121.930083, 37.34996 ], [ -121.932135, 37.351219 ], [ -121.916314, 37.343185 ], [ -121.913401, 37.340642 ], [ -121.911926, 37.341163 ], [ -121.904643, 37.33461 ], [ -121.903492, 37.333097 ], [ -121.9026, 37.324108 ], [ -121.900883, 37.325601 ], [ -121.895602, 37.327425 ], [ -121.892324, 37.32374 ], [ -121.89778, 37.32246 ], [ -121.900177, 37.320835 ], [ -121.902233, 37.318704 ], [ -121.901815, 37.31808 ], [ -121.904144, 37.312624 ], [ -121.906909, 37.311664 ], [ -121.91143, 37.306797 ], [ -121.913629, 37.307159 ], [ -121.915289, 37.304545 ], [ -121.918917, 37.301252 ], [ -121.931669, 37.297222 ], [ -121.931674, 37.29803 ], [ -121.917817, 37.310706 ], [ -121.913856, 37.310788 ], [ -121.915134, 37.314351 ], [ -121.914425, 37.316492 ], [ -121.919134, 37.316859 ], [ -121.919894, 37.319673 ], [ -121.920013, 37.318003 ], [ -121.920977, 37.318008 ], [ -121.92108, 37.323442 ], [ -121.919977, 37.323449 ], [ -121.920326, 37.32596 ], [ -121.92468, 37.330024 ], [ -121.929199, 37.326928 ], [ -121.931987, 37.326913 ], [ -121.937592, 37.337376 ] ] ] } },
{ "type": "Feature", "properties": { "zip": "95127" }, "geometry": { "type": "Polygon", "coordinates": [ [ [ -121.846235, 37.389068 ], [ -121.834225, 37.392589 ], [ -121.833168, 37.391039 ], [ -121.833874, 37.392243 ], [ -121.827934, 37.395138 ], [ -121.825528, 37.395135 ], [ -121.82598, 37.396933 ], [ -121.820212, 37.394391 ], [ -121.815389, 37.393752 ], [ -121.811881, 37.394419 ], [ -121.809096, 37.396804 ], [ -121.801652, 37.396491 ], [ -121.797451, 37.397451 ], [ -121.797306, 37.399166 ], [ -121.793427, 37.404049 ], [ -121.791975, 37.403516 ], [ -121.791664, 37.404889 ], [ -121.789014, 37.405354 ], [ -121.785088, 37.403729 ], [ -121.778544, 37.406043 ], [ -121.776229, 37.408205 ], [ -121.774123, 37.408274 ], [ -121.770563, 37.406632 ], [ -121.768643, 37.407939 ], [ -121.759367, 37.402174 ], [ -121.750739, 37.406455 ], [ -121.74407, 37.404204 ], [ -121.746747, 37.402922 ], [ -121.747463, 37.401477 ], [ -121.750236, 37.399912 ], [ -121.749864, 37.39954 ], [ -121.75755, 37.396063 ], [ -121.75768, 37.3954 ], [ -121.7523, 37.38981 ], [ -121.74633, 37.38707 ], [ -121.7457, 37.38564 ], [ -121.74192, 37.38268 ], [ -121.73926, 37.38335 ], [ -121.73387, 37.38221 ], [ -121.73123, 37.38354 ], [ -121.73, 37.38246 ], [ -121.72992, 37.38115 ], [ -121.72762, 37.38001 ], [ -121.72838, 37.37853 ], [ -121.72524, 37.3757 ], [ -121.72874, 37.37386 ], [ -121.72605, 37.37356 ], [ -121.72896, 37.36901 ], [ -121.72873, 37.36545 ], [ -121.72761, 37.36423 ], [ -121.72606, 37.36393 ], [ -121.72752, 37.36115 ], [ -121.727253, 37.359156 ], [ -121.730213, 37.359326 ], [ -121.733717, 37.360929 ], [ -121.739739, 37.359443 ], [ -121.743965, 37.359975 ], [ -121.748342, 37.360722 ], [ -121.753981, 37.363555 ], [ -121.760756, 37.363353 ], [ -121.763756, 37.365247 ], [ -121.76873, 37.364598 ], [ -121.770442, 37.357953 ], [ -121.765545, 37.35707 ], [ -121.747882, 37.349646 ], [ -121.742364, 37.343781 ], [ -121.747552, 37.343541 ], [ -121.753968, 37.345429 ], [ -121.768799, 37.344202 ], [ -121.770615, 37.344497 ], [ -121.778168, 37.351213 ], [ -121.779333, 37.351478 ], [ -121.782827, 37.34807 ], [ -121.784661, 37.348849 ], [ -121.783032, 37.350364 ], [ -121.784859, 37.351229 ], [ -121.786815, 37.349453 ], [ -121.790057, 37.35227 ], [ -121.789982, 37.353282 ], [ -121.792738, 37.350366 ], [ -121.79469, 37.348949 ], [ -121.790852, 37.353162 ], [ -121.800294, 37.352954 ], [ -121.797856, 37.350533 ], [ -121.802402, 37.347693 ], [ -121.808585, 37.344549 ], [ -121.81515, 37.342463 ], [ -121.816226, 37.343817 ], [ -121.817669, 37.34316 ], [ -121.816887, 37.341897 ], [ -121.817755, 37.341621 ], [ -121.81845, 37.342354 ], [ -121.820407, 37.341242 ], [ -121.829067, 37.354188 ], [ -121.830816, 37.355345 ], [ -121.831667, 37.357576 ], [ -121.833651, 37.356226 ], [ -121.834809, 37.35732 ], [ -121.832846, 37.359151 ], [ -121.83614, 37.361895 ], [ -121.835192, 37.362334 ], [ -121.838688, 37.365776 ], [ -121.839598, 37.365207 ], [ -121.841362, 37.367072 ], [ -121.84347, 37.365541 ], [ -121.841805, 37.363837 ], [ -121.842993, 37.363116 ], [ -121.846104, 37.368075 ], [ -121.83759, 37.373757 ], [ -121.838721, 37.375408 ], [ -121.836641, 37.376426 ], [ -121.839414, 37.377571 ], [ -121.838706, 37.379172 ], [ -121.842684, 37.383552 ], [ -121.842253, 37.383828 ], [ -121.843805, 37.38653 ], [ -121.846235, 37.389068 ] ] ] } },
{ "type": "Feature", "properties": { "zip": "95128" }, "geometry": { "type": "Polygon", "coordinates": [ [ [ -121.95351, 37.33103 ], [ -121.95026, 37.33113 ], [ -121.95016, 37.338066 ], [ -121.935253, 37.33769 ], [ -121.937592, 37.337376 ], [ -121.931987, 37.326913 ], [ -121.929199, 37.326928 ], [ -121.92468, 37.330024 ], [ -121.920326, 37.32596 ], [ -121.919977, 37.323449 ], [ -121.92108, 37.323442 ], [ -121.920977, 37.318008 ], [ -121.920013, 37.318003 ], [ -121.919894, 37.319673 ], [ -121.919134, 37.316859 ], [ -121.914425, 37.316492 ], [ -121.915134, 37.314351 ], [ -121.913856, 37.310788 ], [ -121.917817, 37.310706 ], [ -121.93582, 37.29436 ], [ -121.93832, 37.294389 ], [ -121.940646, 37.29927 ], [ -121.940714, 37.301536 ], [ -121.945356, 37.301543 ], [ -121.944625, 37.294992 ], [ -121.9498, 37.29528 ], [ -121.949948, 37.301555 ], [ -121.952096, 37.303396 ], [ -121.952174, 37.307019 ], [ -121.950794, 37.308856 ], [ -121.951635, 37.308835 ], [ -121.952089, 37.314971 ], [ -121.950102, 37.315 ], [ -121.95018, 37.32322 ], [ -121.943329, 37.323358 ], [ -121.941271, 37.324856 ], [ -121.941207, 37.326522 ], [ -121.946681, 37.326968 ], [ -121.946664, 37.325757 ], [ -121.949587, 37.325783 ], [ -121.95026, 37.330657 ], [ -121.95351, 37.33103 ] ] ] } },
{ "type": "Feature", "properties": { "zip": "95129" }, "geometry": { "type": "Polygon", "coordinates": [ [ [ -122.033363, 37.304934 ], [ -122.032939, 37.308244 ], [ -122.034318, 37.310072 ], [ -122.034323, 37.312316 ], [ -122.03157, 37.312299 ], [ -122.02111, 37.30954 ], [ -122.00771, 37.31068 ], [ -121.996058, 37.309586 ], [ -121.995842, 37.320498 ], [ -121.99986, 37.32294 ], [ -121.96836, 37.32312 ], [ -121.968369, 37.320185 ], [ -121.97198, 37.320152 ], [ -121.970678, 37.319671 ], [ -121.970672, 37.318419 ], [ -121.969758, 37.318422 ], [ -121.969283, 37.316196 ], [ -121.975026, 37.317086 ], [ -121.975944, 37.315893 ], [ -121.976795, 37.314317 ], [ -121.972592, 37.314369 ], [ -121.972099, 37.311483 ], [ -121.977322, 37.311409 ], [ -121.97734, 37.310673 ], [ -121.975938, 37.310635 ], [ -121.975913, 37.30817 ], [ -121.977884, 37.307209 ], [ -121.981734, 37.300877 ], [ -121.979546, 37.300833 ], [ -121.979614, 37.30016 ], [ -121.981166, 37.29882 ], [ -121.982644, 37.299909 ], [ -121.98819, 37.295038 ], [ -121.984638, 37.292427 ], [ -121.98799, 37.29002 ], [ -121.990002, 37.290133 ], [ -121.992147, 37.291635 ], [ -121.994554, 37.289476 ], [ -121.995987, 37.291289 ], [ -121.993891, 37.291998 ], [ -122.003433, 37.293081 ], [ -122.001791, 37.295564 ], [ -122.003482, 37.296247 ], [ -122.00741, 37.296411 ], [ -122.007852, 37.293338 ], [ -122.032264, 37.293965 ], [ -122.032393, 37.302057 ], [ -122.035143, 37.303787 ], [ -122.033363, 37.304934 ] ] ] } },
{ "type": "Feature", "properties": { "zip": "95030" }, "geometry": { "type": "Polygon", "coordinates": [ [ [ -122.030281, 37.223793 ], [ -122.018893, 37.223808 ], [ -122.018351, 37.233258 ], [ -122.020014, 37.235006 ], [ -122.022177, 37.234663 ], [ -122.021966, 37.235604 ], [ -122.02708, 37.235582 ], [ -122.02719, 37.239941 ], [ -122.021213, 37.242356 ], [ -122.021221, 37.243017 ], [ -122.013569, 37.243799 ], [ -122.013582, 37.242492 ], [ -122.00923, 37.24017 ], [ -122.004076, 37.240573 ], [ -122.003125, 37.238694 ], [ -122.000933, 37.239991 ], [ -122.000899, 37.241189 ], [ -122.002453, 37.241506 ], [ -121.997099, 37.243909 ], [ -121.995303, 37.246619 ], [ -121.995757, 37.247884 ], [ -121.99514, 37.25092 ], [ -121.991834, 37.250988 ], [ -121.991732, 37.251765 ], [ -121.989792, 37.250425 ], [ -121.989558, 37.252396 ], [ -121.988526, 37.252309 ], [ -121.98788, 37.250286 ], [ -121.986692, 37.250183 ], [ -121.98091, 37.252416 ], [ -121.980388, 37.256128 ], [ -121.979979, 37.254317 ], [ -121.978095, 37.253865 ], [ -121.976723, 37.249334 ], [ -121.973908, 37.251445 ], [ -121.96918, 37.25084 ], [ -121.96734, 37.25322 ], [ -121.96617, 37.2528 ], [ -121.96709, 37.24697 ], [ -121.96937, 37.2459 ], [ -121.972737, 37.242467 ], [ -121.97573, 37.23737 ], [ -121.97707, 37.23749 ], [ -121.976, 37.23701 ], [ -121.98001, 37.22856 ], [ -121.97082, 37.2256 ], [ -121.970047, 37.224664 ], [ -121.96822, 37.22678 ], [ -121.96041, 37.22551 ], [ -121.95967, 37.223965 ], [ -121.954326, 37.222461 ], [ -121.953622, 37.220003 ], [ -121.956127, 37.218343 ], [ -121.952637, 37.21553 ], [ -121.953157, 37.214365 ], [ -121.952288, 37.214308 ], [ -121.952312, 37.212265 ], [ -121.950155, 37.211977 ], [ -121.955046, 37.21111 ], [ -121.951438, 37.210079 ], [ -121.950524, 37.208317 ], [ -121.951079, 37.206932 ], [ -121.947309, 37.206834 ], [ -121.947616, 37.19929 ], [ -121.930968, 37.199261 ], [ -121.93089, 37.213192 ], [ -121.925754, 37.213338 ], [ -121.922829, 37.21446 ], [ -121.921073, 37.214073 ], [ -121.921825, 37.211921 ], [ -121.913534, 37.211056 ], [ -121.922092, 37.204533 ], [ -121.923432, 37.201137 ], [ -121.92798, 37.196874 ], [ -121.928242, 37.194693 ], [ -121.941509, 37.19566 ], [ -121.945359, 37.196916 ], [ -121.955468, 37.197804 ], [ -121.963103, 37.201153 ], [ -121.972174, 37.203344 ], [ -121.98077, 37.20089 ], [ -121.98367, 37.19903 ], [ -121.989015, 37.201494 ], [ -121.991719, 37.200118 ], [ -121.991447, 37.198176 ], [ -121.992978, 37.19799 ], [ -121.99196, 37.203512 ], [ -121.994857, 37.201952 ], [ -122.000769, 37.204351 ], [ -122.005369, 37.208104 ], [ -122.007198, 37.212019 ], [ -122.012328, 37.214362 ], [ -122.02715, 37.21571 ], [ -122.0288, 37.217522 ], [ -122.029725, 37.217375 ], [ -122.030281, 37.223793 ] ] ] } },
{ "type": "Feature", "properties": { "zip": "95050" }, "geometry": { "type": "Polygon", "coordinates": [ [ [ -121.97028, 37.34281 ], [ -121.96866, 37.34632 ], [ -121.96817, 37.36179 ], [ -121.96528, 37.36602 ], [ -121.96589, 37.3743 ], [ -121.95067, 37.37425 ], [ -121.94356, 37.37322 ], [ -121.941264, 37.36987 ], [ -121.941259, 37.368357 ], [ -121.935139, 37.364919 ], [ -121.931058, 37.360949 ], [ -121.932158, 37.357729 ], [ -121.932134, 37.351174 ], [ -121.930083, 37.34996 ], [ -121.930897, 37.348887 ], [ -121.92972, 37.348053 ], [ -121.931958, 37.344463 ], [ -121.932082, 37.338489 ], [ -121.935253, 37.33769 ], [ -121.95016, 37.338066 ], [ -121.95026, 37.33113 ], [ -121.95351, 37.33103 ], [ -121.95026, 37.330657 ], [ -121.950226, 37.328472 ], [ -121.953023, 37.328436 ], [ -121.953029, 37.329906 ], [ -121.95641, 37.3299 ], [ -121.956335, 37.326995 ], [ -121.9502, 37.327363 ], [ -121.949587, 37.325783 ], [ -121.946664, 37.325757 ], [ -121.946681, 37.326968 ], [ -121.941207, 37.326522 ], [ -121.941271, 37.324856 ], [ -121.943329, 37.323358 ], [ -121.96418, 37.3233 ], [ -121.96445, 37.32551 ], [ -121.9675, 37.32865 ], [ -121.96782, 37.33573 ], [ -121.97028, 37.34281 ] ], [ [ -121.94335, 37.3502 ], [ -121.94124, 37.34651 ], [ -121.93844, 37.34749 ], [ -121.935804, 37.345622 ], [ -121.93365, 37.34533 ], [ -121.9325, 37.34855 ], [ -121.93736, 37.35202 ], [ -121.938223, 37.350501 ], [ -121.94112, 37.34947 ], [ -121.94184, 37.35074 ], [ -121.94335, 37.3502 ] ] ] } },
{ "type": "Feature", "properties": { "zip": "95051" }, "geometry": { "type": "Polygon", "coordinates": [ [ [ -122.00649, 37.32295 ], [ -122.0058, 37.33228 ], [ -122.004672, 37.332294 ], [ -122.00457, 37.334073 ], [ -122.002424, 37.33408 ], [ -122.002386, 37.337801 ], [ -121.99578, 37.33787 ], [ -121.99581, 37.341461 ], [ -122.00285, 37.34141 ], [ -122.003001, 37.345311 ], [ -122.000217, 37.345244 ], [ -122.000424, 37.353373 ], [ -122.001561, 37.352149 ], [ -122.001593, 37.353842 ], [ -122.000445, 37.354075 ], [ -122.00051, 37.3586 ], [ -121.999616, 37.360653 ], [ -121.995839, 37.360666 ], [ -121.9963, 37.37054 ], [ -121.982402, 37.370583 ], [ -121.98243, 37.37242 ], [ -121.98468, 37.37234 ], [ -121.987271, 37.370929 ], [ -121.986896, 37.37407 ], [ -121.993926, 37.373993 ], [ -121.99391, 37.3728 ], [ -121.99596, 37.37283 ], [ -121.99558, 37.37398 ], [ -122.004706, 37.373912 ], [ -122.004037, 37.376821 ], [ -121.99599, 37.3777 ], [ -121.98138, 37.37764 ], [ -121.97489, 37.37438 ], [ -121.96589, 37.3743 ], [ -121.96528, 37.36602 ], [ -121.96817, 37.36179 ], [ -121.96866, 37.34632 ], [ -121.97028, 37.34281 ], [ -121.96782, 37.33573 ], [ -121.9675, 37.32865 ], [ -121.96445, 37.32551 ], [ -121.96417, 37.32314 ], [ -122.00649, 37.32295 ] ] ] } },
{ "type": "Feature", "properties": { "zip": "95054" }, "geometry": { "type": "Polygon", "coordinates": [ [ [ -121.986969, 37.37758 ], [ -121.986838, 37.412059 ], [ -121.97065, 37.418673 ], [ -121.968023, 37.419005 ], [ -121.960601, 37.410129 ], [ -121.955039, 37.407872 ], [ -121.947445, 37.40154 ], [ -121.942102, 37.400553 ], [ -121.939621, 37.390611 ], [ -121.936345, 37.38747 ], [ -121.935639, 37.38548 ], [ -121.938121, 37.381717 ], [ -121.937901, 37.380569 ], [ -121.940542, 37.378549 ], [ -121.94356, 37.37322 ], [ -121.95067, 37.37425 ], [ -121.97489, 37.37438 ], [ -121.98138, 37.37764 ], [ -121.986969, 37.37758 ] ] ] } },
{ "type": "Feature", "properties": { "zip": "95688" }, "geometry": { "type": "Polygon", "coordinates": [ [ [ -122.126628, 38.435451 ], [ -122.123582, 38.447608 ], [ -122.120527, 38.453926 ], [ -122.113178, 38.474816 ], [ -122.111182, 38.477208 ], [ -122.108182, 38.486107 ], [ -122.104882, 38.490807 ], [ -122.104982, 38.492807 ], [ -122.107183, 38.494507 ], [ -122.106283, 38.508307 ], [ -122.103281, 38.513348 ], [ -122.096666, 38.512903 ], [ -122.093164, 38.513963 ], [ -122.092267, 38.515531 ], [ -122.090775, 38.515996 ], [ -122.086855, 38.514477 ], [ -122.082134, 38.514994 ], [ -122.07998, 38.51403 ], [ -122.068462, 38.514107 ], [ -122.05979, 38.516073 ], [ -122.057415, 38.517441 ], [ -122.041568, 38.505713 ], [ -122.038436, 38.499064 ], [ -122.035566, 38.496122 ], [ -122.028618, 38.49319 ], [ -122.029325, 38.492239 ], [ -122.030833, 38.492633 ], [ -122.033453, 38.4901 ], [ -122.041698, 38.489469 ], [ -122.041605, 38.483835 ], [ -122.040721, 38.480388 ], [ -122.036869, 38.480369 ], [ -122.036866, 38.478951 ], [ -122.039179, 38.478152 ], [ -122.039255, 38.475986 ], [ -122.036064, 38.470119 ], [ -122.032533, 38.469614 ], [ -122.033244, 38.464089 ], [ -122.036694, 38.463356 ], [ -122.037225, 38.461886 ], [ -122.032386, 38.460069 ], [ -122.033689, 38.458769 ], [ -122.032789, 38.457711 ], [ -122.030681, 38.458022 ], [ -122.027973, 38.456923 ], [ -122.024946, 38.458316 ], [ -122.016167, 38.454731 ], [ -122.010983, 38.455514 ], [ -122.003281, 38.459103 ], [ -122.002203, 38.461244 ], [ -122.000207, 38.461279 ], [ -121.998436, 38.464106 ], [ -121.991922, 38.470769 ], [ -121.989847, 38.471094 ], [ -121.988464, 38.468681 ], [ -121.981583, 38.466094 ], [ -121.976176, 38.469209 ], [ -121.971517, 38.470304 ], [ -121.968291, 38.469888 ], [ -121.968533, 38.453189 ], [ -121.915567, 38.45348 ], [ -121.924803, 38.453297 ], [ -121.924596, 38.446222 ], [ -121.913741, 38.446164 ], [ -121.913114, 38.44541 ], [ -121.910758, 38.445393 ], [ -121.910116, 38.444328 ], [ -121.909067, 38.444696 ], [ -121.908428, 38.443573 ], [ -121.905862, 38.442368 ], [ -121.906782, 38.435262 ], [ -121.905548, 38.431624 ], [ -121.887381, 38.431299 ], [ -121.887278, 38.424894 ], [ -121.894011, 38.419267 ], [ -121.897428, 38.417471 ], [ -121.896965, 38.416446 ], [ -121.964023, 38.364692 ], [ -121.973547, 38.358753 ], [ -121.979694, 38.353269 ], [ -122.012675, 38.340447 ], [ -122.014908, 38.338667 ], [ -122.02545, 38.322733 ], [ -122.031809, 38.315367 ], [ -122.033993, 38.31601 ], [ -122.034119, 38.3231 ], [ -122.065271, 38.323204 ], [ -122.062079, 38.325111 ], [ -122.061379, 38.329611 ], [ -122.062979, 38.333511 ], [ -122.064779, 38.333411 ], [ -122.069779, 38.342811 ], [ -122.069479, 38.344211 ], [ -122.070679, 38.346411 ], [ -122.069679, 38.350811 ], [ -122.07338, 38.358411 ], [ -122.07338, 38.360911 ], [ -122.07608, 38.363711 ], [ -122.07768, 38.363711 ], [ -122.086071, 38.380498 ], [ -122.089164, 38.384662 ], [ -122.098475, 38.393007 ], [ -122.109583, 38.40461 ], [ -122.109709, 38.407442 ], [ -122.114081, 38.412198 ], [ -122.114982, 38.412309 ], [ -122.114692, 38.413908 ], [ -122.117983, 38.414109 ], [ -122.119721, 38.418029 ], [ -122.123458, 38.423074 ], [ -122.124952, 38.423921 ], [ -122.126389, 38.428918 ], [ -122.126628, 38.435451 ] ] ] } },
{ "type": "Feature", "properties": { "zip": "95110" }, "geometry": { "type": "Polygon", "coordinates": [ [ [ -121.94355, 37.373402 ], [ -121.941725, 37.376648 ], [ -121.919455, 37.37203 ], [ -121.918321, 37.373022 ], [ -121.915457, 37.369473 ], [ -121.918924, 37.367837 ], [ -121.917063, 37.365318 ], [ -121.913556, 37.366998 ], [ -121.910463, 37.361342 ], [ -121.909637, 37.361737 ], [ -121.907021, 37.358395 ], [ -121.911248, 37.354176 ], [ -121.909196, 37.350484 ], [ -121.905678, 37.35224 ], [ -121.90698, 37.354311 ], [ -121.904751, 37.355111 ], [ -121.901823, 37.3512 ], [ -121.90224, 37.349585 ], [ -121.900223, 37.34908 ], [ -121.901468, 37.34849 ], [ -121.899265, 37.347833 ], [ -121.896855, 37.344597 ], [ -121.897351, 37.34443 ], [ -121.896131, 37.342792 ], [ -121.898258, 37.342323 ], [ -121.897583, 37.341572 ], [ -121.895345, 37.342573 ], [ -121.893293, 37.339833 ], [ -121.894773, 37.339117 ], [ -121.895047, 37.338017 ], [ -121.893208, 37.335571 ], [ -121.893823, 37.334617 ], [ -121.895463, 37.333842 ], [ -121.896029, 37.336181 ], [ -121.897223, 37.335319 ], [ -121.89685, 37.333186 ], [ -121.899123, 37.332119 ], [ -121.897716, 37.330242 ], [ -121.893587, 37.332239 ], [ -121.891447, 37.329484 ], [ -121.888326, 37.330797 ], [ -121.878643, 37.322078 ], [ -121.874022, 37.316377 ], [ -121.871388, 37.317624 ], [ -121.868677, 37.315162 ], [ -121.867251, 37.31531 ], [ -121.875279, 37.309975 ], [ -121.878101, 37.312762 ], [ -121.878511, 37.310307 ], [ -121.880571, 37.308065 ], [ -121.881624, 37.311025 ], [ -121.883549, 37.310028 ], [ -121.888773, 37.315948 ], [ -121.892324, 37.32374 ], [ -121.895602, 37.327425 ], [ -121.900883, 37.325601 ], [ -121.9026, 37.324108 ], [ -121.903492, 37.333097 ], [ -121.904643, 37.33461 ], [ -121.911926, 37.341163 ], [ -121.913401, 37.340642 ], [ -121.916314, 37.343185 ], [ -121.932135, 37.351219 ], [ -121.932158, 37.357729 ], [ -121.931058, 37.360949 ], [ -121.935139, 37.364919 ], [ -121.941259, 37.368357 ], [ -121.941264, 37.36987 ], [ -121.9433, 37.37207 ], [ -121.94355, 37.373402 ] ] ] } },
{ "type": "Feature", "properties": { "zip": "94903" }, "geometry": { "type": "Polygon", "coordinates": [ [ [ -122.624411, 38.041499 ], [ -122.621764, 38.047017 ], [ -122.622489, 38.048066 ], [ -122.62129, 38.047502 ], [ -122.62062, 38.045913 ], [ -122.618811, 38.056533 ], [ -122.616093, 38.061121 ], [ -122.613152, 38.061302 ], [ -122.596777, 38.05352 ], [ -122.590582, 38.052973 ], [ -122.588327, 38.049174 ], [ -122.583114, 38.048905 ], [ -122.573043, 38.045396 ], [ -122.571121, 38.046322 ], [ -122.5543, 38.046764 ], [ -122.539574, 38.043211 ], [ -122.535609, 38.041073 ], [ -122.530766, 38.042341 ], [ -122.527547, 38.041242 ], [ -122.5257, 38.039699 ], [ -122.522413, 38.039553 ], [ -122.519284, 38.040667 ], [ -122.520596, 38.052613 ], [ -122.515462, 38.051153 ], [ -122.51417, 38.048654 ], [ -122.514014, 38.044395 ], [ -122.508034, 38.045268 ], [ -122.506627, 38.047683 ], [ -122.493281416591998, 38.047572326024699 ], [ -122.499465, 38.032165 ], [ -122.497828, 38.019402 ], [ -122.495735730180002, 38.016681793455497 ], [ -122.5017, 38.015926 ], [ -122.500317, 38.0113 ], [ -122.498524, 38.008492 ], [ -122.498623, 38.006074 ], [ -122.495879, 37.997609 ], [ -122.501338, 37.99683 ], [ -122.502133, 37.998605 ], [ -122.507962, 37.995931 ], [ -122.510011, 37.997076 ], [ -122.513301, 37.995734 ], [ -122.514667, 37.99338 ], [ -122.518159, 37.99135 ], [ -122.522278, 37.9926 ], [ -122.525741, 37.990508 ], [ -122.529077, 37.990601 ], [ -122.532372, 37.988556 ], [ -122.533282, 37.986715 ], [ -122.545127, 37.9881 ], [ -122.544106, 37.988986 ], [ -122.550278, 37.991714 ], [ -122.552483, 37.991726 ], [ -122.557517, 37.993723 ], [ -122.570971, 38.009601 ], [ -122.589722, 38.023829 ], [ -122.588189, 38.025986 ], [ -122.597, 38.02918 ], [ -122.598775, 38.028402 ], [ -122.59876, 38.027445 ], [ -122.607503, 38.026531 ], [ -122.609555, 38.025096 ], [ -122.611323, 38.024931 ], [ -122.61277, 38.022221 ], [ -122.616456, 38.019706 ], [ -122.615873, 38.020781 ], [ -122.61767, 38.020798 ], [ -122.619646, 38.021914 ], [ -122.618552, 38.023556 ], [ -122.620799, 38.026062 ], [ -122.622433, 38.026497 ], [ -122.617289, 38.028572 ], [ -122.617273, 38.031196 ], [ -122.619288, 38.03368 ], [ -122.619214, 38.036011 ], [ -122.622636, 38.037618 ], [ -122.624469, 38.039502 ], [ -122.624411, 38.041499 ] ] ] } },
{ "type": "Feature", "properties": { "zip": "94923" }, "geometry": { "type": "Polygon", "coordinates": [ [ [ -123.102604724521996, 38.413557451463902 ], [ -123.098336, 38.417582 ], [ -123.092868, 38.404192 ], [ -123.083777, 38.395653 ], [ -123.078096, 38.388231 ], [ -123.075117, 38.390278 ], [ -123.071103, 38.390654 ], [ -123.061281, 38.385798 ], [ -123.064115, 38.380397 ], [ -123.065593, 38.381208 ], [ -123.068767, 38.378928 ], [ -123.07088, 38.378526 ], [ -123.064152, 38.375215 ], [ -123.064743, 38.368221 ], [ -123.063206, 38.364409 ], [ -123.059464, 38.358687 ], [ -123.049024, 38.34968 ], [ -123.047256, 38.345489 ], [ -123.0462, 38.345244 ], [ -123.046868, 38.346584 ], [ -123.044675, 38.348288 ], [ -123.045158, 38.359318 ], [ -123.04312, 38.359332 ], [ -123.038907, 38.356805 ], [ -123.036066, 38.360172 ], [ -123.034502, 38.360642 ], [ -123.029897, 38.361116 ], [ -123.0226, 38.357882 ], [ -123.021316, 38.358824 ], [ -123.019292, 38.358951 ], [ -123.018517, 38.36023 ], [ -123.016828, 38.360898 ], [ -123.015293, 38.360758 ], [ -123.013187, 38.358469 ], [ -123.008624, 38.358835 ], [ -123.007844, 38.35701 ], [ -123.003861, 38.355469 ], [ -123.000824, 38.357705 ], [ -122.998495, 38.357226 ], [ -122.99864, 38.354545 ], [ -122.997048, 38.353233 ], [ -122.99506, 38.353918 ], [ -122.994371, 38.356077 ], [ -122.990282, 38.355135 ], [ -122.987872, 38.351755 ], [ -122.985877, 38.352642 ], [ -122.985374, 38.351723 ], [ -122.986595, 38.350889 ], [ -122.985093, 38.347788 ], [ -122.985607, 38.341612 ], [ -122.984118, 38.340548 ], [ -122.982071, 38.341065 ], [ -122.982744, 38.337215 ], [ -122.975876, 38.336892 ], [ -122.972984, 38.334417 ], [ -122.951111, 38.326789 ], [ -122.954544, 38.318707 ], [ -122.959931, 38.315929 ], [ -122.966124, 38.31697 ], [ -122.969049, 38.310798 ], [ -122.971077, 38.309942 ], [ -122.974868, 38.311471 ], [ -122.981607, 38.311135 ], [ -122.983163, 38.310408 ], [ -122.984134, 38.308223 ], [ -122.987708, 38.308115 ], [ -122.991629, 38.305531 ], [ -122.993125, 38.306441 ], [ -122.994753, 38.30619 ], [ -122.993579, 38.300079 ], [ -122.994111, 38.299385 ], [ -122.998708, 38.298413 ], [ -123.001588, 38.297155 ], [ -123.002787, 38.29571 ], [ -123.024333, 38.310573 ], [ -123.038742, 38.313576 ], [ -123.044674, 38.313175 ], [ -123.051061, 38.310693 ], [ -123.053476, 38.305722 ], [ -123.052021, 38.302246 ], [ -123.053504, 38.299385 ], [ -123.058239, 38.298355 ], [ -123.063671, 38.302178 ], [ -123.07406, 38.318829 ], [ -123.077456, 38.320931 ], [ -123.078621, 38.323373 ], [ -123.074684, 38.322574 ], [ -123.068437, 38.33521 ], [ -123.068265, 38.359865 ], [ -123.080642, 38.377382 ], [ -123.085572, 38.390525 ], [ -123.09391, 38.394829 ], [ -123.094702, 38.392954 ], [ -123.096407, 38.393408 ], [ -123.096187, 38.398396 ], [ -123.098607, 38.406357 ], [ -123.102604724521996, 38.413557451463902 ] ] ] } },
{ "type": "Feature", "properties": { "zip": "94929" }, "geometry": { "type": "Polygon", "coordinates": [ [ [ -122.977663, 38.269974 ], [ -122.9764, 38.269752 ], [ -122.976628, 38.267197 ], [ -122.971013, 38.263763 ], [ -122.96932, 38.263714 ], [ -122.964321, 38.260823 ], [ -122.960194, 38.257473 ], [ -122.958546, 38.257611 ], [ -122.957257, 38.255943 ], [ -122.952183, 38.255856 ], [ -122.946526, 38.251114 ], [ -122.945073, 38.250755 ], [ -122.952474, 38.249073 ], [ -122.952657, 38.247524 ], [ -122.954836, 38.248093 ], [ -122.958227, 38.24701 ], [ -122.961084, 38.247808 ], [ -122.961981, 38.244756 ], [ -122.965862, 38.244545 ], [ -122.965794, 38.246699 ], [ -122.967543183277996, 38.247506329023302 ], [ -122.967126, 38.249585 ], [ -122.968142, 38.253655 ], [ -122.977247418396999, 38.2679962331501 ], [ -122.977663, 38.269974 ] ] ] } },
{ "type": "Feature", "properties": { "zip": "94930" }, "geometry": { "type": "Polygon", "coordinates": [ [ [ -122.646518, 37.982511 ], [ -122.636321, 37.994093 ], [ -122.629382, 37.997143 ], [ -122.628196, 37.999547 ], [ -122.626203, 38.000206 ], [ -122.627238, 38.005492 ], [ -122.624482, 38.007648 ], [ -122.621863, 38.007804 ], [ -122.617163, 38.006454 ], [ -122.61428, 38.00407 ], [ -122.614556, 38.005732 ], [ -122.617233, 38.008163 ], [ -122.618231, 38.011235 ], [ -122.616228, 38.012319 ], [ -122.613654, 38.01087 ], [ -122.614403, 38.016764 ], [ -122.613673, 38.018209 ], [ -122.616836, 38.018314 ], [ -122.616562, 38.019646 ], [ -122.61277, 38.022221 ], [ -122.61316, 38.018173 ], [ -122.611562, 38.017398 ], [ -122.609761, 38.018489 ], [ -122.607541, 38.01328 ], [ -122.602177, 38.011064 ], [ -122.602737, 38.009932 ], [ -122.599298, 38.00797 ], [ -122.595285, 38.008319 ], [ -122.585012, 38.004925 ], [ -122.586448, 38.003293 ], [ -122.585487, 38.002699 ], [ -122.586931, 37.999388 ], [ -122.581887, 37.986646 ], [ -122.579351, 37.986628 ], [ -122.582182, 37.979076 ], [ -122.581381, 37.977632 ], [ -122.58579, 37.976723 ], [ -122.58079, 37.973223 ], [ -122.580672, 37.969731 ], [ -122.582629, 37.9681 ], [ -122.58059, 37.966108 ], [ -122.577768, 37.965756 ], [ -122.578986, 37.962574 ], [ -122.575548, 37.959285 ], [ -122.572394, 37.957885 ], [ -122.573854, 37.956112 ], [ -122.577557, 37.956369 ], [ -122.580522, 37.954376 ], [ -122.584628, 37.955733 ], [ -122.588105, 37.954471 ], [ -122.59073, 37.95448 ], [ -122.59206, 37.952884 ], [ -122.596015, 37.951866 ], [ -122.597336, 37.948953 ], [ -122.598327, 37.949694 ], [ -122.598443, 37.947739 ], [ -122.596851, 37.945818 ], [ -122.597528, 37.944856 ], [ -122.599641, 37.945381 ], [ -122.601485, 37.943245 ], [ -122.601661, 37.941558 ], [ -122.603269, 37.94056 ], [ -122.605628, 37.940864 ], [ -122.607279, 37.939508 ], [ -122.605959, 37.938776 ], [ -122.606369, 37.937323 ], [ -122.604268, 37.933751 ], [ -122.604083, 37.931205 ], [ -122.603216, 37.929986 ], [ -122.605028, 37.929019 ], [ -122.607109, 37.925986 ], [ -122.606163, 37.924837 ], [ -122.606973, 37.923956 ], [ -122.608976, 37.924805 ], [ -122.615253, 37.924948 ], [ -122.616394, 37.924102 ], [ -122.616699, 37.922277 ], [ -122.62303, 37.920912 ], [ -122.625265, 37.922213 ], [ -122.626608, 37.922074 ], [ -122.626955, 37.923411 ], [ -122.633867, 37.925688 ], [ -122.63354, 37.92788 ], [ -122.635981, 37.934376 ], [ -122.637442, 37.935563 ], [ -122.638669, 37.940744 ], [ -122.633736, 37.941894 ], [ -122.632487, 37.943846 ], [ -122.63386, 37.945376 ], [ -122.633013, 37.946677 ], [ -122.634625, 37.948788 ], [ -122.631718, 37.948826 ], [ -122.633375, 37.95194 ], [ -122.636487, 37.954096 ], [ -122.637098, 37.955819 ], [ -122.635131, 37.954958 ], [ -122.63333, 37.955653 ], [ -122.632197, 37.955082 ], [ -122.630267, 37.956014 ], [ -122.628866, 37.959538 ], [ -122.631881, 37.963264 ], [ -122.629667, 37.963289 ], [ -122.629048, 37.964623 ], [ -122.631253, 37.96754 ], [ -122.627583, 37.965457 ], [ -122.626156, 37.962766 ], [ -122.624983, 37.963498 ], [ -122.625957, 37.963947 ], [ -122.626565, 37.966794 ], [ -122.629313, 37.969448 ], [ -122.637908, 37.973251 ], [ -122.638366, 37.974882 ], [ -122.643716, 37.979165 ], [ -122.646518, 37.982511 ] ] ] } },
{ "type": "Feature", "properties": { "zip": "94937" }, "geometry": { "type": "Polygon", "coordinates": [ [ [ -123.024066, 37.994878 ], [ -123.020562, 37.999544 ], [ -123.016106, 37.999034 ], [ -123.011533, 38.003438 ], [ -122.99242, 38.041758 ], [ -122.960889, 38.112962 ], [ -122.952086, 38.138562 ], [ -122.949074, 38.15406 ], [ -122.949626, 38.164041 ], [ -122.953537, 38.170284 ], [ -122.953629, 38.17567 ], [ -122.955842, 38.178014 ], [ -122.96086, 38.179409 ], [ -122.967349, 38.182764 ], [ -122.965408, 38.187113 ], [ -122.96637, 38.198514 ], [ -122.968112, 38.202428 ], [ -122.980733, 38.21534 ], [ -122.980425, 38.220984 ], [ -122.981831, 38.223102 ], [ -122.985511, 38.224876 ], [ -122.995631, 38.238626 ], [ -122.995003, 38.240043 ], [ -122.992822, 38.240038 ], [ -122.988222304397993, 38.238010988012597 ], [ -122.978993, 38.229291 ], [ -122.972776, 38.229645 ], [ -122.972643881831004, 38.231289449552797 ], [ -122.95262, 38.212813 ], [ -122.937912, 38.201372 ], [ -122.932002, 38.19792 ], [ -122.899786, 38.157736 ], [ -122.893512, 38.148576 ], [ -122.881154, 38.126921 ], [ -122.876105, 38.121959 ], [ -122.865861, 38.115149 ], [ -122.852047, 38.103766 ], [ -122.847326, 38.100813 ], [ -122.851515, 38.097773 ], [ -122.85045, 38.095504 ], [ -122.847175, 38.093615 ], [ -122.84545, 38.09155 ], [ -122.841793, 38.09021 ], [ -122.842847, 38.089095 ], [ -122.839279, 38.086106 ], [ -122.842423, 38.085257 ], [ -122.844582, 38.0862 ], [ -122.846637, 38.085287 ], [ -122.848598, 38.086425 ], [ -122.852765, 38.085793 ], [ -122.862683, 38.088533 ], [ -122.864631, 38.087355 ], [ -122.874349, 38.090003 ], [ -122.866357, 38.084364 ], [ -122.863855, 38.084945 ], [ -122.86444, 38.082128 ], [ -122.862285, 38.07978 ], [ -122.856305, 38.078771 ], [ -122.851963, 38.076971 ], [ -122.851915, 38.075515 ], [ -122.850724, 38.074038 ], [ -122.84567, 38.073225 ], [ -122.846263, 38.071788 ], [ -122.84706, 38.072703 ], [ -122.848683, 38.072776 ], [ -122.848377, 38.071053 ], [ -122.850025, 38.071278 ], [ -122.851302, 38.070194 ], [ -122.851295, 38.066333 ], [ -122.84958, 38.065303 ], [ -122.848765, 38.063505 ], [ -122.842408, 38.059547 ], [ -122.84439, 38.058605 ], [ -122.846005, 38.060085 ], [ -122.848408, 38.058858 ], [ -122.851475, 38.05891 ], [ -122.851959, 38.055509 ], [ -122.853738, 38.052774 ], [ -122.858246, 38.048947 ], [ -122.863608, 38.047628 ], [ -122.865405, 38.045555 ], [ -122.867094, 38.045587 ], [ -122.864416, 38.043266 ], [ -122.865317, 38.040514 ], [ -122.869156, 38.036853 ], [ -122.872417, 38.030576 ], [ -122.872818, 38.02543 ], [ -122.869658, 38.023632 ], [ -122.870906, 38.022844 ], [ -122.856682, 38.017849 ], [ -122.85508, 38.019584 ], [ -122.855127, 38.018354 ], [ -122.856641397659004, 38.016739912586601 ], [ -122.882114, 38.025273 ], [ -122.905106, 38.028384 ], [ -122.923139, 38.028679 ], [ -122.928053919974005, 38.029636656082403 ], [ -122.930183, 38.031293 ], [ -122.939711, 38.031908 ], [ -122.956811, 38.02872 ], [ -122.972378, 38.020247 ], [ -122.981776, 38.009119 ], [ -122.983138, 38.005757 ], [ -122.983656, 38.000741 ], [ -122.983034, 37.997406 ], [ -122.974043, 37.994296 ], [ -122.967697, 37.993776 ], [ -122.963544, 37.989914 ], [ -122.972104, 37.990127 ], [ -122.97439, 37.992429 ], [ -122.986011, 37.992078 ], [ -122.991497, 37.99445 ], [ -122.994223, 37.993175 ], [ -123.006328, 37.99363 ], [ -123.007478, 37.99536 ], [ -123.011672, 37.995093 ], [ -123.014276, 37.993929 ], [ -123.024066, 37.994878 ] ] ] } },
{ "type": "Feature", "properties": { "zip": "94946" }, "geometry": { "type": "Polygon", "coordinates": [ [ [ -122.778977, 38.11306 ], [ -122.773441, 38.117743 ], [ -122.770988, 38.116525 ], [ -122.766363, 38.116384 ], [ -122.765795, 38.115323 ], [ -122.761373, 38.11273 ], [ -122.759181, 38.112975 ], [ -122.754765, 38.11105 ], [ -122.755026, 38.109758 ], [ -122.752887, 38.10854 ], [ -122.752269, 38.103706 ], [ -122.750818, 38.102345 ], [ -122.750201, 38.100568 ], [ -122.750668, 38.098568 ], [ -122.749818, 38.096721 ], [ -122.747738, 38.096406 ], [ -122.745304, 38.094604 ], [ -122.744053, 38.094858 ], [ -122.742605, 38.092254 ], [ -122.739396, 38.092135 ], [ -122.73592, 38.09357 ], [ -122.726851, 38.106083 ], [ -122.721719, 38.109275 ], [ -122.718467, 38.113124 ], [ -122.715285, 38.11376 ], [ -122.71466, 38.114573 ], [ -122.714023, 38.119949 ], [ -122.716148, 38.122924 ], [ -122.714117, 38.126849 ], [ -122.70684, 38.122779 ], [ -122.70305, 38.123346 ], [ -122.700608, 38.11939 ], [ -122.698005, 38.119669 ], [ -122.696313, 38.116455 ], [ -122.691474, 38.114272 ], [ -122.676071, 38.116027 ], [ -122.667519, 38.11293 ], [ -122.665745, 38.105239 ], [ -122.665479, 38.096745 ], [ -122.665006, 38.094845 ], [ -122.66316, 38.093311 ], [ -122.656292, 38.091526 ], [ -122.652981, 38.089596 ], [ -122.646054, 38.088185 ], [ -122.639558, 38.091723 ], [ -122.633711, 38.089742 ], [ -122.630492, 38.089834 ], [ -122.615358, 38.08294 ], [ -122.603717, 38.076063 ], [ -122.601213, 38.07051 ], [ -122.59746, 38.067117 ], [ -122.600603, 38.062988 ], [ -122.606192, 38.058021 ], [ -122.613152, 38.061302 ], [ -122.616093, 38.061121 ], [ -122.618811, 38.056533 ], [ -122.62062, 38.045913 ], [ -122.62129, 38.047502 ], [ -122.622489, 38.048066 ], [ -122.621764, 38.047017 ], [ -122.624411, 38.041499 ], [ -122.624469, 38.039502 ], [ -122.622636, 38.037618 ], [ -122.619214, 38.036011 ], [ -122.619288, 38.03368 ], [ -122.617273, 38.031196 ], [ -122.617289, 38.028572 ], [ -122.622433, 38.026497 ], [ -122.620799, 38.026062 ], [ -122.618552, 38.023556 ], [ -122.619646, 38.021914 ], [ -122.61767, 38.020798 ], [ -122.615873, 38.020781 ], [ -122.616456, 38.019706 ], [ -122.6205, 38.01992 ], [ -122.633781, 38.025644 ], [ -122.639457, 38.025154 ], [ -122.642476, 38.025724 ], [ -122.643684, 38.028099 ], [ -122.645503, 38.027109 ], [ -122.649926, 38.028281 ], [ -122.654383, 38.027885 ], [ -122.654654, 38.026856 ], [ -122.657817, 38.026378 ], [ -122.664375, 38.023157 ], [ -122.667388, 38.025438 ], [ -122.669073, 38.025431 ], [ -122.674524, 38.028387 ], [ -122.678217, 38.028042 ], [ -122.679169, 38.029691 ], [ -122.682953, 38.031583 ], [ -122.6864, 38.031479 ], [ -122.68752, 38.030386 ], [ -122.690456, 38.030198 ], [ -122.692124, 38.03184 ], [ -122.697692, 38.033543 ], [ -122.698856, 38.036732 ], [ -122.698338, 38.038928 ], [ -122.701923, 38.040539 ], [ -122.704532, 38.039512 ], [ -122.708913, 38.039302 ], [ -122.70988, 38.040424 ], [ -122.709171, 38.041217 ], [ -122.710891, 38.042402 ], [ -122.708697, 38.04445 ], [ -122.709318, 38.047025 ], [ -122.712561, 38.050115 ], [ -122.711385, 38.046846 ], [ -122.711874, 38.045362 ], [ -122.718424, 38.047132 ], [ -122.720817, 38.048923 ], [ -122.724014, 38.049948 ], [ -122.724534, 38.051806 ], [ -122.727475, 38.055765 ], [ -122.735606, 38.057227 ], [ -122.738429, 38.056313 ], [ -122.742496, 38.060827 ], [ -122.743824, 38.059574 ], [ -122.745473, 38.059631 ], [ -122.750393, 38.056846 ], [ -122.753902, 38.055836 ], [ -122.754513, 38.053947 ], [ -122.753209, 38.052189 ], [ -122.753467, 38.050571 ], [ -122.756961, 38.050785 ], [ -122.757549, 38.049515 ], [ -122.758947, 38.0499 ], [ -122.759598, 38.051597 ], [ -122.758574, 38.053934 ], [ -122.759314, 38.055972 ], [ -122.767809, 38.059647 ], [ -122.770784, 38.05923 ], [ -122.771069, 38.063448 ], [ -122.773096, 38.066294 ], [ -122.772296, 38.068381 ], [ -122.769707, 38.06897 ], [ -122.770462, 38.071147 ], [ -122.764932, 38.074656 ], [ -122.763568, 38.076967 ], [ -122.764946, 38.08101 ], [ -122.767446, 38.083809 ], [ -122.767664, 38.088984 ], [ -122.775268, 38.095792 ], [ -122.770729, 38.102076 ], [ -122.771842, 38.105384 ], [ -122.7759, 38.110547 ], [ -122.778977, 38.11306 ] ] ] } },
{ "type": "Feature", "properties": { "zip": "94949" }, "geometry": { "type": "Polygon", "coordinates": [ [ [ -122.588048, 38.069069 ], [ -122.584399, 38.068857 ], [ -122.585755, 38.078573 ], [ -122.582455, 38.076962 ], [ -122.575209, 38.076227 ], [ -122.57496, 38.079012 ], [ -122.57144, 38.080412 ], [ -122.569013, 38.078738 ], [ -122.569037, 38.076994 ], [ -122.566279, 38.077023 ], [ -122.563913, 38.075248 ], [ -122.555978, 38.076615 ], [ -122.553559, 38.075296 ], [ -122.551249, 38.075849 ], [ -122.545929, 38.074064 ], [ -122.544698, 38.074396 ], [ -122.539561, 38.071402 ], [ -122.542512, 38.076535 ], [ -122.546108, 38.08008 ], [ -122.534826, 38.087356 ], [ -122.533847, 38.084311 ], [ -122.52823, 38.081531 ], [ -122.527547, 38.082906 ], [ -122.529098, 38.086077 ], [ -122.528482, 38.087735 ], [ -122.52318, 38.087641 ], [ -122.519495, 38.090927 ], [ -122.51533, 38.091617 ], [ -122.513287, 38.086392 ], [ -122.512263, 38.085302 ], [ -122.509193, 38.084457 ], [ -122.505542, 38.085391 ], [ -122.50241, 38.089634 ], [ -122.496535, 38.093371 ], [ -122.493776, 38.094321 ], [ -122.493816, 38.092178 ], [ -122.489474, 38.09502 ], [ -122.487164, 38.099271 ], [ -122.485911065741007, 38.099244010299103 ], [ -122.483757, 38.071762 ], [ -122.492265, 38.056381 ], [ -122.493281416591998, 38.047572326024699 ], [ -122.506627, 38.047683 ], [ -122.508034, 38.045268 ], [ -122.514014, 38.044395 ], [ -122.51417, 38.048654 ], [ -122.515462, 38.051153 ], [ -122.520596, 38.052613 ], [ -122.519284, 38.040667 ], [ -122.522413, 38.039553 ], [ -122.5257, 38.039699 ], [ -122.527547, 38.041242 ], [ -122.530766, 38.042341 ], [ -122.535609, 38.041073 ], [ -122.539574, 38.043211 ], [ -122.5543, 38.046764 ], [ -122.571121, 38.046322 ], [ -122.57461, 38.04796 ], [ -122.594202, 38.066329 ], [ -122.588048, 38.069069 ] ] ] } },
{ "type": "Feature", "properties": { "zip": "94951" }, "geometry": { "type": "Polygon", "coordinates": [ [ [ -122.704757, 38.304034 ], [ -122.694363, 38.309375 ], [ -122.696815, 38.312304 ], [ -122.694366, 38.314301 ], [ -122.692548, 38.312166 ], [ -122.68421, 38.312203 ], [ -122.682974, 38.309443 ], [ -122.684393, 38.308851 ], [ -122.683021, 38.306956 ], [ -122.678298, 38.307025 ], [ -122.679695, 38.307734 ], [ -122.678636, 38.308744 ], [ -122.67275, 38.309464 ], [ -122.670622, 38.311365 ], [ -122.66663, 38.312029 ], [ -122.66669, 38.325191 ], [ -122.67606, 38.325192 ], [ -122.676089, 38.336181 ], [ -122.666825, 38.33617 ], [ -122.66686, 38.338581 ], [ -122.657317, 38.339514 ], [ -122.654727, 38.338277 ], [ -122.654433, 38.332228 ], [ -122.651502, 38.333189 ], [ -122.650875, 38.334672 ], [ -122.64803, 38.335184 ], [ -122.644739, 38.341044 ], [ -122.645107, 38.342292 ], [ -122.64175, 38.347365 ], [ -122.638597, 38.348494 ], [ -122.637639, 38.35078 ], [ -122.620259, 38.350835 ], [ -122.620214, 38.357743 ], [ -122.599499, 38.357536 ], [ -122.599498, 38.355866 ], [ -122.596454, 38.352274 ], [ -122.59321, 38.350753 ], [ -122.583595, 38.350312 ], [ -122.583505, 38.343287 ], [ -122.592682, 38.34318 ], [ -122.592736, 38.335928 ], [ -122.601862, 38.335864 ], [ -122.601895, 38.33364 ], [ -122.617964, 38.332544 ], [ -122.618524, 38.325924 ], [ -122.614561, 38.323703 ], [ -122.630677, 38.305624 ], [ -122.64167, 38.311894 ], [ -122.649981, 38.302723 ], [ -122.650822, 38.303289 ], [ -122.657325, 38.296006 ], [ -122.654092, 38.294191 ], [ -122.657376, 38.290551 ], [ -122.663862, 38.28914 ], [ -122.664584, 38.285099 ], [ -122.666354, 38.283191 ], [ -122.668611, 38.284478 ], [ -122.672821, 38.279295 ], [ -122.678668, 38.278878 ], [ -122.682328, 38.281703 ], [ -122.68233, 38.284985 ], [ -122.678047, 38.284409 ], [ -122.676773, 38.28558 ], [ -122.704757, 38.304034 ] ] ] } },
{ "type": "Feature", "properties": { "zip": "94954" }, "geometry": { "type": "Polygon", "coordinates": [ [ [ -122.678668, 38.278878 ], [ -122.672821, 38.279295 ], [ -122.668611, 38.284478 ], [ -122.666354, 38.283191 ], [ -122.664584, 38.285099 ], [ -122.663862, 38.28914 ], [ -122.657376, 38.290551 ], [ -122.654092, 38.294191 ], [ -122.657325, 38.296006 ], [ -122.650822, 38.303289 ], [ -122.649981, 38.302723 ], [ -122.64167, 38.311894 ], [ -122.630677, 38.305624 ], [ -122.614561, 38.323703 ], [ -122.618524, 38.325924 ], [ -122.617964, 38.332544 ], [ -122.601895, 38.33364 ], [ -122.601862, 38.335864 ], [ -122.592736, 38.335928 ], [ -122.592682, 38.34318 ], [ -122.583505, 38.343287 ], [ -122.583663, 38.355349 ], [ -122.582648, 38.357793 ], [ -122.568198, 38.35775 ], [ -122.568048, 38.358447 ], [ -122.556735, 38.357866 ], [ -122.555836, 38.355962 ], [ -122.556381, 38.354985 ], [ -122.565287, 38.354231 ], [ -122.565295, 38.350572 ], [ -122.560071, 38.350696 ], [ -122.560211, 38.347971 ], [ -122.562345, 38.344636 ], [ -122.562827, 38.34237 ], [ -122.56162, 38.340252 ], [ -122.563253, 38.33767 ], [ -122.569865, 38.334706 ], [ -122.570003, 38.332776 ], [ -122.566829, 38.330472 ], [ -122.567218, 38.327505 ], [ -122.573533, 38.327554 ], [ -122.574568, 38.324861 ], [ -122.573573, 38.31753 ], [ -122.572684, 38.316201 ], [ -122.567606, 38.31286 ], [ -122.553619, 38.29384 ], [ -122.555342, 38.288467 ], [ -122.559942, 38.287649 ], [ -122.563219, 38.285347 ], [ -122.551071, 38.276232 ], [ -122.549817, 38.274506 ], [ -122.546117, 38.272665 ], [ -122.545901, 38.271122 ], [ -122.535797, 38.265166 ], [ -122.533451, 38.262812 ], [ -122.524888, 38.261151 ], [ -122.512323, 38.254844 ], [ -122.507394, 38.247293 ], [ -122.503159, 38.246703 ], [ -122.500218, 38.247664 ], [ -122.505393, 38.242675 ], [ -122.505437, 38.240024 ], [ -122.507615, 38.237065 ], [ -122.502459, 38.238773 ], [ -122.495444, 38.225418 ], [ -122.498391, 38.222877 ], [ -122.458045, 38.189958 ], [ -122.461112, 38.188027 ], [ -122.463475, 38.185356 ], [ -122.46145, 38.184872 ], [ -122.456042, 38.18079 ], [ -122.450511, 38.178304 ], [ -122.445434, 38.179458 ], [ -122.447245, 38.177113 ], [ -122.453561, 38.175178 ], [ -122.45739, 38.170038 ], [ -122.460789, 38.171291 ], [ -122.469533, 38.177333 ], [ -122.471616, 38.180722 ], [ -122.474846, 38.182836 ], [ -122.480471, 38.184532 ], [ -122.481224, 38.18551 ], [ -122.485185, 38.186568 ], [ -122.486634, 38.187843 ], [ -122.493784, 38.189339 ], [ -122.497, 38.191568 ], [ -122.498528, 38.191748 ], [ -122.500905, 38.194592 ], [ -122.508327, 38.195106 ], [ -122.51034, 38.196436 ], [ -122.511823, 38.199055 ], [ -122.521792, 38.205368 ], [ -122.535711, 38.203617 ], [ -122.54426, 38.194497 ], [ -122.54188, 38.190195 ], [ -122.537755, 38.186989 ], [ -122.53883, 38.18557 ], [ -122.523106, 38.1733 ], [ -122.51947, 38.176154 ], [ -122.518485, 38.176178 ], [ -122.501152, 38.162216 ], [ -122.499988, 38.158769 ], [ -122.497113, 38.160279 ], [ -122.49815, 38.157339 ], [ -122.489445, 38.151475 ], [ -122.476293, 38.133982 ], [ -122.489103, 38.125958 ], [ -122.487147, 38.122393 ], [ -122.491419, 38.120194 ], [ -122.501626, 38.112331 ], [ -122.507926, 38.118098 ], [ -122.511291, 38.124919 ], [ -122.513104, 38.13212 ], [ -122.519019, 38.139742 ], [ -122.523964, 38.143511 ], [ -122.533257, 38.148119 ], [ -122.537697, 38.151514 ], [ -122.54371, 38.158068 ], [ -122.545376, 38.158733 ], [ -122.544633, 38.159869 ], [ -122.544688, 38.162362 ], [ -122.541893, 38.164719 ], [ -122.534129, 38.167151 ], [ -122.532122, 38.169073 ], [ -122.531752, 38.171323 ], [ -122.540562, 38.179172 ], [ -122.543722, 38.183066 ], [ -122.54484, 38.185013 ], [ -122.547514, 38.19684 ], [ -122.549739, 38.199525 ], [ -122.554919, 38.199889 ], [ -122.558978, 38.198208 ], [ -122.562563, 38.198725 ], [ -122.565355, 38.201719 ], [ -122.566546, 38.204219 ], [ -122.566762, 38.206026 ], [ -122.565279, 38.210114 ], [ -122.566553, 38.211542 ], [ -122.5703, 38.212663 ], [ -122.568649, 38.212064 ], [ -122.571386, 38.211597 ], [ -122.568085, 38.211888 ], [ -122.56617, 38.210905 ], [ -122.56569, 38.209422 ], [ -122.568913, 38.204186 ], [ -122.57683, 38.206811 ], [ -122.583864, 38.209728 ], [ -122.594656, 38.220699 ], [ -122.603228, 38.221102 ], [ -122.60627, 38.224461 ], [ -122.615564, 38.22853 ], [ -122.624452, 38.244671 ], [ -122.661541, 38.265076 ], [ -122.678668, 38.278878 ] ] ] } },
{ "type": "Feature", "properties": { "zip": "94960" }, "geometry": { "type": "Polygon", "coordinates": [ [ [ -122.61277, 38.022221 ], [ -122.611323, 38.024931 ], [ -122.609555, 38.025096 ], [ -122.607503, 38.026531 ], [ -122.59876, 38.027445 ], [ -122.598775, 38.028402 ], [ -122.597, 38.02918 ], [ -122.588189, 38.025986 ], [ -122.589722, 38.023829 ], [ -122.570971, 38.009601 ], [ -122.557517, 37.993723 ], [ -122.559514, 37.984475 ], [ -122.557598, 37.985006 ], [ -122.55643, 37.984452 ], [ -122.557249, 37.983507 ], [ -122.550398, 37.980802 ], [ -122.550942, 37.978239 ], [ -122.551983, 37.977411 ], [ -122.550926, 37.977492 ], [ -122.550913, 37.972188 ], [ -122.553201, 37.97256 ], [ -122.551536, 37.97117 ], [ -122.552097, 37.969519 ], [ -122.557887, 37.968202 ], [ -122.558773, 37.966527 ], [ -122.560587, 37.969557 ], [ -122.566358, 37.966952 ], [ -122.567301, 37.967831 ], [ -122.571558, 37.967634 ], [ -122.580672, 37.969731 ], [ -122.58079, 37.973223 ], [ -122.58579, 37.976723 ], [ -122.581381, 37.977632 ], [ -122.582182, 37.979076 ], [ -122.579351, 37.986628 ], [ -122.581887, 37.986646 ], [ -122.586931, 37.999388 ], [ -122.585487, 38.002699 ], [ -122.586448, 38.003293 ], [ -122.585012, 38.004925 ], [ -122.595285, 38.008319 ], [ -122.599298, 38.00797 ], [ -122.602737, 38.009932 ], [ -122.602177, 38.011064 ], [ -122.607541, 38.01328 ], [ -122.609761, 38.018489 ], [ -122.611562, 38.017398 ], [ -122.61316, 38.018173 ], [ -122.61277, 38.022221 ] ] ] } },
{ "type": "Feature", "properties": { "zip": "94965" }, "geometry": { "type": "Polygon", "coordinates": [ [ [ -122.603454, 37.877268 ], [ -122.600173, 37.878456 ], [ -122.601879, 37.877166 ], [ -122.59875, 37.874878 ], [ -122.59398, 37.875028 ], [ -122.587608, 37.867693 ], [ -122.586666, 37.864635 ], [ -122.585056, 37.864067 ], [ -122.582594, 37.865173 ], [ -122.57627, 37.863051 ], [ -122.583723, 37.873123 ], [ -122.582375, 37.87635 ], [ -122.579056, 37.878913 ], [ -122.577084, 37.8821 ], [ -122.567922, 37.886443 ], [ -122.567527, 37.888477 ], [ -122.56628, 37.887074 ], [ -122.5643, 37.887979 ], [ -122.565784, 37.888652 ], [ -122.562371, 37.889424 ], [ -122.563289, 37.890631 ], [ -122.561277, 37.892167 ], [ -122.562057, 37.894573 ], [ -122.563786, 37.893742 ], [ -122.563695, 37.892751 ], [ -122.56559, 37.892496 ], [ -122.564329, 37.89355 ], [ -122.564141, 37.895165 ], [ -122.562018, 37.895488 ], [ -122.561758, 37.896231 ], [ -122.558717, 37.893527 ], [ -122.557183, 37.893485 ], [ -122.556147, 37.890339 ], [ -122.555042, 37.889336 ], [ -122.554277, 37.883415 ], [ -122.55372, 37.884191 ], [ -122.553828, 37.877706 ], [ -122.551764, 37.876385 ], [ -122.55229, 37.874526 ], [ -122.551058, 37.873149 ], [ -122.552751, 37.87168 ], [ -122.551966, 37.870458 ], [ -122.550755, 37.870517 ], [ -122.551163, 37.869123 ], [ -122.549048, 37.869232 ], [ -122.551216, 37.868032 ], [ -122.550717, 37.865494 ], [ -122.551416, 37.86423 ], [ -122.546436, 37.862292 ], [ -122.547771, 37.861208 ], [ -122.545535, 37.861102 ], [ -122.544399, 37.859492 ], [ -122.539014, 37.855787 ], [ -122.537558, 37.858545 ], [ -122.534045, 37.859369 ], [ -122.533048, 37.858837 ], [ -122.533551, 37.857475 ], [ -122.535115, 37.856971 ], [ -122.532643, 37.855521 ], [ -122.533146, 37.853839 ], [ -122.52634, 37.850036 ], [ -122.523966, 37.852338 ], [ -122.52491, 37.854666 ], [ -122.521817, 37.856548 ], [ -122.515904, 37.856719 ], [ -122.511434, 37.854885 ], [ -122.507424, 37.855716 ], [ -122.510171, 37.856855 ], [ -122.508418, 37.858939 ], [ -122.511722, 37.863216 ], [ -122.520246, 37.870106 ], [ -122.519343, 37.874507 ], [ -122.519603, 37.875554 ], [ -122.520952, 37.875761 ], [ -122.520029, 37.877067 ], [ -122.520678, 37.879378 ], [ -122.518514, 37.878704 ], [ -122.516615, 37.876875 ], [ -122.511524, 37.876718 ], [ -122.516204, 37.880311 ], [ -122.516584, 37.884154 ], [ -122.498466881008994, 37.875791695516497 ], [ -122.500544, 37.874152 ], [ -122.496266, 37.870775 ], [ -122.494602, 37.866272 ], [ -122.487709, 37.864208 ], [ -122.47844, 37.859517 ], [ -122.479743, 37.847571 ], [ -122.47752, 37.84655 ], [ -122.4769, 37.842611 ], [ -122.47226, 37.836808 ], [ -122.472684, 37.832397 ], [ -122.473479, 37.832307 ], [ -122.474237, 37.83367 ], [ -122.477778, 37.833385 ], [ -122.479071, 37.830384 ], [ -122.478735, 37.825586 ], [ -122.483483, 37.826728 ], [ -122.490934, 37.82675 ], [ -122.495483, 37.822428 ], [ -122.499028, 37.822395 ], [ -122.500006, 37.820911 ], [ -122.504452, 37.821095 ], [ -122.505692, 37.8233 ], [ -122.511094, 37.825015 ], [ -122.518822, 37.825688 ], [ -122.523449, 37.825035 ], [ -122.525801, 37.821401 ], [ -122.528153, 37.82087 ], [ -122.529264, 37.819686 ], [ -122.529135, 37.818053 ], [ -122.529885, 37.817563 ], [ -122.531771, 37.820993 ], [ -122.534976, 37.824218 ], [ -122.534123, 37.826158 ], [ -122.537285, 37.830328 ], [ -122.548986, 37.836227 ], [ -122.558994, 37.846527 ], [ -122.561487, 37.851827 ], [ -122.573527, 37.855734 ], [ -122.575389, 37.858734 ], [ -122.579691, 37.86008 ], [ -122.58182, 37.857041 ], [ -122.60129, 37.875126 ], [ -122.604444062105998, 37.875950663092397 ], [ -122.603454, 37.877268 ] ] ] } },
{ "type": "Feature", "properties": { "zip": "94971" }, "geometry": { "type": "Polygon", "coordinates": [ [ [ -122.972554187274994, 38.232405860517403 ], [ -122.969314, 38.238683 ], [ -122.967543183277996, 38.247506329023302 ], [ -122.965794, 38.246699 ], [ -122.965862, 38.244545 ], [ -122.961981, 38.244756 ], [ -122.961084, 38.247808 ], [ -122.958227, 38.24701 ], [ -122.954836, 38.248093 ], [ -122.952657, 38.247524 ], [ -122.952474, 38.249073 ], [ -122.945073, 38.250755 ], [ -122.942723, 38.248776 ], [ -122.94271, 38.245089 ], [ -122.941396, 38.242787 ], [ -122.939479, 38.241669 ], [ -122.937852, 38.24174 ], [ -122.930989, 38.245778 ], [ -122.923812, 38.247991 ], [ -122.92399, 38.25153 ], [ -122.927449, 38.257446 ], [ -122.926775, 38.261576 ], [ -122.927354, 38.264264 ], [ -122.92472, 38.262408 ], [ -122.922537, 38.263129 ], [ -122.92157, 38.265727 ], [ -122.922119, 38.271754 ], [ -122.920287, 38.272932 ], [ -122.917929, 38.272229 ], [ -122.917159, 38.269416 ], [ -122.915576, 38.268855 ], [ -122.909144, 38.270374 ], [ -122.906419, 38.270136 ], [ -122.904237, 38.272262 ], [ -122.902118, 38.272188 ], [ -122.902286, 38.270849 ], [ -122.900817, 38.26723 ], [ -122.898275, 38.26524 ], [ -122.89806, 38.263158 ], [ -122.895656, 38.26244 ], [ -122.891141, 38.262841 ], [ -122.885165, 38.266774 ], [ -122.877437, 38.266513 ], [ -122.874996, 38.264158 ], [ -122.873128, 38.26435 ], [ -122.873081, 38.266396 ], [ -122.87226, 38.267373 ], [ -122.869799, 38.266528 ], [ -122.868243, 38.263331 ], [ -122.866061, 38.263026 ], [ -122.861895, 38.264301 ], [ -122.860215, 38.263844 ], [ -122.859852, 38.26255 ], [ -122.860987, 38.260614 ], [ -122.859312, 38.258496 ], [ -122.859385, 38.255198 ], [ -122.857784, 38.255444 ], [ -122.848966, 38.25304 ], [ -122.840671, 38.253018 ], [ -122.816051, 38.255642 ], [ -122.811377, 38.246686 ], [ -122.811129, 38.241843 ], [ -122.810261, 38.239632 ], [ -122.810555, 38.236145 ], [ -122.81766, 38.235776 ], [ -122.826887, 38.217979 ], [ -122.825625, 38.217373 ], [ -122.825996, 38.21595 ], [ -122.829849, 38.211889 ], [ -122.834862, 38.211438 ], [ -122.837056, 38.210317 ], [ -122.842884, 38.210354 ], [ -122.848845, 38.212089 ], [ -122.850369, 38.20861 ], [ -122.851685, 38.208495 ], [ -122.852082, 38.209912 ], [ -122.855357, 38.212608 ], [ -122.855525, 38.214257 ], [ -122.857503, 38.214877 ], [ -122.858392, 38.212267 ], [ -122.859883, 38.212206 ], [ -122.862704, 38.2146 ], [ -122.869252, 38.216399 ], [ -122.870657, 38.21497 ], [ -122.875463, 38.216275 ], [ -122.877356, 38.214583 ], [ -122.877294, 38.213018 ], [ -122.875913, 38.212501 ], [ -122.875395, 38.20904 ], [ -122.876104, 38.207677 ], [ -122.877348, 38.207243 ], [ -122.882137, 38.208493 ], [ -122.882422, 38.209498 ], [ -122.880269, 38.210811 ], [ -122.879718, 38.212497 ], [ -122.880344, 38.213019 ], [ -122.890636, 38.212886 ], [ -122.892216, 38.214046 ], [ -122.889813, 38.215644 ], [ -122.889059, 38.217863 ], [ -122.890626, 38.218798 ], [ -122.890547, 38.222254 ], [ -122.893032, 38.22498 ], [ -122.89232, 38.22593 ], [ -122.892967, 38.227732 ], [ -122.895586, 38.227892 ], [ -122.896255, 38.226223 ], [ -122.895812, 38.222882 ], [ -122.897073, 38.221718 ], [ -122.902156, 38.224214 ], [ -122.901105, 38.221862 ], [ -122.902561, 38.220681 ], [ -122.910381, 38.224738 ], [ -122.910352, 38.225782 ], [ -122.907795, 38.228122 ], [ -122.908053, 38.229374 ], [ -122.912817, 38.232749 ], [ -122.915172, 38.233029 ], [ -122.915189, 38.230251 ], [ -122.917457, 38.227464 ], [ -122.917466, 38.224172 ], [ -122.92222, 38.221978 ], [ -122.937912, 38.201372 ], [ -122.95262, 38.212813 ], [ -122.971959, 38.230469 ], [ -122.972554187274994, 38.232405860517403 ] ] ] } },
{ "type": "Feature", "properties": { "zip": "94973" }, "geometry": { "type": "Polygon", "coordinates": [ [ [ -122.664375, 38.023157 ], [ -122.657817, 38.026378 ], [ -122.654654, 38.026856 ], [ -122.654383, 38.027885 ], [ -122.649926, 38.028281 ], [ -122.645503, 38.027109 ], [ -122.643684, 38.028099 ], [ -122.642476, 38.025724 ], [ -122.639457, 38.025154 ], [ -122.633781, 38.025644 ], [ -122.6205, 38.01992 ], [ -122.616562, 38.019646 ], [ -122.616836, 38.018314 ], [ -122.613673, 38.018209 ], [ -122.614403, 38.016764 ], [ -122.613654, 38.01087 ], [ -122.616228, 38.012319 ], [ -122.618231, 38.011235 ], [ -122.617233, 38.008163 ], [ -122.614556, 38.005732 ], [ -122.61428, 38.00407 ], [ -122.617163, 38.006454 ], [ -122.621863, 38.007804 ], [ -122.624482, 38.007648 ], [ -122.627238, 38.005492 ], [ -122.626203, 38.000206 ], [ -122.628196, 37.999547 ], [ -122.629382, 37.997143 ], [ -122.634249, 37.994647 ], [ -122.637304, 37.994759 ], [ -122.640094, 37.993781 ], [ -122.642339, 37.996154 ], [ -122.647767, 37.996667 ], [ -122.650649, 37.995387 ], [ -122.653231, 37.998108 ], [ -122.653888, 38.000731 ], [ -122.646218, 38.006311 ], [ -122.650219, 38.007005 ], [ -122.650433, 38.008865 ], [ -122.652649, 38.009412 ], [ -122.653763, 38.011653 ], [ -122.646938, 38.012816 ], [ -122.650783, 38.013172 ], [ -122.657992, 38.011817 ], [ -122.659992, 38.012955 ], [ -122.662976, 38.012568 ], [ -122.663806, 38.017843 ], [ -122.660356, 38.022734 ], [ -122.663405, 38.022255 ], [ -122.664375, 38.023157 ] ] ] } },
{ "type": "Feature", "properties": { "zip": "95486" }, "geometry": { "type": "Polygon", "coordinates": [ [ [ -123.026098, 38.472153 ], [ -123.024699, 38.475584 ], [ -123.021113, 38.473456 ], [ -123.023535, 38.473793 ], [ -123.026098, 38.472153 ] ] ] } },
{ "type": "Feature", "properties": { "zip": "95492" }, "geometry": { "type": "Polygon", "coordinates": [ [ [ -122.858644, 38.502387 ], [ -122.853535, 38.50383 ], [ -122.853718, 38.515936 ], [ -122.855621, 38.515933 ], [ -122.849192, 38.521937 ], [ -122.847917, 38.524211 ], [ -122.846381, 38.523945 ], [ -122.844422, 38.525249 ], [ -122.844465, 38.532656 ], [ -122.835222, 38.532878 ], [ -122.835293, 38.543761 ], [ -122.841815, 38.543687 ], [ -122.841443, 38.545504 ], [ -122.844619, 38.546927 ], [ -122.844606, 38.547686 ], [ -122.839697, 38.54798 ], [ -122.839699, 38.552131 ], [ -122.838399, 38.552099 ], [ -122.838391, 38.554695 ], [ -122.839501, 38.554701 ], [ -122.83948, 38.558331 ], [ -122.834984, 38.558294 ], [ -122.835898, 38.564201 ], [ -122.836713, 38.564823 ], [ -122.833108, 38.565468 ], [ -122.84149, 38.57488 ], [ -122.842787, 38.57796 ], [ -122.836941, 38.5779 ], [ -122.83108, 38.570172 ], [ -122.823176, 38.561819 ], [ -122.817927, 38.561774 ], [ -122.817818, 38.570275 ], [ -122.825935, 38.565318 ], [ -122.819831, 38.569306 ], [ -122.818459, 38.571893 ], [ -122.816983, 38.572228 ], [ -122.815753, 38.576747 ], [ -122.807772, 38.576757 ], [ -122.789201, 38.591043 ], [ -122.77992, 38.590977 ], [ -122.779656, 38.571069 ], [ -122.782708, 38.570912 ], [ -122.792139, 38.574385 ], [ -122.795837, 38.574819 ], [ -122.788582, 38.565972 ], [ -122.783805, 38.565981 ], [ -122.784486, 38.562084 ], [ -122.782555, 38.562055 ], [ -122.782608, 38.554879 ], [ -122.774788, 38.554662 ], [ -122.772906, 38.55186 ], [ -122.772881, 38.54662 ], [ -122.776065, 38.54522 ], [ -122.776736, 38.543713 ], [ -122.779061, 38.544041 ], [ -122.779037, 38.541455 ], [ -122.780306, 38.540331 ], [ -122.783585, 38.54032 ], [ -122.783789, 38.547653 ], [ -122.786539, 38.547545 ], [ -122.786482, 38.540333 ], [ -122.78857, 38.540335 ], [ -122.788439, 38.537528 ], [ -122.789676, 38.536731 ], [ -122.788362, 38.535537 ], [ -122.789012, 38.535097 ], [ -122.788458, 38.533225 ], [ -122.789045, 38.532148 ], [ -122.791656, 38.531251 ], [ -122.789572, 38.531263 ], [ -122.788422, 38.533085 ], [ -122.783942, 38.532253 ], [ -122.772328, 38.532973 ], [ -122.772304, 38.530281 ], [ -122.774481, 38.530262 ], [ -122.774433, 38.525698 ], [ -122.789906, 38.525813 ], [ -122.782123, 38.517299 ], [ -122.773265, 38.518151 ], [ -122.769848, 38.51469 ], [ -122.769919, 38.511154 ], [ -122.775918, 38.511392 ], [ -122.783733, 38.518733 ], [ -122.78303, 38.517736 ], [ -122.788248, 38.51768 ], [ -122.788218, 38.514789 ], [ -122.793605, 38.520674 ], [ -122.797945, 38.520621 ], [ -122.798068, 38.525818 ], [ -122.801964, 38.525745 ], [ -122.802684, 38.522119 ], [ -122.800244, 38.521943 ], [ -122.799201, 38.518296 ], [ -122.821459, 38.518221 ], [ -122.821101, 38.503512 ], [ -122.816605, 38.503305 ], [ -122.816531, 38.499997 ], [ -122.805049, 38.499419 ], [ -122.802143, 38.501776 ], [ -122.799872, 38.502343 ], [ -122.798977, 38.500493 ], [ -122.795641, 38.502912 ], [ -122.792844, 38.502494 ], [ -122.788838, 38.503696 ], [ -122.784649, 38.506864 ], [ -122.781916, 38.501676 ], [ -122.782442, 38.500221 ], [ -122.784825, 38.49929 ], [ -122.784255, 38.498195 ], [ -122.785978, 38.497519 ], [ -122.784394, 38.494458 ], [ -122.787525, 38.493221 ], [ -122.785434, 38.488863 ], [ -122.790368, 38.487156 ], [ -122.789662, 38.480556 ], [ -122.788291, 38.477041 ], [ -122.789028, 38.472766 ], [ -122.79562, 38.478828 ], [ -122.807817, 38.475626 ], [ -122.813137, 38.483178 ], [ -122.817427, 38.48294 ], [ -122.817792, 38.484151 ], [ -122.834968, 38.481813 ], [ -122.836984, 38.482136 ], [ -122.842372, 38.484576 ], [ -122.84165, 38.485264 ], [ -122.842467, 38.486661 ], [ -122.845001, 38.488798 ], [ -122.844256, 38.492297 ], [ -122.844465, 38.500899 ], [ -122.848821, 38.500949 ], [ -122.8488, 38.498441 ], [ -122.854222, 38.499031 ], [ -122.854155, 38.496112 ], [ -122.856898, 38.497751 ], [ -122.857605, 38.501964 ], [ -122.858644, 38.502387 ] ] ] } },
{ "type": "Feature", "properties": { "zip": "95497" }, "geometry": { "type": "Polygon", "coordinates": [ [ [ -123.533535, 38.768408 ], [ -123.525627, 38.762911 ], [ -123.520961, 38.758575 ], [ -123.518938, 38.759366 ], [ -123.516343, 38.767784 ], [ -123.514626, 38.768475 ], [ -123.510799, 38.767352 ], [ -123.509462, 38.767856 ], [ -123.507041, 38.773532 ], [ -123.505233, 38.774277 ], [ -123.499582, 38.774093 ], [ -123.498956, 38.778127 ], [ -123.496584, 38.777344 ], [ -123.491802, 38.772567 ], [ -123.487235, 38.769617 ], [ -123.48491, 38.766589 ], [ -123.479619, 38.763945 ], [ -123.478144, 38.758349 ], [ -123.472207, 38.751124 ], [ -123.469012, 38.749549 ], [ -123.45882, 38.740715 ], [ -123.45518, 38.738496 ], [ -123.453658, 38.737024 ], [ -123.452083, 38.733455 ], [ -123.44698, 38.730457 ], [ -123.443566, 38.725777 ], [ -123.44071, 38.724351 ], [ -123.437842, 38.720209 ], [ -123.43619, 38.719393 ], [ -123.435303, 38.716463 ], [ -123.429806, 38.713304 ], [ -123.426961, 38.709046 ], [ -123.422404, 38.704332 ], [ -123.417918, 38.702919 ], [ -123.415765, 38.700217 ], [ -123.416251, 38.698689 ], [ -123.415235, 38.697167 ], [ -123.411948, 38.695544 ], [ -123.410477, 38.693321 ], [ -123.410639, 38.691398 ], [ -123.409216, 38.690101 ], [ -123.405427, 38.689322 ], [ -123.404087, 38.687056 ], [ -123.401837, 38.686594 ], [ -123.395471, 38.67834 ], [ -123.389554, 38.674731 ], [ -123.389348, 38.673563 ], [ -123.384566, 38.669391 ], [ -123.380739, 38.667513 ], [ -123.379248, 38.66288 ], [ -123.377961, 38.662441 ], [ -123.375855, 38.663179 ], [ -123.374957, 38.662514 ], [ -123.374917, 38.661061 ], [ -123.37181, 38.659699 ], [ -123.371399, 38.656391 ], [ -123.372496, 38.655663 ], [ -123.37107, 38.654861 ], [ -123.367835, 38.65556 ], [ -123.366491, 38.654601 ], [ -123.367375, 38.653763 ], [ -123.370096, 38.653732 ], [ -123.36858, 38.65266 ], [ -123.368509, 38.650745 ], [ -123.367136, 38.650186 ], [ -123.36458, 38.651753 ], [ -123.365752, 38.648291 ], [ -123.368124, 38.647559 ], [ -123.376854, 38.651338 ], [ -123.380355, 38.653857 ], [ -123.380441, 38.655734 ], [ -123.38187, 38.657521 ], [ -123.387414, 38.660545 ], [ -123.389339, 38.662857 ], [ -123.391558, 38.663362 ], [ -123.392433, 38.664667 ], [ -123.396122, 38.663754 ], [ -123.399235, 38.663923 ], [ -123.400871, 38.665073 ], [ -123.400306, 38.666279 ], [ -123.401912, 38.667134 ], [ -123.40251, 38.668744 ], [ -123.404371, 38.668736 ], [ -123.406359, 38.670044 ], [ -123.405871, 38.668459 ], [ -123.408925, 38.667606 ], [ -123.411349, 38.669231 ], [ -123.411736, 38.668911 ], [ -123.408718, 38.665433 ], [ -123.405239, 38.66233 ], [ -123.40471, 38.659512 ], [ -123.399442, 38.651907 ], [ -123.401681, 38.649704 ], [ -123.403155364426993, 38.649584560241202 ], [ -123.408659, 38.654717 ], [ -123.405663, 38.656729 ], [ -123.409131, 38.659112 ], [ -123.409424, 38.662161 ], [ -123.41605, 38.667332 ], [ -123.415454, 38.669287 ], [ -123.419657, 38.674677 ], [ -123.424674, 38.675683 ], [ -123.434968, 38.681793 ], [ -123.432235, 38.68338 ], [ -123.432636, 38.687314 ], [ -123.441774, 38.699744 ], [ -123.445474, 38.700826 ], [ -123.444639, 38.702255 ], [ -123.44613, 38.703693 ], [ -123.448276, 38.703233 ], [ -123.453177, 38.707056 ], [ -123.455798, 38.712145 ], [ -123.461291, 38.717001 ], [ -123.466865, 38.719931 ], [ -123.471483206697002, 38.721007641078003 ], [ -123.471445, 38.722441 ], [ -123.474067, 38.72161 ], [ -123.484281, 38.727683 ], [ -123.490021, 38.732213 ], [ -123.493292, 38.736512 ], [ -123.507908, 38.741259 ], [ -123.510786, 38.740391 ], [ -123.514784, 38.741966 ], [ -123.521419, 38.749691 ], [ -123.524373, 38.749346 ], [ -123.527359, 38.752363 ], [ -123.525152, 38.753801 ], [ -123.52716, 38.757197 ], [ -123.531593, 38.759506 ], [ -123.531108, 38.764179 ], [ -123.533535, 38.768408 ] ] ] } },
{ "type": "Feature", "properties": { "zip": "95401" }, "geometry": { "type": "Polygon", "coordinates": [ [ [ -122.856804, 38.456815 ], [ -122.853948, 38.45821 ], [ -122.846771, 38.458232 ], [ -122.846819, 38.460223 ], [ -122.848572, 38.463177 ], [ -122.848907, 38.469466 ], [ -122.851831, 38.4695 ], [ -122.852627, 38.472211 ], [ -122.855519, 38.472181 ], [ -122.85554, 38.476748 ], [ -122.853191, 38.476773 ], [ -122.853207, 38.478619 ], [ -122.850545, 38.47866 ], [ -122.85224, 38.485383 ], [ -122.849386, 38.483589 ], [ -122.842372, 38.484576 ], [ -122.834968, 38.481813 ], [ -122.817792, 38.484151 ], [ -122.817427, 38.48294 ], [ -122.813137, 38.483178 ], [ -122.807817, 38.475626 ], [ -122.79562, 38.478828 ], [ -122.789028, 38.472766 ], [ -122.775024, 38.474438 ], [ -122.775008, 38.471015 ], [ -122.772022, 38.471016 ], [ -122.771125, 38.467122 ], [ -122.769734, 38.467125 ], [ -122.769669, 38.463005 ], [ -122.772985, 38.462862 ], [ -122.77295, 38.45981 ], [ -122.778848, 38.45981 ], [ -122.778828, 38.456289 ], [ -122.772542, 38.456206 ], [ -122.772574, 38.453165 ], [ -122.769566, 38.453128 ], [ -122.769559, 38.448438 ], [ -122.765126, 38.44905 ], [ -122.760342, 38.451219 ], [ -122.751312, 38.45013 ], [ -122.751322, 38.452583 ], [ -122.744632, 38.452603 ], [ -122.744699, 38.453583 ], [ -122.745768, 38.453582 ], [ -122.745746, 38.456485 ], [ -122.741854, 38.456499 ], [ -122.741837, 38.455026 ], [ -122.739371, 38.454529 ], [ -122.730271, 38.459727 ], [ -122.723744, 38.460014 ], [ -122.722973, 38.459179 ], [ -122.717158, 38.461007 ], [ -122.715825, 38.460522 ], [ -122.71618, 38.458778 ], [ -122.717184, 38.458801 ], [ -122.717278, 38.456583 ], [ -122.716183, 38.451132 ], [ -122.717501, 38.4507 ], [ -122.717545, 38.449777 ], [ -122.715882, 38.449731 ], [ -122.715928, 38.44879 ], [ -122.717586, 38.448838 ], [ -122.717646, 38.447885 ], [ -122.716746, 38.447508 ], [ -122.716878, 38.446098 ], [ -122.717699, 38.445642 ], [ -122.713786, 38.441434 ], [ -122.714597, 38.438272 ], [ -122.712498, 38.438268 ], [ -122.71562, 38.436463 ], [ -122.712744, 38.4373 ], [ -122.71119, 38.431082 ], [ -122.713869, 38.430953 ], [ -122.719995, 38.433125 ], [ -122.723356, 38.433478 ], [ -122.744612, 38.429991 ], [ -122.766788, 38.428323 ], [ -122.770197, 38.42721 ], [ -122.77438, 38.423673 ], [ -122.793927, 38.412299 ], [ -122.795009, 38.423319 ], [ -122.808556, 38.42326 ], [ -122.808874, 38.420583 ], [ -122.80963, 38.420598 ], [ -122.809628, 38.423256 ], [ -122.810519, 38.423254 ], [ -122.812579, 38.41962 ], [ -122.812599, 38.409342 ], [ -122.817115, 38.409319 ], [ -122.815076, 38.41218 ], [ -122.82032, 38.415976 ], [ -122.822478, 38.415482 ], [ -122.824736, 38.416573 ], [ -122.82387, 38.420362 ], [ -122.827683, 38.423066 ], [ -122.829515, 38.42581 ], [ -122.829715, 38.429902 ], [ -122.830302, 38.430562 ], [ -122.833522, 38.430567 ], [ -122.834654, 38.431401 ], [ -122.83471, 38.433401 ], [ -122.838838, 38.434801 ], [ -122.838716, 38.444663 ], [ -122.836006, 38.44735 ], [ -122.834645, 38.452169 ], [ -122.847575, 38.450989 ], [ -122.850224, 38.454569 ], [ -122.856848, 38.454446 ], [ -122.856804, 38.456815 ] ] ] } },
{ "type": "Feature", "properties": { "zip": "95403" }, "geometry": { "type": "Polygon", "coordinates": [ [ [ -122.821459, 38.518221 ], [ -122.799201, 38.518296 ], [ -122.800244, 38.521943 ], [ -122.802684, 38.522119 ], [ -122.801964, 38.525745 ], [ -122.798068, 38.525818 ], [ -122.797945, 38.520621 ], [ -122.793605, 38.520674 ], [ -122.788218, 38.514789 ], [ -122.788248, 38.51768 ], [ -122.78303, 38.517736 ], [ -122.783733, 38.518733 ], [ -122.775918, 38.511392 ], [ -122.769919, 38.511154 ], [ -122.769848, 38.51469 ], [ -122.773265, 38.518151 ], [ -122.782123, 38.517299 ], [ -122.789906, 38.525813 ], [ -122.774433, 38.525698 ], [ -122.774481, 38.530262 ], [ -122.772304, 38.530281 ], [ -122.772328, 38.532973 ], [ -122.783942, 38.532253 ], [ -122.788422, 38.533085 ], [ -122.789572, 38.531263 ], [ -122.791656, 38.531251 ], [ -122.789045, 38.532148 ], [ -122.788458, 38.533225 ], [ -122.789012, 38.535097 ], [ -122.788362, 38.535537 ], [ -122.789676, 38.536731 ], [ -122.788439, 38.537528 ], [ -122.78857, 38.540335 ], [ -122.786482, 38.540333 ], [ -122.786539, 38.547545 ], [ -122.783789, 38.547653 ], [ -122.783585, 38.54032 ], [ -122.780306, 38.540331 ], [ -122.779037, 38.541455 ], [ -122.779061, 38.544041 ], [ -122.776736, 38.543713 ], [ -122.776065, 38.54522 ], [ -122.772371, 38.546688 ], [ -122.769933, 38.546241 ], [ -122.769788, 38.545302 ], [ -122.7669, 38.545297 ], [ -122.762427, 38.547841 ], [ -122.762013, 38.54984 ], [ -122.758412, 38.551937 ], [ -122.757366, 38.553613 ], [ -122.753742, 38.554035 ], [ -122.739965, 38.558313 ], [ -122.740806, 38.557015 ], [ -122.737328, 38.555266 ], [ -122.737304, 38.554531 ], [ -122.732687, 38.550823 ], [ -122.728086, 38.550852 ], [ -122.728086, 38.547254 ], [ -122.72351, 38.547215 ], [ -122.72355, 38.53779 ], [ -122.725614, 38.536333 ], [ -122.725444, 38.532927 ], [ -122.730253, 38.529232 ], [ -122.72802, 38.525227 ], [ -122.728744, 38.520667 ], [ -122.72661, 38.518306 ], [ -122.740067, 38.517404 ], [ -122.740522, 38.504188 ], [ -122.737669, 38.503271 ], [ -122.736294, 38.503814 ], [ -122.735606, 38.503086 ], [ -122.738209, 38.501477 ], [ -122.732525, 38.496956 ], [ -122.733439, 38.501732 ], [ -122.734066, 38.501908 ], [ -122.732926, 38.503799 ], [ -122.723425, 38.503837 ], [ -122.723495, 38.506974 ], [ -122.718812, 38.508082 ], [ -122.718426, 38.506503 ], [ -122.714556, 38.504405 ], [ -122.713393, 38.496575 ], [ -122.704985, 38.496632 ], [ -122.704906, 38.492936 ], [ -122.703017, 38.492924 ], [ -122.704226, 38.492528 ], [ -122.704492, 38.490949 ], [ -122.703609, 38.489626 ], [ -122.709602, 38.489074 ], [ -122.710896, 38.486122 ], [ -122.707094, 38.48581 ], [ -122.704762, 38.482801 ], [ -122.704867, 38.479623 ], [ -122.709124, 38.47886 ], [ -122.709087, 38.477999 ], [ -122.707132, 38.477434 ], [ -122.708734, 38.47617 ], [ -122.709381, 38.472617 ], [ -122.710159, 38.473163 ], [ -122.713296, 38.471539 ], [ -122.714482, 38.473245 ], [ -122.716467, 38.473708 ], [ -122.720179, 38.46979 ], [ -122.722171, 38.469468 ], [ -122.717158, 38.461007 ], [ -122.722973, 38.459179 ], [ -122.723744, 38.460014 ], [ -122.730271, 38.459727 ], [ -122.739371, 38.454529 ], [ -122.741837, 38.455026 ], [ -122.741854, 38.456499 ], [ -122.745746, 38.456485 ], [ -122.745768, 38.453582 ], [ -122.744699, 38.453583 ], [ -122.744632, 38.452603 ], [ -122.751322, 38.452583 ], [ -122.751312, 38.45013 ], [ -122.760342, 38.451219 ], [ -122.765126, 38.44905 ], [ -122.769559, 38.448438 ], [ -122.769566, 38.453128 ], [ -122.772574, 38.453165 ], [ -122.772542, 38.456206 ], [ -122.778828, 38.456289 ], [ -122.778848, 38.45981 ], [ -122.77295, 38.45981 ], [ -122.772985, 38.462862 ], [ -122.769669, 38.463005 ], [ -122.769734, 38.467125 ], [ -122.771125, 38.467122 ], [ -122.772022, 38.471016 ], [ -122.775008, 38.471015 ], [ -122.775024, 38.474438 ], [ -122.769779, 38.474452 ], [ -122.76983, 38.481642 ], [ -122.765099, 38.481621 ], [ -122.768264, 38.481759 ], [ -122.766059, 38.484811 ], [ -122.762335, 38.484853 ], [ -122.767568, 38.49085 ], [ -122.764942, 38.492391 ], [ -122.760634, 38.492037 ], [ -122.76061, 38.496394 ], [ -122.756431, 38.496173 ], [ -122.772833, 38.508917 ], [ -122.776083, 38.508807 ], [ -122.781207, 38.5065 ], [ -122.784649, 38.506864 ], [ -122.788838, 38.503696 ], [ -122.792844, 38.502494 ], [ -122.795641, 38.502912 ], [ -122.798977, 38.500493 ], [ -122.799872, 38.502343 ], [ -122.802143, 38.501776 ], [ -122.805049, 38.499419 ], [ -122.816531, 38.499997 ], [ -122.816605, 38.503305 ], [ -122.821101, 38.503512 ], [ -122.821459, 38.518221 ] ] ] } },
{ "type": "Feature", "properties": { "zip": "95405" }, "geometry": { "type": "Polygon", "coordinates": [ [ [ -122.70245, 38.444043 ], [ -122.700145, 38.445208 ], [ -122.698014, 38.447746 ], [ -122.698068, 38.449366 ], [ -122.696296, 38.45052 ], [ -122.692691, 38.449831 ], [ -122.690334, 38.452662 ], [ -122.688962, 38.452105 ], [ -122.687987, 38.453148 ], [ -122.686471, 38.451417 ], [ -122.687426, 38.451246 ], [ -122.688459, 38.449665 ], [ -122.684252, 38.449457 ], [ -122.68219, 38.451026 ], [ -122.680408, 38.454767 ], [ -122.677154, 38.452432 ], [ -122.67621, 38.455398 ], [ -122.672191, 38.457704 ], [ -122.671387, 38.45704 ], [ -122.670124, 38.457794 ], [ -122.669349, 38.457029 ], [ -122.665514, 38.457284 ], [ -122.663508, 38.456216 ], [ -122.656693, 38.458167 ], [ -122.653511, 38.453992 ], [ -122.654043, 38.45263 ], [ -122.653205, 38.449868 ], [ -122.65145, 38.45014 ], [ -122.65099, 38.451651 ], [ -122.650422, 38.451403 ], [ -122.648536, 38.445809 ], [ -122.651323, 38.442982 ], [ -122.649074, 38.441811 ], [ -122.64821, 38.439895 ], [ -122.648746, 38.440468 ], [ -122.648343, 38.419878 ], [ -122.655637, 38.419886 ], [ -122.657816, 38.416903 ], [ -122.661621, 38.416914 ], [ -122.662764, 38.417927 ], [ -122.665534, 38.418451 ], [ -122.672875, 38.422919 ], [ -122.674834, 38.426854 ], [ -122.679485, 38.431094 ], [ -122.67796, 38.434676 ], [ -122.677511, 38.434183 ], [ -122.677855, 38.4347 ], [ -122.681801, 38.436445 ], [ -122.681752, 38.434844 ], [ -122.679798, 38.433177 ], [ -122.681576, 38.431888 ], [ -122.683369, 38.432161 ], [ -122.683524, 38.433243 ], [ -122.688034, 38.434017 ], [ -122.687369, 38.437758 ], [ -122.688342, 38.437353 ], [ -122.691028, 38.439421 ], [ -122.693655, 38.438654 ], [ -122.696344, 38.439302 ], [ -122.700033, 38.438827 ], [ -122.701693, 38.44285 ], [ -122.702814, 38.442843 ], [ -122.70245, 38.444043 ] ] ] } },
{ "type": "Feature", "properties": { "zip": "95407" }, "geometry": { "type": "Polygon", "coordinates": [ [ [ -122.816385, 38.403468 ], [ -122.798018, 38.409922 ], [ -122.799142, 38.411384 ], [ -122.798297, 38.414329 ], [ -122.796827, 38.414578 ], [ -122.797283, 38.419652 ], [ -122.794467, 38.419722 ], [ -122.793927, 38.412299 ], [ -122.77438, 38.423673 ], [ -122.768611, 38.427888 ], [ -122.744612, 38.429991 ], [ -122.723356, 38.433478 ], [ -122.719995, 38.433125 ], [ -122.715536, 38.431305 ], [ -122.714985, 38.429895 ], [ -122.71555, 38.420097 ], [ -122.713491, 38.420906 ], [ -122.713475, 38.409705 ], [ -122.707468, 38.41042 ], [ -122.707267, 38.409172 ], [ -122.70407, 38.409201 ], [ -122.704121, 38.40502 ], [ -122.706944, 38.404849 ], [ -122.706859, 38.401826 ], [ -122.699556, 38.4018 ], [ -122.699647, 38.386854 ], [ -122.705059, 38.386864 ], [ -122.707746, 38.383116 ], [ -122.71105, 38.383406 ], [ -122.705845, 38.381863 ], [ -122.699638, 38.381369 ], [ -122.699608, 38.380288 ], [ -122.695923, 38.379919 ], [ -122.695084, 38.379919 ], [ -122.695114, 38.381398 ], [ -122.687398, 38.381227 ], [ -122.686959, 38.379473 ], [ -122.68797, 38.376568 ], [ -122.688106, 38.372176 ], [ -122.703797, 38.372117 ], [ -122.701497, 38.369424 ], [ -122.712739, 38.369254 ], [ -122.712532, 38.365373 ], [ -122.715203, 38.369187 ], [ -122.713542, 38.36664 ], [ -122.715137, 38.363258 ], [ -122.713843, 38.361527 ], [ -122.713539, 38.357743 ], [ -122.725554, 38.357791 ], [ -122.731967, 38.349779 ], [ -122.738189, 38.352013 ], [ -122.746101, 38.352363 ], [ -122.752568, 38.355521 ], [ -122.756146, 38.360084 ], [ -122.761729, 38.362075 ], [ -122.766479, 38.3655 ], [ -122.768786, 38.366079 ], [ -122.768845, 38.385671 ], [ -122.780752, 38.395553 ], [ -122.784981, 38.392885 ], [ -122.779984, 38.387701 ], [ -122.781106, 38.386971 ], [ -122.787665, 38.386855 ], [ -122.787571, 38.383124 ], [ -122.794108, 38.382336 ], [ -122.798058, 38.385166 ], [ -122.797077, 38.386709 ], [ -122.797147, 38.390653 ], [ -122.798978, 38.394584 ], [ -122.800392, 38.395801 ], [ -122.808276, 38.396171 ], [ -122.813058, 38.397501 ], [ -122.815271, 38.399303 ], [ -122.815612, 38.401193 ], [ -122.816383, 38.401089 ], [ -122.816385, 38.403468 ] ], [ [ -122.694983, 38.375722 ], [ -122.693246, 38.37579 ], [ -122.693267, 38.377269 ], [ -122.694413, 38.377266 ], [ -122.694416, 38.378864 ], [ -122.695034, 38.378858 ], [ -122.694983, 38.375722 ] ] ] } },
{ "type": "Feature", "properties": { "zip": "95409" }, "geometry": { "type": "MultiPolygon", "coordinates": [ [ [ [ -122.681536, 38.457709 ], [ -122.67832, 38.459288 ], [ -122.676602, 38.462416 ], [ -122.67732, 38.467961 ], [ -122.67979, 38.466319 ], [ -122.680179, 38.471443 ], [ -122.677789, 38.47229 ], [ -122.677618, 38.47661 ], [ -122.679016, 38.475902 ], [ -122.677459, 38.477762 ], [ -122.678958, 38.47846 ], [ -122.677864, 38.481363 ], [ -122.677048, 38.482161 ], [ -122.673469, 38.482161 ], [ -122.672652, 38.484396 ], [ -122.677083, 38.484255 ], [ -122.677081, 38.485395 ], [ -122.673785, 38.485364 ], [ -122.673821, 38.489485 ], [ -122.67249, 38.489497 ], [ -122.672448, 38.496722 ], [ -122.669971, 38.496729 ], [ -122.669903, 38.503895 ], [ -122.667588, 38.50392 ], [ -122.667654, 38.500316 ], [ -122.663025, 38.50036 ], [ -122.663087, 38.496761 ], [ -122.655428, 38.496832 ], [ -122.656723, 38.494009 ], [ -122.656058, 38.492542 ], [ -122.65799, 38.491605 ], [ -122.657711, 38.491101 ], [ -122.649279, 38.48947 ], [ -122.649215, 38.48595 ], [ -122.644655, 38.48589 ], [ -122.644665, 38.485337 ], [ -122.6422, 38.485028 ], [ -122.641641, 38.486006 ], [ -122.634706, 38.486959 ], [ -122.640214, 38.489165 ], [ -122.642595, 38.491966 ], [ -122.645344, 38.49248 ], [ -122.644901, 38.493673 ], [ -122.646403, 38.494549 ], [ -122.652458, 38.495975 ], [ -122.654281, 38.497578 ], [ -122.653975, 38.498055 ], [ -122.649037, 38.498888 ], [ -122.643562, 38.496973 ], [ -122.642778, 38.495458 ], [ -122.64073, 38.494453 ], [ -122.631933, 38.493978 ], [ -122.630534, 38.494801 ], [ -122.627374, 38.494673 ], [ -122.625059, 38.493147 ], [ -122.620842, 38.492034 ], [ -122.615624, 38.492161 ], [ -122.615636, 38.494803 ], [ -122.608803, 38.495135 ], [ -122.608973, 38.502637 ], [ -122.578536, 38.502863 ], [ -122.577859, 38.495666 ], [ -122.573487, 38.495412 ], [ -122.573402, 38.499453 ], [ -122.56903, 38.499851 ], [ -122.56905, 38.502965 ], [ -122.564488, 38.502908 ], [ -122.564488, 38.495799 ], [ -122.562761, 38.496952 ], [ -122.562607, 38.497925 ], [ -122.556966, 38.497595 ], [ -122.552247, 38.496666 ], [ -122.54654, 38.494313 ], [ -122.542892, 38.493909 ], [ -122.540978, 38.491676 ], [ -122.540536, 38.488312 ], [ -122.538223, 38.486541 ], [ -122.53608, 38.482338 ], [ -122.533532, 38.480729 ], [ -122.53106, 38.477784 ], [ -122.531335, 38.476342 ], [ -122.529626, 38.47313 ], [ -122.529826, 38.466184 ], [ -122.545008, 38.466242 ], [ -122.543994, 38.448878 ], [ -122.554467, 38.436124 ], [ -122.553432, 38.433516 ], [ -122.556603, 38.431846 ], [ -122.559592, 38.428764 ], [ -122.559614, 38.424243 ], [ -122.564509, 38.421694 ], [ -122.565463, 38.419676 ], [ -122.568155, 38.420673 ], [ -122.565878, 38.423199 ], [ -122.563227, 38.429141 ], [ -122.56744, 38.430911 ], [ -122.569102, 38.428421 ], [ -122.56747, 38.427726 ], [ -122.570848, 38.422725 ], [ -122.57291, 38.422762 ], [ -122.576033, 38.42428 ], [ -122.581814, 38.415865 ], [ -122.590666, 38.421148 ], [ -122.59312, 38.421069 ], [ -122.597834, 38.409474 ], [ -122.596976, 38.408532 ], [ -122.598809, 38.407443 ], [ -122.600615, 38.402613 ], [ -122.624678, 38.413413 ], [ -122.634997, 38.425182 ], [ -122.63791, 38.425298 ], [ -122.638781, 38.427524 ], [ -122.643785, 38.433657 ], [ -122.646731, 38.435114 ], [ -122.649074, 38.441811 ], [ -122.651277, 38.442845 ], [ -122.648536, 38.445809 ], [ -122.650422, 38.451403 ], [ -122.65099, 38.451651 ], [ -122.65145, 38.45014 ], [ -122.653205, 38.449868 ], [ -122.654043, 38.45263 ], [ -122.653511, 38.453992 ], [ -122.656693, 38.458167 ], [ -122.663508, 38.456216 ], [ -122.665514, 38.457284 ], [ -122.669349, 38.457029 ], [ -122.670124, 38.457794 ], [ -122.671387, 38.45704 ], [ -122.672191, 38.457704 ], [ -122.67621, 38.455398 ], [ -122.677154, 38.452432 ], [ -122.680408, 38.454767 ], [ -122.681536, 38.457709 ] ] ], [ [ [ -122.693423, 38.461077 ], [ -122.691067, 38.461411 ], [ -122.693233, 38.463098 ], [ -122.691498, 38.46361 ], [ -122.691811, 38.464894 ], [ -122.688989, 38.463757 ], [ -122.689632, 38.461776 ], [ -122.687026, 38.46016 ], [ -122.686256, 38.456178 ], [ -122.681646, 38.452841 ], [ -122.680726, 38.454418 ], [ -122.68219, 38.451026 ], [ -122.684252, 38.449457 ], [ -122.688459, 38.449665 ], [ -122.687426, 38.451246 ], [ -122.686471, 38.451417 ], [ -122.687987, 38.453148 ], [ -122.68745, 38.453723 ], [ -122.690094, 38.455755 ], [ -122.690021, 38.457499 ], [ -122.695108, 38.459698 ], [ -122.693423, 38.461077 ] ] ] ] } },
{ "type": "Feature", "properties": { "zip": "95439" }, "geometry": { "type": "Polygon", "coordinates": [ [ [ -122.790368, 38.487156 ], [ -122.785434, 38.488863 ], [ -122.787525, 38.493221 ], [ -122.784394, 38.494458 ], [ -122.785978, 38.497519 ], [ -122.784255, 38.498195 ], [ -122.784825, 38.49929 ], [ -122.782442, 38.500221 ], [ -122.781916, 38.501676 ], [ -122.784649, 38.506864 ], [ -122.781207, 38.5065 ], [ -122.776083, 38.508807 ], [ -122.772833, 38.508917 ], [ -122.756431, 38.496173 ], [ -122.76061, 38.496394 ], [ -122.760634, 38.492037 ], [ -122.764942, 38.492391 ], [ -122.767568, 38.49085 ], [ -122.762335, 38.484853 ], [ -122.766059, 38.484811 ], [ -122.768264, 38.481759 ], [ -122.765099, 38.481621 ], [ -122.76983, 38.481642 ], [ -122.769779, 38.474452 ], [ -122.779809, 38.474142 ], [ -122.789028, 38.472766 ], [ -122.788291, 38.477041 ], [ -122.789662, 38.480556 ], [ -122.790368, 38.487156 ] ] ] } },
{ "type": "Feature", "properties": { "zip": "95442" }, "geometry": { "type": "MultiPolygon", "coordinates": [ [ [ [ -122.537461, 38.337733 ], [ -122.535258, 38.336779 ], [ -122.535098, 38.338817 ], [ -122.530113, 38.340201 ], [ -122.527502, 38.339037 ], [ -122.524159, 38.338815 ], [ -122.520335, 38.341677 ], [ -122.51692, 38.339224 ], [ -122.512793, 38.338613 ], [ -122.51193, 38.337119 ], [ -122.513832, 38.337088 ], [ -122.51419, 38.335259 ], [ -122.517348, 38.334125 ], [ -122.518594, 38.336276 ], [ -122.524617, 38.336279 ], [ -122.523736, 38.335302 ], [ -122.524905, 38.332559 ], [ -122.526639, 38.331733 ], [ -122.52488, 38.329664 ], [ -122.524495, 38.326896 ], [ -122.525693, 38.325113 ], [ -122.529043, 38.326202 ], [ -122.529909, 38.325557 ], [ -122.531568, 38.326624 ], [ -122.531384, 38.32545 ], [ -122.533153, 38.326095 ], [ -122.534838, 38.325195 ], [ -122.535705, 38.325669 ], [ -122.534066, 38.327939 ], [ -122.535349, 38.329286 ], [ -122.533748, 38.330146 ], [ -122.537441, 38.334634 ], [ -122.538665, 38.337312 ], [ -122.537461, 38.337733 ] ] ], [ [ [ -122.585525, 38.387794 ], [ -122.582162, 38.38855 ], [ -122.575735, 38.387909 ], [ -122.57427, 38.388553 ], [ -122.570816, 38.386986 ], [ -122.565363, 38.38672 ], [ -122.56832, 38.387776 ], [ -122.576927, 38.393093 ], [ -122.576992, 38.395926 ], [ -122.555499, 38.395949 ], [ -122.557479, 38.399294 ], [ -122.552892, 38.39912 ], [ -122.552921, 38.403594 ], [ -122.551378, 38.404323 ], [ -122.550669, 38.406067 ], [ -122.549875, 38.406563 ], [ -122.545616, 38.405882 ], [ -122.542219, 38.407412 ], [ -122.543738, 38.410381 ], [ -122.540105, 38.412096 ], [ -122.539348, 38.411559 ], [ -122.539522, 38.40953 ], [ -122.538453, 38.406823 ], [ -122.535887, 38.405811 ], [ -122.533434, 38.403299 ], [ -122.529542, 38.402047 ], [ -122.529682, 38.398788 ], [ -122.530868, 38.39743 ], [ -122.532698, 38.398928 ], [ -122.535696, 38.397167 ], [ -122.529237, 38.391591 ], [ -122.52914, 38.39806 ], [ -122.52785, 38.398055 ], [ -122.52786, 38.399454 ], [ -122.526592, 38.399473 ], [ -122.526087, 38.401701 ], [ -122.524766, 38.401657 ], [ -122.524651, 38.403253 ], [ -122.523106, 38.402421 ], [ -122.521591, 38.403291 ], [ -122.521926, 38.405345 ], [ -122.520699, 38.41001 ], [ -122.511204, 38.413247 ], [ -122.511251, 38.41505 ], [ -122.512327, 38.416108 ], [ -122.510062, 38.418976 ], [ -122.508476, 38.422704 ], [ -122.506898, 38.423945 ], [ -122.497475, 38.424306 ], [ -122.475591, 38.409111 ], [ -122.47539, 38.406511 ], [ -122.470591, 38.404911 ], [ -122.470791, 38.402811 ], [ -122.468091, 38.400011 ], [ -122.470191, 38.397511 ], [ -122.465891, 38.390411 ], [ -122.460491, 38.388111 ], [ -122.45399, 38.383912 ], [ -122.453522, 38.382392 ], [ -122.44789, 38.379312 ], [ -122.44999, 38.374912 ], [ -122.452872, 38.374668 ], [ -122.457115, 38.370548 ], [ -122.457437, 38.36862 ], [ -122.459391, 38.370358 ], [ -122.461812, 38.368666 ], [ -122.466301, 38.367837 ], [ -122.468027, 38.368771 ], [ -122.469509, 38.36837 ], [ -122.469683, 38.366968 ], [ -122.468817, 38.365554 ], [ -122.470397, 38.365149 ], [ -122.469895, 38.363825 ], [ -122.471047, 38.361321 ], [ -122.473079, 38.359628 ], [ -122.472678, 38.358912 ], [ -122.474075, 38.353657 ], [ -122.477002, 38.355459 ], [ -122.478542, 38.358655 ], [ -122.480108, 38.351287 ], [ -122.481935, 38.350006 ], [ -122.485067, 38.349851 ], [ -122.490242, 38.347817 ], [ -122.492898, 38.3447 ], [ -122.497034, 38.342864 ], [ -122.500777, 38.342523 ], [ -122.506165, 38.340044 ], [ -122.512793, 38.338613 ], [ -122.514453, 38.346656 ], [ -122.515792, 38.348013 ], [ -122.514676, 38.349119 ], [ -122.512725, 38.34856 ], [ -122.509991, 38.349596 ], [ -122.511068, 38.352365 ], [ -122.514957, 38.349788 ], [ -122.517479, 38.351609 ], [ -122.521623, 38.350737 ], [ -122.522809, 38.351282 ], [ -122.522915, 38.352853 ], [ -122.524745, 38.354572 ], [ -122.533581, 38.350763 ], [ -122.536393, 38.350665 ], [ -122.541186, 38.349073 ], [ -122.549733, 38.344514 ], [ -122.552251, 38.344306 ], [ -122.555432, 38.345251 ], [ -122.556911, 38.344768 ], [ -122.559722, 38.340897 ], [ -122.561692, 38.340937 ], [ -122.562827, 38.34237 ], [ -122.562345, 38.344636 ], [ -122.560211, 38.347971 ], [ -122.560071, 38.350696 ], [ -122.565295, 38.350572 ], [ -122.565287, 38.354231 ], [ -122.556381, 38.354985 ], [ -122.555836, 38.355962 ], [ -122.55704, 38.358894 ], [ -122.555642, 38.361331 ], [ -122.563819, 38.365916 ], [ -122.568722, 38.366157 ], [ -122.570145, 38.367499 ], [ -122.57013, 38.36981 ], [ -122.565381, 38.371163 ], [ -122.565395, 38.373048 ], [ -122.568969, 38.372426 ], [ -122.569015, 38.374082 ], [ -122.569934, 38.37404 ], [ -122.569889, 38.372305 ], [ -122.578977, 38.372245 ], [ -122.578995, 38.379486 ], [ -122.583453, 38.379384 ], [ -122.583472, 38.383023 ], [ -122.585525, 38.387794 ] ] ] ] } },
{ "type": "Feature", "properties": { "zip": "95446" }, "geometry": { "type": "Polygon", "coordinates": [ [ [ -123.072776, 38.542454 ], [ -123.069279, 38.546618 ], [ -123.067111, 38.550991 ], [ -123.064207, 38.55164 ], [ -123.062193, 38.554524 ], [ -123.059786, 38.554826 ], [ -123.05649, 38.559298 ], [ -123.053327, 38.560836 ], [ -123.053936, 38.562363 ], [ -123.053131, 38.565253 ], [ -123.051416, 38.564813 ], [ -123.049702, 38.56617 ], [ -123.050352, 38.568741 ], [ -123.049767, 38.570806 ], [ -123.046104, 38.570982 ], [ -123.039917, 38.573058 ], [ -123.034948, 38.573771 ], [ -123.03252, 38.573276 ], [ -123.028978, 38.57523 ], [ -123.028123, 38.576614 ], [ -123.020745, 38.57767 ], [ -123.008839, 38.576762 ], [ -122.990251, 38.576905 ], [ -122.981933, 38.572134 ], [ -122.977685, 38.570801 ], [ -122.971003, 38.573028 ], [ -122.966079, 38.57177 ], [ -122.962249, 38.572738 ], [ -122.957109, 38.555532 ], [ -122.955249, 38.555154 ], [ -122.955207, 38.549833 ], [ -122.95316, 38.548429 ], [ -122.954254, 38.547198 ], [ -122.954532, 38.544928 ], [ -122.96211, 38.544979 ], [ -122.961269, 38.547027 ], [ -122.963466, 38.548024 ], [ -122.969518, 38.554205 ], [ -122.973083, 38.552907 ], [ -122.97398, 38.550931 ], [ -122.972825, 38.549721 ], [ -122.974732, 38.549168 ], [ -122.975727, 38.547885 ], [ -122.978252, 38.548184 ], [ -122.981832, 38.545132 ], [ -122.983119, 38.545567 ], [ -122.984981, 38.544818 ], [ -122.985322, 38.543683 ], [ -122.983798, 38.543632 ], [ -122.985331, 38.539112 ], [ -122.99126, 38.533714 ], [ -122.992664, 38.53316 ], [ -122.996081, 38.53369 ], [ -122.99781, 38.531252 ], [ -122.998321, 38.528489 ], [ -123.00047, 38.527004 ], [ -122.997286, 38.521901 ], [ -122.993897, 38.52601 ], [ -122.989908, 38.525825 ], [ -122.98746, 38.526588 ], [ -122.986533, 38.524345 ], [ -122.979318, 38.520214 ], [ -122.978683, 38.52322 ], [ -122.97973, 38.524987 ], [ -122.978095, 38.523928 ], [ -122.9781, 38.521088 ], [ -122.976019, 38.52004 ], [ -122.978284, 38.519529 ], [ -122.972811, 38.519819 ], [ -122.968342, 38.516807 ], [ -122.966265, 38.509796 ], [ -122.963227, 38.511175 ], [ -122.961081, 38.510615 ], [ -122.958362, 38.514938 ], [ -122.957985, 38.517889 ], [ -122.958769, 38.522537 ], [ -122.961218, 38.524948 ], [ -122.962128, 38.527014 ], [ -122.958646, 38.530717 ], [ -122.956051, 38.531014 ], [ -122.954926, 38.533206 ], [ -122.954829, 38.517525 ], [ -122.946852, 38.517077 ], [ -122.946184, 38.51523 ], [ -122.944242, 38.514635 ], [ -122.942895, 38.512852 ], [ -122.942932, 38.5088 ], [ -122.944136, 38.506452 ], [ -122.946436, 38.506912 ], [ -122.961474, 38.505889 ], [ -122.961779, 38.50128 ], [ -122.946114, 38.504611 ], [ -122.945875, 38.503604 ], [ -122.943666, 38.503628 ], [ -122.945646, 38.498577 ], [ -122.945584, 38.494895 ], [ -122.949768, 38.494997 ], [ -122.949734, 38.487926 ], [ -122.956379, 38.487994 ], [ -122.956434, 38.486699 ], [ -122.959104, 38.486388 ], [ -122.959112, 38.485402 ], [ -122.966499, 38.486313 ], [ -122.971945, 38.48589 ], [ -122.973289, 38.485108 ], [ -122.973017, 38.461417 ], [ -122.975108, 38.461471 ], [ -122.975224, 38.459634 ], [ -122.979776, 38.455751 ], [ -122.988241, 38.453559 ], [ -122.992218, 38.455962 ], [ -122.996349, 38.456277 ], [ -123.000985, 38.459003 ], [ -123.003484, 38.458569 ], [ -123.00646, 38.460073 ], [ -123.005649, 38.462145 ], [ -123.003819, 38.464104 ], [ -123.001085, 38.463241 ], [ -122.995655, 38.473446 ], [ -122.991321, 38.473946 ], [ -122.991729, 38.474789 ], [ -122.989563, 38.475224 ], [ -122.989587, 38.479399 ], [ -122.990482, 38.48053 ], [ -123.009389, 38.48276 ], [ -123.013713, 38.484307 ], [ -123.011018, 38.482425 ], [ -122.997064, 38.480318 ], [ -122.997138, 38.478538 ], [ -123.002998, 38.474709 ], [ -123.005146, 38.474189 ], [ -123.007067, 38.470582 ], [ -123.009772, 38.47172 ], [ -123.010151, 38.477485 ], [ -123.015716, 38.480094 ], [ -123.018279, 38.482814 ], [ -123.019444, 38.484913 ], [ -123.018178, 38.48572 ], [ -123.019602, 38.487386 ], [ -123.030432, 38.487412 ], [ -123.032903, 38.489975 ], [ -123.034304, 38.488438 ], [ -123.035376, 38.495623 ], [ -123.036551, 38.498204 ], [ -123.038561, 38.498753 ], [ -123.036675, 38.498647 ], [ -123.035974, 38.511465 ], [ -123.036882, 38.512881 ], [ -123.037112, 38.51648 ], [ -123.039731, 38.517849 ], [ -123.039377, 38.519531 ], [ -123.041651, 38.522577 ], [ -123.044127, 38.522925 ], [ -123.049502, 38.526392 ], [ -123.050762, 38.531133 ], [ -123.054618, 38.535946 ], [ -123.061281, 38.536979 ], [ -123.065667, 38.534049 ], [ -123.065093, 38.535861 ], [ -123.068982, 38.534887 ], [ -123.06766, 38.536244 ], [ -123.071342, 38.537096 ], [ -123.072156, 38.535913 ], [ -123.071482, 38.538449 ], [ -123.072657, 38.540031 ], [ -123.072776, 38.542454 ] ] ] } },
{ "type": "Feature", "properties": { "zip": "95452" }, "geometry": { "type": "Polygon", "coordinates": [ [ [ -122.600615, 38.402613 ], [ -122.598809, 38.407443 ], [ -122.596976, 38.408532 ], [ -122.597834, 38.409474 ], [ -122.59312, 38.421069 ], [ -122.590666, 38.421148 ], [ -122.581814, 38.415865 ], [ -122.576033, 38.42428 ], [ -122.57291, 38.422762 ], [ -122.570848, 38.422725 ], [ -122.56747, 38.427726 ], [ -122.569102, 38.428421 ], [ -122.56744, 38.430911 ], [ -122.563227, 38.429141 ], [ -122.565878, 38.423199 ], [ -122.568155, 38.420673 ], [ -122.565463, 38.419676 ], [ -122.564509, 38.421694 ], [ -122.559614, 38.424243 ], [ -122.559592, 38.428764 ], [ -122.556603, 38.431846 ], [ -122.553432, 38.433516 ], [ -122.554467, 38.436124 ], [ -122.543994, 38.448878 ], [ -122.545008, 38.466242 ], [ -122.529826, 38.466184 ], [ -122.529592, 38.469609 ], [ -122.522637, 38.470185 ], [ -122.520318, 38.471291 ], [ -122.517175, 38.470246 ], [ -122.516244, 38.470872 ], [ -122.511117, 38.467148 ], [ -122.508798, 38.467003 ], [ -122.505822, 38.464493 ], [ -122.508192, 38.464309 ], [ -122.510049, 38.46216 ], [ -122.508569, 38.459184 ], [ -122.509728, 38.458254 ], [ -122.50155, 38.455919 ], [ -122.496846, 38.455634 ], [ -122.493691, 38.45651 ], [ -122.492091, 38.45451 ], [ -122.488391, 38.45431 ], [ -122.482991, 38.45271 ], [ -122.479955, 38.448726 ], [ -122.480003, 38.44303 ], [ -122.483043, 38.44039 ], [ -122.484195, 38.438006 ], [ -122.485507, 38.437478 ], [ -122.487107, 38.431718 ], [ -122.491391, 38.43441 ], [ -122.494191, 38.43111 ], [ -122.493491, 38.42921 ], [ -122.497475, 38.424306 ], [ -122.506898, 38.423945 ], [ -122.508476, 38.422704 ], [ -122.510062, 38.418976 ], [ -122.512327, 38.416108 ], [ -122.511251, 38.41505 ], [ -122.511204, 38.413247 ], [ -122.520699, 38.41001 ], [ -122.521926, 38.405345 ], [ -122.521591, 38.403291 ], [ -122.523106, 38.402421 ], [ -122.524651, 38.403253 ], [ -122.524766, 38.401657 ], [ -122.526087, 38.401701 ], [ -122.526592, 38.399473 ], [ -122.52786, 38.399454 ], [ -122.52785, 38.398055 ], [ -122.52914, 38.39806 ], [ -122.529237, 38.391591 ], [ -122.535696, 38.397167 ], [ -122.532698, 38.398928 ], [ -122.530868, 38.39743 ], [ -122.529682, 38.398788 ], [ -122.529542, 38.402047 ], [ -122.533434, 38.403299 ], [ -122.535887, 38.405811 ], [ -122.538453, 38.406823 ], [ -122.539522, 38.40953 ], [ -122.539348, 38.411559 ], [ -122.540105, 38.412096 ], [ -122.543738, 38.410381 ], [ -122.542219, 38.407412 ], [ -122.545616, 38.405882 ], [ -122.549875, 38.406563 ], [ -122.550669, 38.406067 ], [ -122.551378, 38.404323 ], [ -122.552921, 38.403594 ], [ -122.552892, 38.39912 ], [ -122.557479, 38.399294 ], [ -122.555499, 38.395949 ], [ -122.576992, 38.395926 ], [ -122.576927, 38.393093 ], [ -122.581702, 38.393587 ], [ -122.588537, 38.395789 ], [ -122.591419, 38.397372 ], [ -122.591429, 38.398352 ], [ -122.600615, 38.402613 ] ] ] } },
{ "type": "Feature", "properties": { "zip": "95465" }, "geometry": { "type": "Polygon", "coordinates": [ [ [ -123.122449435492996, 38.437431546796198 ], [ -123.120153, 38.436924 ], [ -123.119659, 38.435906 ], [ -123.120467, 38.435079 ], [ -123.118542, 38.434245 ], [ -123.117693, 38.432575 ], [ -123.113526, 38.432336 ], [ -123.108603, 38.430858 ], [ -123.108604, 38.431731 ], [ -123.101032, 38.431836 ], [ -123.100677, 38.433373 ], [ -123.102434, 38.435546 ], [ -123.098364, 38.438904 ], [ -123.098813, 38.443552 ], [ -123.097558, 38.447145 ], [ -123.094844, 38.449505 ], [ -123.089111, 38.449035 ], [ -123.079313, 38.44368 ], [ -123.075674, 38.442476 ], [ -123.071546, 38.442532 ], [ -123.061349, 38.446745 ], [ -123.05396, 38.453387 ], [ -123.048786, 38.454327 ], [ -123.047261, 38.456285 ], [ -123.046344, 38.459529 ], [ -123.039021, 38.462836 ], [ -123.031491, 38.468741 ], [ -123.030294, 38.468264 ], [ -123.025541, 38.461417 ], [ -123.025154, 38.458805 ], [ -123.022739, 38.45695 ], [ -123.017346, 38.455777 ], [ -123.010595, 38.45806 ], [ -123.008355, 38.456063 ], [ -123.00515, 38.455433 ], [ -123.001581, 38.45277 ], [ -123.000775, 38.448701 ], [ -122.98095, 38.448776 ], [ -122.980922, 38.44584 ], [ -122.980006, 38.444583 ], [ -122.975887, 38.442851 ], [ -122.976107, 38.440048 ], [ -122.972101, 38.434128 ], [ -122.962424, 38.430309 ], [ -122.95972, 38.427169 ], [ -122.959295, 38.425295 ], [ -122.962188, 38.425371 ], [ -122.961451, 38.424598 ], [ -122.962241, 38.424206 ], [ -122.957646, 38.421361 ], [ -122.954242, 38.422112 ], [ -122.951817, 38.419261 ], [ -122.95129, 38.41283 ], [ -122.947738, 38.407936 ], [ -122.947316, 38.404026 ], [ -122.943801, 38.402645 ], [ -122.940708, 38.399552 ], [ -122.940214, 38.396983 ], [ -122.937673, 38.393326 ], [ -122.933741, 38.391386 ], [ -122.932423, 38.392178 ], [ -122.931334, 38.391339 ], [ -122.932026, 38.385806 ], [ -122.933017, 38.384914 ], [ -122.932243, 38.381228 ], [ -122.925096, 38.378619 ], [ -122.92307, 38.37909 ], [ -122.926387, 38.378035 ], [ -122.929039, 38.379777 ], [ -122.929091, 38.371585 ], [ -122.943736, 38.375235 ], [ -122.955268, 38.376431 ], [ -122.957324, 38.370395 ], [ -122.957136, 38.368756 ], [ -122.963402, 38.359319 ], [ -122.961591, 38.358551 ], [ -122.960729, 38.35545 ], [ -122.961285, 38.34897 ], [ -122.965151, 38.347797 ], [ -122.970644, 38.347124 ], [ -122.972389, 38.348057 ], [ -122.975339, 38.34648 ], [ -122.979455, 38.348249 ], [ -122.980365, 38.349517 ], [ -122.980354, 38.354423 ], [ -122.985557, 38.35627 ], [ -122.98778, 38.355752 ], [ -122.99396, 38.356536 ], [ -122.995137, 38.355987 ], [ -122.995354, 38.354077 ], [ -122.99699, 38.353492 ], [ -122.998119, 38.354651 ], [ -122.997464, 38.356739 ], [ -123.000532, 38.358789 ], [ -123.00213, 38.356163 ], [ -123.003861, 38.355469 ], [ -123.007844, 38.35701 ], [ -123.008624, 38.358835 ], [ -123.013187, 38.358469 ], [ -123.015293, 38.360758 ], [ -123.016828, 38.360898 ], [ -123.018517, 38.36023 ], [ -123.019292, 38.358951 ], [ -123.021316, 38.358824 ], [ -123.0226, 38.357882 ], [ -123.029897, 38.361116 ], [ -123.036066, 38.360172 ], [ -123.038907, 38.356805 ], [ -123.04312, 38.359332 ], [ -123.045158, 38.359318 ], [ -123.044675, 38.348288 ], [ -123.046868, 38.346584 ], [ -123.0462, 38.345244 ], [ -123.047256, 38.345489 ], [ -123.049024, 38.34968 ], [ -123.059464, 38.358687 ], [ -123.063206, 38.364409 ], [ -123.064743, 38.368221 ], [ -123.064152, 38.375215 ], [ -123.07088, 38.378526 ], [ -123.068767, 38.378928 ], [ -123.065593, 38.381208 ], [ -123.064115, 38.380397 ], [ -123.061281, 38.385798 ], [ -123.071103, 38.390654 ], [ -123.075117, 38.390278 ], [ -123.078096, 38.388231 ], [ -123.083777, 38.395653 ], [ -123.092868, 38.404192 ], [ -123.098336, 38.417582 ], [ -123.102604724521996, 38.413557451463902 ], [ -123.103706, 38.415541 ], [ -123.109026, 38.42042 ], [ -123.113377, 38.421534 ], [ -123.115551, 38.423906 ], [ -123.117028, 38.42869 ], [ -123.12175, 38.430006 ], [ -123.122449435492996, 38.437431546796198 ] ] ] } },
{ "type": "Feature", "properties": { "zip": "94304" }, "geometry": { "type": "MultiPolygon", "coordinates": [ [ [ [ -122.191325, 37.425302 ], [ -122.18961, 37.427137 ], [ -122.190506, 37.430956 ], [ -122.187653, 37.433313 ], [ -122.184559, 37.434093 ], [ -122.182175, 37.439478 ], [ -122.17986, 37.439461 ], [ -122.179804, 37.44084 ], [ -122.175704, 37.441884 ], [ -122.174146, 37.444779 ], [ -122.171706, 37.44678 ], [ -122.165424, 37.441929 ], [ -122.16791, 37.43446 ], [ -122.17171, 37.43455 ], [ -122.17425, 37.43258 ], [ -122.17497, 37.4308 ], [ -122.17812, 37.43172 ], [ -122.17811, 37.43344 ], [ -122.182288, 37.434498 ], [ -122.18575, 37.43194 ], [ -122.18322, 37.42844 ], [ -122.186202, 37.422539 ], [ -122.19084, 37.424365 ], [ -122.191325, 37.425302 ] ] ], [ [ [ -122.200706, 37.371964 ], [ -122.197781, 37.373576 ], [ -122.195842, 37.372965 ], [ -122.192884, 37.379859 ], [ -122.188495, 37.378483 ], [ -122.186316, 37.379884 ], [ -122.187578, 37.380627 ], [ -122.186877, 37.381551 ], [ -122.18936, 37.38475 ], [ -122.186607, 37.383923 ], [ -122.183424, 37.384592 ], [ -122.185487, 37.387741 ], [ -122.172366, 37.390486 ], [ -122.170229, 37.390156 ], [ -122.16784, 37.400205 ], [ -122.164492, 37.398734 ], [ -122.161812, 37.396389 ], [ -122.15984, 37.39934 ], [ -122.15875, 37.40338 ], [ -122.15694, 37.40462 ], [ -122.149713, 37.413921 ], [ -122.153338, 37.415988 ], [ -122.15071, 37.41919 ], [ -122.14698, 37.41721 ], [ -122.14211, 37.42302 ], [ -122.13805, 37.42087 ], [ -122.14095, 37.41733 ], [ -122.14119, 37.41537 ], [ -122.14716, 37.40904 ], [ -122.14526, 37.40736 ], [ -122.138421, 37.408359 ], [ -122.138022, 37.40736 ], [ -122.132928, 37.40469 ], [ -122.13169, 37.39997 ], [ -122.14975, 37.39215 ], [ -122.15063, 37.39147 ], [ -122.151641, 37.388189 ], [ -122.15421, 37.387178 ], [ -122.163532, 37.389857 ], [ -122.16296, 37.39199 ], [ -122.16817, 37.395338 ], [ -122.171862, 37.379746 ], [ -122.169917, 37.37925 ], [ -122.167824, 37.377503 ], [ -122.172572, 37.363359 ], [ -122.17453, 37.36488 ], [ -122.17607, 37.36452 ], [ -122.17688, 37.36564 ], [ -122.18114, 37.36501 ], [ -122.18477, 37.36698 ], [ -122.18938, 37.3675 ], [ -122.18943, 37.36869 ], [ -122.19082, 37.37014 ], [ -122.19572, 37.36872 ], [ -122.19684, 37.36629 ], [ -122.20012, 37.36733 ], [ -122.200706, 37.371964 ] ] ] ] } },
{ "type": "Feature", "properties": { "zip": "94108" }, "geometry": { "type": "Polygon", "coordinates": [ [ [ -122.413916, 37.790463 ], [ -122.414242, 37.795062 ], [ -122.404412, 37.796302 ], [ -122.404957, 37.795327 ], [ -122.403456, 37.787776 ], [ -122.406399, 37.786615 ], [ -122.406771, 37.788499 ], [ -122.408402, 37.788293 ], [ -122.408595, 37.789226 ], [ -122.411886, 37.788808 ], [ -122.412266, 37.790673 ], [ -122.413916, 37.790463 ] ] ] } },
{ "type": "Feature", "properties": { "zip": "94541" }, "geometry": { "type": "Polygon", "coordinates": [ [ [ -122.139274, 37.662528 ], [ -122.134365, 37.662797 ], [ -122.134466, 37.664572 ], [ -122.127675, 37.665182 ], [ -122.127905, 37.667862 ], [ -122.123068, 37.668133 ], [ -122.12075, 37.669776 ], [ -122.12355, 37.67421 ], [ -122.118674, 37.675709 ], [ -122.114045, 37.678669 ], [ -122.119792, 37.683729 ], [ -122.119421, 37.685258 ], [ -122.113212, 37.686334 ], [ -122.110736, 37.684681 ], [ -122.108454, 37.684436 ], [ -122.114705, 37.688704 ], [ -122.105536, 37.689025 ], [ -122.107369, 37.690467 ], [ -122.103264, 37.69337 ], [ -122.10442, 37.69545 ], [ -122.099159, 37.690621 ], [ -122.094008, 37.690053 ], [ -122.096288, 37.68804 ], [ -122.090246, 37.683647 ], [ -122.088948, 37.684187 ], [ -122.083759, 37.681499 ], [ -122.080179, 37.681735 ], [ -122.079934, 37.680755 ], [ -122.077051, 37.679626 ], [ -122.076913, 37.678923 ], [ -122.07558, 37.679256 ], [ -122.073225, 37.681981 ], [ -122.072011, 37.680988 ], [ -122.070245, 37.681371 ], [ -122.070923, 37.68353 ], [ -122.070383, 37.684168 ], [ -122.068918, 37.683734 ], [ -122.068282, 37.684915 ], [ -122.066592, 37.684018 ], [ -122.065115, 37.685553 ], [ -122.062164, 37.685893 ], [ -122.058796, 37.692063 ], [ -122.057081, 37.693598 ], [ -122.049251, 37.693562 ], [ -122.044522, 37.695734 ], [ -122.044169, 37.694878 ], [ -122.044459, 37.69253 ], [ -122.047274, 37.690937 ], [ -122.047151, 37.689666 ], [ -122.043736, 37.686717 ], [ -122.041348, 37.680986 ], [ -122.049032, 37.677089 ], [ -122.05233, 37.674004 ], [ -122.054587, 37.673672 ], [ -122.050103, 37.671393 ], [ -122.042895, 37.673586 ], [ -122.042164, 37.671789 ], [ -122.040384, 37.671794 ], [ -122.040866, 37.665321 ], [ -122.046318, 37.664758 ], [ -122.052904, 37.666933 ], [ -122.056297, 37.665778 ], [ -122.059234, 37.666381 ], [ -122.062918, 37.665219 ], [ -122.066387, 37.666719 ], [ -122.072776, 37.667381 ], [ -122.075515, 37.666495 ], [ -122.079887, 37.669851 ], [ -122.084138, 37.663514 ], [ -122.087468, 37.66322 ], [ -122.088605, 37.661419 ], [ -122.110413, 37.653156 ], [ -122.120239, 37.653223 ], [ -122.120388, 37.65641 ], [ -122.12378, 37.656336 ], [ -122.12415, 37.662171 ], [ -122.119324, 37.662599 ], [ -122.120087, 37.664972 ], [ -122.123099, 37.665992 ], [ -122.129175, 37.663286 ], [ -122.130957, 37.663558 ], [ -122.132526, 37.66155 ], [ -122.139202, 37.658473 ], [ -122.14375, 37.663346 ], [ -122.139274, 37.662528 ] ], [ [ -122.095331, 37.661014 ], [ -122.09428, 37.659619 ], [ -122.093046, 37.65998 ], [ -122.094569, 37.661339 ], [ -122.095331, 37.661014 ] ] ] } },
{ "type": "Feature", "properties": { "zip": "94565" }, "geometry": { "type": "Polygon", "coordinates": [ [ [ -122.033736, 38.03285 ], [ -122.029902, 38.04141 ], [ -122.031615, 38.045288 ], [ -122.021608, 38.048086 ], [ -122.021197, 38.05509 ], [ -122.019539, 38.056633 ], [ -122.011598, 38.055457 ], [ -122.008834, 38.055951 ], [ -122.00156, 38.053783 ], [ -122.001897, 38.049323 ], [ -122.001212, 38.053629 ], [ -121.993014, 38.053871 ], [ -121.992515, 38.054888 ], [ -121.990881, 38.053394 ], [ -121.978779, 38.047709 ], [ -121.963209, 38.047632 ], [ -121.963124, 38.041698 ], [ -121.963949, 38.040554 ], [ -121.962899, 38.040873 ], [ -121.962684, 38.047651 ], [ -121.961353, 38.048589 ], [ -121.96049, 38.047876 ], [ -121.957357, 38.048448 ], [ -121.956571, 38.049376 ], [ -121.952605, 38.04757 ], [ -121.951709, 38.049592 ], [ -121.950056, 38.050845 ], [ -121.946249, 38.04857 ], [ -121.944984, 38.049164 ], [ -121.942705, 38.048131 ], [ -121.94151, 38.04634 ], [ -121.93539, 38.045643 ], [ -121.932778, 38.044341 ], [ -121.932701, 38.031434 ], [ -121.931739, 38.031165 ], [ -121.928115, 38.034047 ], [ -121.927943, 38.042831 ], [ -121.927015, 38.043509 ], [ -121.911518, 38.041456 ], [ -121.911392, 38.040323 ], [ -121.908606, 38.039579 ], [ -121.90857, 38.04502 ], [ -121.889573, 38.046657 ], [ -121.880184, 38.048709 ], [ -121.874743, 38.050676 ], [ -121.869582, 38.054414 ], [ -121.853285, 38.042908 ], [ -121.851118, 38.039742 ], [ -121.849457, 38.035009 ], [ -121.852174, 38.03226 ], [ -121.847534, 38.029759 ], [ -121.84778, 38.029061 ], [ -121.8423, 38.027264 ], [ -121.842445, 38.013112 ], [ -121.844901, 38.010007 ], [ -121.833212, 38.007495 ], [ -121.837431, 38.003778 ], [ -121.855727, 38.008803 ], [ -121.85663, 38.00525 ], [ -121.856032, 37.998 ], [ -121.860849, 37.998002 ], [ -121.860482, 37.983156 ], [ -121.86897, 37.983009 ], [ -121.868998, 37.956382 ], [ -121.869171, 37.957507 ], [ -121.873075, 37.957076 ], [ -121.874444, 37.956103 ], [ -121.882539, 37.958384 ], [ -121.883274, 37.956557 ], [ -121.886501, 37.95559 ], [ -121.890824, 37.955423 ], [ -121.897329, 37.953313 ], [ -121.899549, 37.953693 ], [ -121.905289, 37.94865 ], [ -121.908271, 37.948358 ], [ -121.912508, 37.94635 ], [ -121.914514, 37.946371 ], [ -121.914703, 37.962159 ], [ -121.919316, 37.962316 ], [ -121.919361, 37.96932 ], [ -121.922641, 37.969286 ], [ -121.921459, 37.970577 ], [ -121.927606, 37.966074 ], [ -121.9284, 37.963161 ], [ -121.930403, 37.96182 ], [ -121.932919, 37.961676 ], [ -121.933024, 37.968351 ], [ -121.935382, 37.968297 ], [ -121.935325, 37.966512 ], [ -121.940442, 37.966477 ], [ -121.940459, 37.967744 ], [ -121.945311, 37.963546 ], [ -121.948657, 37.963084 ], [ -121.959225, 37.967676 ], [ -121.9585, 37.968379 ], [ -121.963877, 37.972833 ], [ -121.968324, 37.973166 ], [ -121.970023, 37.971742 ], [ -121.975476, 37.975529 ], [ -121.977639, 37.973711 ], [ -122.00317, 37.992452 ], [ -122.00098, 37.999371 ], [ -121.996612, 37.999553 ], [ -121.989823, 37.994262 ], [ -121.987657, 37.994477 ], [ -121.985031, 37.993067 ], [ -121.984536, 37.993712 ], [ -121.986354, 37.994805 ], [ -121.985319, 37.996404 ], [ -121.986257, 37.997673 ], [ -121.980617, 38.002913 ], [ -121.977211, 38.003398 ], [ -121.976766, 38.004497 ], [ -121.980369, 38.00416 ], [ -121.979856, 38.006352 ], [ -121.981163, 38.006841 ], [ -121.979759, 38.008034 ], [ -121.987874, 38.015774 ], [ -121.987826, 38.016615 ], [ -121.985922, 38.01723 ], [ -121.98335, 38.019659 ], [ -121.980052, 38.020043 ], [ -121.97925, 38.021739 ], [ -121.972107, 38.023676 ], [ -121.977173, 38.022966 ], [ -121.997337, 38.013537 ], [ -121.998843, 38.014794 ], [ -121.991861, 38.017654 ], [ -121.994927, 38.018517 ], [ -121.996479, 38.017199 ], [ -122.001288, 38.020483 ], [ -122.002461, 38.018884 ], [ -122.006347, 38.018074 ], [ -122.005962, 38.015768 ], [ -122.003691, 38.013496 ], [ -122.008782, 38.01687 ], [ -122.010516, 38.016782 ], [ -122.012471, 38.018646 ], [ -122.018719, 38.020751 ], [ -122.026169, 38.024502 ], [ -122.029715, 38.031299 ], [ -122.028734, 38.032934 ], [ -122.031083, 38.032553 ], [ -122.032284, 38.031014 ], [ -122.028322, 38.021679 ], [ -122.033736, 38.03285 ] ] ] } },
{ "type": "Feature", "properties": { "zip": "94605" }, "geometry": { "type": "Polygon", "coordinates": [ [ [ -122.197348, 37.771623 ], [ -122.188298, 37.777873 ], [ -122.185365, 37.775425 ], [ -122.179885, 37.779904 ], [ -122.175094, 37.780294 ], [ -122.175658, 37.7816 ], [ -122.178868, 37.783417 ], [ -122.183689, 37.784167 ], [ -122.178401, 37.783822 ], [ -122.178018, 37.78505 ], [ -122.177379, 37.784592 ], [ -122.174986, 37.786132 ], [ -122.171929, 37.786287 ], [ -122.165564, 37.78091 ], [ -122.15793, 37.78205 ], [ -122.159768, 37.783753 ], [ -122.15855, 37.782734 ], [ -122.156688, 37.784697 ], [ -122.148454, 37.783559 ], [ -122.146176, 37.785922 ], [ -122.14452, 37.784981 ], [ -122.142301, 37.7851 ], [ -122.141553, 37.781176 ], [ -122.132721, 37.775339 ], [ -122.124213, 37.761329 ], [ -122.116126, 37.750264 ], [ -122.114799, 37.74022 ], [ -122.115091, 37.735279 ], [ -122.121082, 37.731899 ], [ -122.122168, 37.729386 ], [ -122.124462, 37.728588 ], [ -122.131227, 37.730427 ], [ -122.132345, 37.731726 ], [ -122.130491, 37.73277 ], [ -122.134438, 37.734305 ], [ -122.136693, 37.731867 ], [ -122.138977, 37.730932 ], [ -122.140772, 37.737282 ], [ -122.146051, 37.742802 ], [ -122.148725, 37.740859 ], [ -122.150668, 37.741772 ], [ -122.151734, 37.741478 ], [ -122.153625, 37.744069 ], [ -122.156017, 37.745042 ], [ -122.155713, 37.745588 ], [ -122.156567, 37.745757 ], [ -122.159831, 37.751335 ], [ -122.161409, 37.755639 ], [ -122.164271, 37.755214 ], [ -122.165238, 37.753858 ], [ -122.166102, 37.753964 ], [ -122.172283, 37.761695 ], [ -122.175206, 37.763136 ], [ -122.173671, 37.760983 ], [ -122.176638, 37.759876 ], [ -122.182718, 37.766034 ], [ -122.185697, 37.764232 ], [ -122.187135, 37.765454 ], [ -122.18905, 37.764701 ], [ -122.191991, 37.767645 ], [ -122.194336, 37.768777 ], [ -122.193668, 37.76925 ], [ -122.194779, 37.77038 ], [ -122.195845, 37.770212 ], [ -122.197348, 37.771623 ] ] ] } },
{ "type": "Feature", "properties": { "zip": "94705" }, "geometry": { "type": "Polygon", "coordinates": [ [ [ -122.269455, 37.860034 ], [ -122.260617, 37.861646 ], [ -122.250038, 37.862438 ], [ -122.246714, 37.863924 ], [ -122.247771, 37.866115 ], [ -122.244733, 37.865788 ], [ -122.245525, 37.864036 ], [ -122.244404, 37.862663 ], [ -122.244534, 37.863726 ], [ -122.240759, 37.864058 ], [ -122.238421, 37.867784 ], [ -122.241719, 37.869645 ], [ -122.245156, 37.869737 ], [ -122.24691, 37.885355 ], [ -122.241971, 37.881927 ], [ -122.238679, 37.883325 ], [ -122.22884, 37.881023 ], [ -122.22362, 37.878566 ], [ -122.219804, 37.873495 ], [ -122.21764, 37.87225 ], [ -122.216372, 37.869075 ], [ -122.21942, 37.868049 ], [ -122.221491, 37.866257 ], [ -122.222388, 37.866559 ], [ -122.221987, 37.864205 ], [ -122.220861, 37.864603 ], [ -122.217454, 37.861888 ], [ -122.216064, 37.859527 ], [ -122.213559, 37.857912 ], [ -122.215726, 37.856214 ], [ -122.216608, 37.858068 ], [ -122.218761, 37.859 ], [ -122.2188, 37.860021 ], [ -122.22108, 37.860114 ], [ -122.222621, 37.857711 ], [ -122.221609, 37.855291 ], [ -122.22354, 37.854923 ], [ -122.223955, 37.853603 ], [ -122.224595, 37.855367 ], [ -122.227052, 37.857199 ], [ -122.234305, 37.853607 ], [ -122.234191, 37.852544 ], [ -122.245739, 37.852241 ], [ -122.246356, 37.850307 ], [ -122.24738, 37.851648 ], [ -122.252503, 37.850826 ], [ -122.253346, 37.85383 ], [ -122.267067, 37.85189 ], [ -122.266522, 37.852343 ], [ -122.267011, 37.855231 ], [ -122.268308, 37.856539 ], [ -122.267456, 37.859416 ], [ -122.269455, 37.860034 ] ] ] } },
{ "type": "Feature", "properties": { "zip": "94801" }, "geometry": { "type": "Polygon", "coordinates": [ [ [ -122.42976, 37.965405 ], [ -122.418592, 37.964784 ], [ -122.41265, 37.963285 ], [ -122.411761, 37.960497 ], [ -122.408383, 37.957544 ], [ -122.402906, 37.954852 ], [ -122.395538, 37.959912 ], [ -122.40148, 37.965721 ], [ -122.401133710422997, 37.967766 ], [ -122.397283, 37.967766 ], [ -122.395514516343994, 37.969440165668203 ], [ -122.381752, 37.971717 ], [ -122.367582, 37.978168 ], [ -122.364115981905996, 37.985386378002801 ], [ -122.363116, 37.985169 ], [ -122.359975, 37.990686 ], [ -122.3609, 37.994774 ], [ -122.36272, 37.99635 ], [ -122.365478853967005, 37.996951286669002 ], [ -122.366928, 37.998458 ], [ -122.368891, 38.007948 ], [ -122.367909, 38.01253 ], [ -122.364639, 38.012926 ], [ -122.362025, 38.008619 ], [ -122.355539, 38.008668 ], [ -122.344063473188996, 38.004972592104203 ], [ -122.341778, 38.00294 ], [ -122.332552, 38.001502 ], [ -122.328669433155994, 38.003481479692603 ], [ -122.328193, 38.002547 ], [ -122.334705, 38.000529 ], [ -122.348052, 38.002316 ], [ -122.353351, 38.000227 ], [ -122.355551, 37.997771 ], [ -122.356285, 37.99576 ], [ -122.358893, 37.967636 ], [ -122.356387, 37.967181 ], [ -122.358608, 37.950445 ], [ -122.357126, 37.95043 ], [ -122.357159, 37.949828 ], [ -122.347422, 37.949778 ], [ -122.348207, 37.940312 ], [ -122.347523, 37.938468 ], [ -122.347895, 37.932015 ], [ -122.347242, 37.931544 ], [ -122.377515, 37.931358 ], [ -122.378348, 37.930242 ], [ -122.378189, 37.927252 ], [ -122.381331, 37.927712 ], [ -122.383308, 37.925426 ], [ -122.380664, 37.92529 ], [ -122.380689, 37.923747 ], [ -122.378197, 37.92321 ], [ -122.37721, 37.920164 ], [ -122.372501, 37.917758 ], [ -122.369665, 37.914305 ], [ -122.370992, 37.914284 ], [ -122.369031, 37.912544 ], [ -122.371375, 37.911249 ], [ -122.367734, 37.909835 ], [ -122.368975, 37.909739 ], [ -122.367783758336998, 37.904726378310798 ], [ -122.390546, 37.90911 ], [ -122.387456, 37.920548 ], [ -122.39049, 37.922535 ], [ -122.391497, 37.925423 ], [ -122.397677, 37.92936 ], [ -122.401289, 37.928426 ], [ -122.401955, 37.931422 ], [ -122.410036, 37.932359 ], [ -122.413725, 37.937262 ], [ -122.410987, 37.93967 ], [ -122.414077, 37.945293 ], [ -122.422633, 37.947168 ], [ -122.419306, 37.950916 ], [ -122.420732, 37.954852 ], [ -122.42501, 37.956913 ], [ -122.430087, 37.963115 ], [ -122.42976, 37.965405 ] ] ] } },
{ "type": "Feature", "properties": { "zip": "94805" }, "geometry": { "type": "Polygon", "coordinates": [ [ [ -122.341354, 37.931444 ], [ -122.341126, 37.934806 ], [ -122.337838, 37.934352 ], [ -122.335089, 37.94398 ], [ -122.335438, 37.947053 ], [ -122.332185, 37.947417 ], [ -122.333912, 37.95175 ], [ -122.333616, 37.953253 ], [ -122.331763, 37.953963 ], [ -122.330247, 37.951335 ], [ -122.327417, 37.951291 ], [ -122.326394, 37.949154 ], [ -122.323492, 37.949654 ], [ -122.322077, 37.951996 ], [ -122.324403, 37.953845 ], [ -122.32382, 37.954105 ], [ -122.318749, 37.954037 ], [ -122.318284, 37.954923 ], [ -122.316131, 37.953218 ], [ -122.316696, 37.951834 ], [ -122.314931, 37.952376 ], [ -122.311393, 37.951407 ], [ -122.311408, 37.952665 ], [ -122.308368, 37.952672 ], [ -122.30952, 37.951663 ], [ -122.309601, 37.948116 ], [ -122.311356, 37.948817 ], [ -122.311309, 37.945596 ], [ -122.311904, 37.945127 ], [ -122.311069, 37.943603 ], [ -122.307602, 37.94273 ], [ -122.303189, 37.939123 ], [ -122.303575, 37.938204 ], [ -122.320323, 37.938342 ], [ -122.32038, 37.93112 ], [ -122.341354, 37.931444 ] ] ] } },
{ "type": "Feature", "properties": { "zip": "94904" }, "geometry": { "type": "Polygon", "coordinates": [ [ [ -122.596015, 37.951866 ], [ -122.59206, 37.952884 ], [ -122.59073, 37.95448 ], [ -122.588105, 37.954471 ], [ -122.584628, 37.955733 ], [ -122.580522, 37.954376 ], [ -122.577557, 37.956369 ], [ -122.570173, 37.955667 ], [ -122.568758, 37.95699 ], [ -122.566226, 37.956229 ], [ -122.565414, 37.958945 ], [ -122.565408, 37.957345 ], [ -122.563957, 37.957024 ], [ -122.563784, 37.959102 ], [ -122.563767, 37.955379 ], [ -122.558107, 37.955325 ], [ -122.556076, 37.957542 ], [ -122.553305, 37.958164 ], [ -122.553378, 37.95945 ], [ -122.550898, 37.961293 ], [ -122.548099, 37.959773 ], [ -122.544396, 37.96332 ], [ -122.542695, 37.962813 ], [ -122.540474, 37.963827 ], [ -122.54323, 37.965193 ], [ -122.533816, 37.961776 ], [ -122.532533, 37.959968 ], [ -122.526639, 37.957719 ], [ -122.523277, 37.955479 ], [ -122.522556, 37.954176 ], [ -122.520334, 37.954116 ], [ -122.517462, 37.951859 ], [ -122.511771, 37.952555 ], [ -122.509538, 37.951875 ], [ -122.513209, 37.946914 ], [ -122.513577, 37.943869 ], [ -122.514964, 37.943957 ], [ -122.515348, 37.942507 ], [ -122.51346, 37.943111 ], [ -122.510778, 37.941687 ], [ -122.505507, 37.941921 ], [ -122.509888, 37.941434 ], [ -122.512864, 37.94222 ], [ -122.512786, 37.938686 ], [ -122.516617, 37.935546 ], [ -122.515882, 37.940401 ], [ -122.519197, 37.939315 ], [ -122.516655, 37.940873 ], [ -122.515429, 37.94281 ], [ -122.51639, 37.942121 ], [ -122.521212, 37.941819 ], [ -122.528112, 37.944203 ], [ -122.532133, 37.942487 ], [ -122.536945, 37.943152 ], [ -122.538543, 37.944499 ], [ -122.53958, 37.947159 ], [ -122.544943, 37.949002 ], [ -122.545791, 37.95161 ], [ -122.549668, 37.95077 ], [ -122.549348, 37.9485 ], [ -122.55034, 37.946284 ], [ -122.549597, 37.944827 ], [ -122.548321, 37.944767 ], [ -122.54637, 37.941113 ], [ -122.551403, 37.939676 ], [ -122.552865, 37.935209 ], [ -122.559446, 37.93136 ], [ -122.558195, 37.930345 ], [ -122.55933, 37.929985 ], [ -122.567267, 37.93478 ], [ -122.570394, 37.932992 ], [ -122.573428, 37.934124 ], [ -122.572867, 37.93565 ], [ -122.573922, 37.936904 ], [ -122.575894, 37.936704 ], [ -122.57641, 37.939062 ], [ -122.579491, 37.93934 ], [ -122.580347, 37.941768 ], [ -122.579464, 37.943108 ], [ -122.582116, 37.946168 ], [ -122.583127, 37.946766 ], [ -122.586682, 37.94542 ], [ -122.588912, 37.945625 ], [ -122.593634, 37.947862 ], [ -122.594891, 37.949583 ], [ -122.597336, 37.948953 ], [ -122.596015, 37.951866 ] ] ] } },
{ "type": "Feature", "properties": { "zip": "95008" }, "geometry": { "type": "Polygon", "coordinates": [ [ [ -121.990821, 37.269843 ], [ -121.989146, 37.272736 ], [ -121.98533, 37.272359 ], [ -121.98292, 37.273431 ], [ -121.983033, 37.276406 ], [ -121.979683, 37.276498 ], [ -121.979788, 37.279004 ], [ -121.977277, 37.279143 ], [ -121.978046, 37.28124 ], [ -121.976584, 37.281839 ], [ -121.976631, 37.283601 ], [ -121.982943, 37.283453 ], [ -121.983107, 37.286049 ], [ -121.984115, 37.286238 ], [ -121.979815, 37.289983 ], [ -121.981645, 37.291322 ], [ -121.980593, 37.292232 ], [ -121.976599, 37.289826 ], [ -121.976598, 37.290779 ], [ -121.970718, 37.290803 ], [ -121.970857, 37.295365 ], [ -121.962292, 37.29603 ], [ -121.961852, 37.297892 ], [ -121.95945, 37.2974 ], [ -121.95905, 37.29432 ], [ -121.95442, 37.29432 ], [ -121.954441, 37.295569 ], [ -121.944625, 37.294992 ], [ -121.945356, 37.301543 ], [ -121.940714, 37.301536 ], [ -121.940646, 37.29927 ], [ -121.93832, 37.294389 ], [ -121.93582, 37.29436 ], [ -121.931674, 37.29803 ], [ -121.931669, 37.297222 ], [ -121.929222, 37.297795 ], [ -121.929209, 37.296258 ], [ -121.931672, 37.29623 ], [ -121.931686, 37.294397 ], [ -121.922656, 37.294373 ], [ -121.922455, 37.282627 ], [ -121.923512, 37.280962 ], [ -121.92705, 37.281482 ], [ -121.931642, 37.280181 ], [ -121.931834, 37.278841 ], [ -121.930238, 37.277588 ], [ -121.931873, 37.276109 ], [ -121.93097, 37.275474 ], [ -121.9334, 37.275233 ], [ -121.94861, 37.25786 ], [ -121.951156, 37.256971 ], [ -121.953424, 37.258809 ], [ -121.953844, 37.258209 ], [ -121.956227, 37.260799 ], [ -121.96196, 37.26158 ], [ -121.96086, 37.26301 ], [ -121.96263, 37.26411 ], [ -121.97188, 37.26394 ], [ -121.97349, 37.26527 ], [ -121.97989, 37.2648 ], [ -121.990821, 37.269843 ] ] ] } },
{ "type": "Feature", "properties": { "zip": "95013" }, "geometry": { "type": "Polygon", "coordinates": [ [ [ -121.758865, 37.218744 ], [ -121.756217, 37.220208 ], [ -121.746942, 37.222715 ], [ -121.751149, 37.226434 ], [ -121.746841, 37.230303 ], [ -121.73157, 37.219475 ], [ -121.728582, 37.216055 ], [ -121.723751, 37.216021 ], [ -121.721336, 37.213809 ], [ -121.719867, 37.210981 ], [ -121.726099, 37.20895 ], [ -121.727217, 37.210472 ], [ -121.73004, 37.208735 ], [ -121.733447, 37.210907 ], [ -121.729181, 37.206745 ], [ -121.736404, 37.201129 ], [ -121.746055, 37.210073 ], [ -121.758672, 37.217763 ], [ -121.758865, 37.218744 ] ] ] } },
{ "type": "Feature", "properties": { "zip": "95035" }, "geometry": { "type": "Polygon", "coordinates": [ [ [ -121.931047, 37.420094 ], [ -121.925409, 37.423512 ], [ -121.925239, 37.424846 ], [ -121.927684, 37.427593 ], [ -121.928449, 37.430544 ], [ -121.925988, 37.435637 ], [ -121.926718, 37.438543 ], [ -121.923355, 37.442542 ], [ -121.923982, 37.444811 ], [ -121.923368, 37.446504 ], [ -121.924498, 37.447207 ], [ -121.923999, 37.44993 ], [ -121.92504, 37.451674 ], [ -121.925041, 37.454186 ], [ -121.912652, 37.46065 ], [ -121.911332, 37.462236 ], [ -121.898306, 37.466661 ], [ -121.890759, 37.468038 ], [ -121.889352, 37.470102 ], [ -121.885966, 37.471375 ], [ -121.882603, 37.470554 ], [ -121.880251, 37.471548 ], [ -121.877236, 37.475227 ], [ -121.874612, 37.475767 ], [ -121.874009, 37.477407 ], [ -121.871047, 37.479241 ], [ -121.869934, 37.48168 ], [ -121.865267, 37.484637 ], [ -121.837876, 37.484373 ], [ -121.832527, 37.469197 ], [ -121.827336, 37.45788 ], [ -121.817853, 37.445207 ], [ -121.82237, 37.44363 ], [ -121.82521, 37.439846 ], [ -121.81937, 37.43791 ], [ -121.8199, 37.43548 ], [ -121.824576, 37.432529 ], [ -121.823473, 37.431895 ], [ -121.830893, 37.431817 ], [ -121.832766, 37.429883 ], [ -121.830237, 37.425213 ], [ -121.831159, 37.423153 ], [ -121.838931, 37.421339 ], [ -121.839297, 37.423991 ], [ -121.837086, 37.425202 ], [ -121.837656, 37.425911 ], [ -121.858183, 37.421482 ], [ -121.860033, 37.422487 ], [ -121.874037, 37.416366 ], [ -121.880261, 37.414516 ], [ -121.880043, 37.41384 ], [ -121.882056, 37.413152 ], [ -121.880811, 37.411522 ], [ -121.888863, 37.407575 ], [ -121.887876, 37.406952 ], [ -121.890448, 37.404335 ], [ -121.89058, 37.403313 ], [ -121.905684, 37.404116 ], [ -121.915198, 37.39611 ], [ -121.91521, 37.39862 ], [ -121.917722, 37.403123 ], [ -121.921675, 37.405627 ], [ -121.923493, 37.405693 ], [ -121.922974, 37.411035 ], [ -121.925606, 37.413138 ], [ -121.926026, 37.414616 ], [ -121.928113, 37.415539 ], [ -121.930131, 37.417759 ], [ -121.931047, 37.420094 ] ] ] } },
{ "type": "Feature", "properties": { "zip": "94010" }, "geometry": { "type": "Polygon", "coordinates": [ [ [ -122.451445, 37.617128 ], [ -122.445635, 37.622144 ], [ -122.430341, 37.606144 ], [ -122.428119, 37.604676 ], [ -122.426729, 37.602211 ], [ -122.411049, 37.587559 ], [ -122.403618, 37.581612 ], [ -122.399164, 37.584453 ], [ -122.39551, 37.585469 ], [ -122.39095, 37.588998 ], [ -122.389946, 37.588242 ], [ -122.388313, 37.59119 ], [ -122.390105, 37.592501 ], [ -122.387148, 37.595636 ], [ -122.378841, 37.600986 ], [ -122.380429, 37.600932 ], [ -122.382914, 37.599459 ], [ -122.384059, 37.600448 ], [ -122.377045589901002, 37.605099933528003 ], [ -122.369824, 37.60273 ], [ -122.360219, 37.592501 ], [ -122.334639, 37.591791 ], [ -122.334409, 37.588041 ], [ -122.333048626446001, 37.588228654895602 ], [ -122.334733, 37.586644 ], [ -122.330827, 37.582981 ], [ -122.342893, 37.574508 ], [ -122.342009, 37.57421 ], [ -122.351914, 37.569949 ], [ -122.35008, 37.566307 ], [ -122.354999, 37.564157 ], [ -122.352714, 37.56089 ], [ -122.337165, 37.567994 ], [ -122.330507, 37.563941 ], [ -122.329176, 37.562102 ], [ -122.339468, 37.552728 ], [ -122.340607, 37.549892 ], [ -122.340049, 37.547889 ], [ -122.337852, 37.546084 ], [ -122.332282, 37.550639 ], [ -122.329065, 37.548296 ], [ -122.328455, 37.548581 ], [ -122.332575, 37.544173 ], [ -122.330196, 37.541269 ], [ -122.335226, 37.538015 ], [ -122.338697, 37.540598 ], [ -122.34118, 37.538459 ], [ -122.337264, 37.535336 ], [ -122.341579, 37.531735 ], [ -122.343412, 37.533529 ], [ -122.345723, 37.539696 ], [ -122.349537, 37.540689 ], [ -122.349913, 37.537063 ], [ -122.349099, 37.535859 ], [ -122.351638, 37.532738 ], [ -122.358659, 37.530051 ], [ -122.361134, 37.531361 ], [ -122.36581, 37.531168 ], [ -122.367274, 37.534117 ], [ -122.370493, 37.535184 ], [ -122.371731, 37.537241 ], [ -122.371096, 37.537902 ], [ -122.37251, 37.539055 ], [ -122.373687, 37.537974 ], [ -122.374106, 37.54004 ], [ -122.375143, 37.539781 ], [ -122.379022, 37.544921 ], [ -122.383776, 37.548434 ], [ -122.387982, 37.555407 ], [ -122.389148, 37.555667 ], [ -122.390982, 37.557905 ], [ -122.391719, 37.55712 ], [ -122.402889, 37.568361 ], [ -122.409016, 37.576761 ], [ -122.411004, 37.57842 ], [ -122.412627, 37.578383 ], [ -122.413026, 37.580086 ], [ -122.417274, 37.580231 ], [ -122.418618, 37.57789 ], [ -122.420681, 37.579401 ], [ -122.420204, 37.580226 ], [ -122.42277, 37.579771 ], [ -122.423117, 37.581075 ], [ -122.425451, 37.582328 ], [ -122.42683, 37.581113 ], [ -122.42785, 37.581457 ], [ -122.428564, 37.580152 ], [ -122.432022, 37.585063 ], [ -122.439468, 37.59039 ], [ -122.442218, 37.593921 ], [ -122.444059, 37.594072 ], [ -122.450593, 37.61569 ], [ -122.450068, 37.615586 ], [ -122.451445, 37.617128 ] ] ] } },
{ "type": "Feature", "properties": { "zip": "94102" }, "geometry": { "type": "Polygon", "coordinates": [ [ [ -122.430018, 37.778356 ], [ -122.426829, 37.779258 ], [ -122.427203, 37.781117 ], [ -122.423918, 37.781536 ], [ -122.424108, 37.782477 ], [ -122.417425, 37.7828 ], [ -122.417529, 37.783311 ], [ -122.414242, 37.783724 ], [ -122.414876, 37.786864 ], [ -122.412436, 37.7873 ], [ -122.411886, 37.788808 ], [ -122.408595, 37.789226 ], [ -122.408402, 37.788293 ], [ -122.406771, 37.788499 ], [ -122.406399, 37.786615 ], [ -122.404743, 37.786778 ], [ -122.426402, 37.769596 ], [ -122.42822, 37.769441 ], [ -122.430018, 37.778356 ] ] ] } },
{ "type": "Feature", "properties": { "zip": "94116" }, "geometry": { "type": "Polygon", "coordinates": [ [ [ -122.508463, 37.748915 ], [ -122.508187, 37.750968 ], [ -122.47068, 37.752376 ], [ -122.470019, 37.754692 ], [ -122.467915, 37.752735 ], [ -122.463361, 37.753039 ], [ -122.458635, 37.747769 ], [ -122.4604, 37.745311 ], [ -122.463686, 37.743749 ], [ -122.468073, 37.743384 ], [ -122.468561, 37.741503 ], [ -122.471633, 37.741364 ], [ -122.47142, 37.737628 ], [ -122.483244, 37.737463 ], [ -122.486086, 37.73653 ], [ -122.488943, 37.736898 ], [ -122.490364, 37.73793 ], [ -122.491285, 37.737303 ], [ -122.49027, 37.735606 ], [ -122.491294, 37.734096 ], [ -122.496564, 37.733856 ], [ -122.502031, 37.735515 ], [ -122.506796, 37.735559 ], [ -122.508463, 37.748915 ] ] ] } },
{ "type": "Feature", "properties": { "zip": "94301" }, "geometry": { "type": "Polygon", "coordinates": [ [ [ -122.171706, 37.44678 ], [ -122.168747, 37.447435 ], [ -122.16582, 37.450926 ], [ -122.165302, 37.452843 ], [ -122.162695, 37.453844 ], [ -122.159519, 37.454721 ], [ -122.157686, 37.453495 ], [ -122.155708, 37.454176 ], [ -122.155928, 37.455418 ], [ -122.153513, 37.456677 ], [ -122.146761, 37.456585 ], [ -122.144933, 37.4582 ], [ -122.141907, 37.457831 ], [ -122.138774, 37.454802 ], [ -122.136708, 37.454337 ], [ -122.139319, 37.450185 ], [ -122.14116, 37.450795 ], [ -122.13973, 37.44874 ], [ -122.13975, 37.44314 ], [ -122.14321, 37.44215 ], [ -122.130425, 37.434103 ], [ -122.1359, 37.42947 ], [ -122.135264, 37.428932 ], [ -122.137577, 37.426924 ], [ -122.15586, 37.43833 ], [ -122.16021, 37.437297 ], [ -122.171706, 37.44678 ] ] ] } },
{ "type": "Feature", "properties": { "zip": "95471" }, "geometry": { "type": "Polygon", "coordinates": [ [ [ -123.00047, 38.527004 ], [ -122.998321, 38.528489 ], [ -122.99781, 38.531252 ], [ -122.996081, 38.53369 ], [ -122.992664, 38.53316 ], [ -122.99126, 38.533714 ], [ -122.985331, 38.539112 ], [ -122.983798, 38.543632 ], [ -122.985322, 38.543683 ], [ -122.984981, 38.544818 ], [ -122.983119, 38.545567 ], [ -122.981832, 38.545132 ], [ -122.978252, 38.548184 ], [ -122.974748, 38.548435 ], [ -122.974732, 38.549168 ], [ -122.972825, 38.549721 ], [ -122.97398, 38.550931 ], [ -122.973083, 38.552907 ], [ -122.969518, 38.554205 ], [ -122.963466, 38.548024 ], [ -122.961269, 38.547027 ], [ -122.96211, 38.544979 ], [ -122.963741, 38.544981 ], [ -122.963853, 38.541459 ], [ -122.962706, 38.541464 ], [ -122.963506, 38.540636 ], [ -122.960845, 38.539303 ], [ -122.957924, 38.540337 ], [ -122.958008, 38.539094 ], [ -122.955761, 38.537694 ], [ -122.95657, 38.537369 ], [ -122.954894, 38.535618 ], [ -122.954049, 38.536116 ], [ -122.956051, 38.531014 ], [ -122.958646, 38.530717 ], [ -122.962128, 38.527014 ], [ -122.961218, 38.524948 ], [ -122.958769, 38.522537 ], [ -122.957985, 38.517889 ], [ -122.958362, 38.514938 ], [ -122.961612, 38.510461 ], [ -122.963227, 38.511175 ], [ -122.966265, 38.509796 ], [ -122.968342, 38.516807 ], [ -122.972811, 38.519819 ], [ -122.978284, 38.519529 ], [ -122.976019, 38.52004 ], [ -122.9781, 38.521088 ], [ -122.978095, 38.523928 ], [ -122.97973, 38.524987 ], [ -122.978683, 38.52322 ], [ -122.979318, 38.520214 ], [ -122.986533, 38.524345 ], [ -122.98746, 38.526588 ], [ -122.989908, 38.525825 ], [ -122.993897, 38.52601 ], [ -122.997286, 38.521901 ], [ -123.00047, 38.527004 ] ] ] } },
{ "type": "Feature", "properties": { "zip": "94110" }, "geometry": { "type": "Polygon", "coordinates": [ [ [ -122.427185, 37.735809 ], [ -122.42427, 37.739866 ], [ -122.425945, 37.753392 ], [ -122.426137, 37.763036 ], [ -122.426792, 37.762996 ], [ -122.426293, 37.764651 ], [ -122.421853, 37.764571 ], [ -122.420864, 37.763738 ], [ -122.420581, 37.764996 ], [ -122.410487, 37.765606 ], [ -122.410364, 37.76431 ], [ -122.40509, 37.764628 ], [ -122.40648, 37.760731 ], [ -122.406262, 37.759452 ], [ -122.403396, 37.756471 ], [ -122.403061, 37.751916 ], [ -122.40459, 37.744126 ], [ -122.407062, 37.73957 ], [ -122.407642, 37.739606 ], [ -122.407009, 37.738002 ], [ -122.408217, 37.737612 ], [ -122.408779, 37.735817 ], [ -122.410418, 37.734457 ], [ -122.415939, 37.732072 ], [ -122.4207, 37.731955 ], [ -122.421676, 37.73513 ], [ -122.427185, 37.735809 ] ] ] } },
{ "type": "Feature", "properties": { "zip": "94619" }, "geometry": { "type": "Polygon", "coordinates": [ [ [ -122.210377, 37.787975 ], [ -122.203203, 37.792197 ], [ -122.204275, 37.793281 ], [ -122.202629, 37.792691 ], [ -122.195708, 37.796954 ], [ -122.191753, 37.798872 ], [ -122.189985, 37.798906 ], [ -122.190102, 37.801415 ], [ -122.195038, 37.808233 ], [ -122.190151, 37.802808 ], [ -122.184997, 37.798402 ], [ -122.190181, 37.803765 ], [ -122.189154, 37.80467 ], [ -122.187169, 37.804433 ], [ -122.182166, 37.800968 ], [ -122.180999, 37.801376 ], [ -122.181155, 37.804386 ], [ -122.178521, 37.805345 ], [ -122.174159, 37.81027 ], [ -122.175474, 37.81459 ], [ -122.177873, 37.816323 ], [ -122.172775, 37.815826 ], [ -122.166873, 37.813424 ], [ -122.157392, 37.817952 ], [ -122.15295, 37.815034 ], [ -122.148808, 37.81376 ], [ -122.140317, 37.804701 ], [ -122.135257, 37.804482 ], [ -122.129789, 37.796573 ], [ -122.12358, 37.794178 ], [ -122.123009, 37.790014 ], [ -122.120287, 37.788026 ], [ -122.117354, 37.78194 ], [ -122.11468, 37.778766 ], [ -122.114845, 37.776711 ], [ -122.116333, 37.776507 ], [ -122.119221, 37.778841 ], [ -122.119795, 37.778451 ], [ -122.127664, 37.786424 ], [ -122.12785, 37.788078 ], [ -122.132816, 37.793981 ], [ -122.136629, 37.79684 ], [ -122.139289, 37.79722 ], [ -122.136143, 37.796418 ], [ -122.133947, 37.794211 ], [ -122.129008, 37.787055 ], [ -122.127124, 37.782688 ], [ -122.126031, 37.782289 ], [ -122.124443, 37.779832 ], [ -122.123898, 37.778647 ], [ -122.124638, 37.77753 ], [ -122.12691, 37.777529 ], [ -122.116979, 37.760662 ], [ -122.116722, 37.756872 ], [ -122.118553, 37.753796 ], [ -122.124213, 37.761329 ], [ -122.132721, 37.775339 ], [ -122.141553, 37.781176 ], [ -122.142301, 37.7851 ], [ -122.14452, 37.784981 ], [ -122.146176, 37.785922 ], [ -122.148454, 37.783559 ], [ -122.156688, 37.784697 ], [ -122.15855, 37.782734 ], [ -122.159768, 37.783753 ], [ -122.15793, 37.78205 ], [ -122.165564, 37.78091 ], [ -122.171929, 37.786287 ], [ -122.174986, 37.786132 ], [ -122.177379, 37.784592 ], [ -122.178018, 37.78505 ], [ -122.178401, 37.783822 ], [ -122.188586, 37.784446 ], [ -122.186969, 37.780025 ], [ -122.188017, 37.777613 ], [ -122.190652, 37.776779 ], [ -122.195199, 37.773572 ], [ -122.196578, 37.774797 ], [ -122.196016, 37.777056 ], [ -122.197917, 37.77665 ], [ -122.201226, 37.779928 ], [ -122.20469, 37.781988 ], [ -122.210377, 37.787975 ] ] ] } },
{ "type": "Feature", "properties": { "zip": "94002" }, "geometry": { "type": "Polygon", "coordinates": [ [ [ -122.338565, 37.507142 ], [ -122.335882, 37.508051 ], [ -122.326853, 37.515062 ], [ -122.324847, 37.517322 ], [ -122.325505, 37.519087 ], [ -122.323711, 37.521018 ], [ -122.321792, 37.521221 ], [ -122.319724, 37.519478 ], [ -122.314957, 37.519208 ], [ -122.314432, 37.521113 ], [ -122.313285, 37.521562 ], [ -122.311742, 37.524441 ], [ -122.3073, 37.521163 ], [ -122.287413, 37.529267 ], [ -122.285539, 37.530666 ], [ -122.278278, 37.528835 ], [ -122.277855, 37.52987 ], [ -122.276454, 37.529511 ], [ -122.274974, 37.530471 ], [ -122.27732, 37.532935 ], [ -122.276664, 37.534223 ], [ -122.265697, 37.534076 ], [ -122.267925, 37.530658 ], [ -122.269993, 37.530653 ], [ -122.267991, 37.527722 ], [ -122.265151, 37.528482 ], [ -122.266141, 37.527095 ], [ -122.263646, 37.526296 ], [ -122.264129, 37.52456 ], [ -122.263224, 37.523197 ], [ -122.260675, 37.522442 ], [ -122.263031, 37.520379 ], [ -122.262406, 37.519338 ], [ -122.26498, 37.521272 ], [ -122.270209, 37.516857 ], [ -122.267399, 37.514185 ], [ -122.273025, 37.510195 ], [ -122.278294, 37.513117 ], [ -122.277972, 37.511456 ], [ -122.284447, 37.509731 ], [ -122.286557, 37.510584 ], [ -122.288585, 37.507417 ], [ -122.286527, 37.506614 ], [ -122.289557, 37.50201 ], [ -122.28749, 37.499491 ], [ -122.288603, 37.49978 ], [ -122.296087, 37.497053 ], [ -122.300544, 37.49992 ], [ -122.302598, 37.498393 ], [ -122.298581, 37.495506 ], [ -122.303036, 37.494008 ], [ -122.311628, 37.49649 ], [ -122.319313, 37.500214 ], [ -122.329519, 37.501815 ], [ -122.338565, 37.507142 ] ] ] } },
{ "type": "Feature", "properties": { "zip": "94134" }, "geometry": { "type": "Polygon", "coordinates": [ [ [ -122.433682, 37.713181 ], [ -122.431154, 37.716594 ], [ -122.427223, 37.715549 ], [ -122.42614, 37.718433 ], [ -122.424656, 37.717132 ], [ -122.422506, 37.717916 ], [ -122.423489, 37.719439 ], [ -122.425479, 37.720233 ], [ -122.423807, 37.723691 ], [ -122.422426, 37.724048 ], [ -122.423837, 37.728755 ], [ -122.41993, 37.729361 ], [ -122.419244, 37.73206 ], [ -122.415939, 37.732072 ], [ -122.410418, 37.734457 ], [ -122.408779, 37.735817 ], [ -122.408217, 37.737612 ], [ -122.407009, 37.738002 ], [ -122.406551, 37.735721 ], [ -122.402209, 37.728102 ], [ -122.399089, 37.719572 ], [ -122.398469, 37.715455 ], [ -122.391014, 37.713796 ], [ -122.388759, 37.714664 ], [ -122.386452, 37.711161 ], [ -122.391549, 37.709755 ], [ -122.393378981140003, 37.708267569990298 ], [ -122.42389, 37.708236 ], [ -122.427164, 37.708388 ], [ -122.427409, 37.710381 ], [ -122.429699, 37.712264 ], [ -122.433682, 37.713181 ] ] ] } },
{ "type": "Feature", "properties": { "zip": "95412" }, "geometry": { "type": "Polygon", "coordinates": [ [ [ -123.499155, 38.778327 ], [ -123.368236, 38.777066 ], [ -123.368261, 38.782034 ], [ -123.364271, 38.781324 ], [ -123.357158, 38.778328 ], [ -123.351013, 38.777876 ], [ -123.349481, 38.778967 ], [ -123.346171, 38.779304 ], [ -123.345469, 38.770498 ], [ -123.34707, 38.769269 ], [ -123.346857, 38.768643 ], [ -123.345011, 38.768326 ], [ -123.345118, 38.769457 ], [ -123.343451, 38.770851 ], [ -123.339183, 38.769202 ], [ -123.340916, 38.768731 ], [ -123.34153, 38.769445 ], [ -123.342119, 38.765107 ], [ -123.344551, 38.764568 ], [ -123.344726, 38.762087 ], [ -123.343503, 38.760497 ], [ -123.343843, 38.759444 ], [ -123.337495, 38.759939 ], [ -123.32998, 38.757106 ], [ -123.325904, 38.756991 ], [ -123.317828, 38.751548 ], [ -123.314377, 38.751751 ], [ -123.314082, 38.753569 ], [ -123.31343, 38.752553 ], [ -123.311914, 38.752619 ], [ -123.309382, 38.75386 ], [ -123.304562, 38.754678 ], [ -123.30064, 38.757666 ], [ -123.299145, 38.757782 ], [ -123.289339, 38.75316 ], [ -123.278995, 38.74648 ], [ -123.27567, 38.745869 ], [ -123.269781, 38.739906 ], [ -123.26509, 38.73845 ], [ -123.265117, 38.744623 ], [ -123.246161, 38.744246 ], [ -123.24584, 38.751402 ], [ -123.244969, 38.749775 ], [ -123.243627, 38.749654 ], [ -123.241976, 38.74822 ], [ -123.240532, 38.745838 ], [ -123.240983, 38.744833 ], [ -123.240346, 38.74352 ], [ -123.241169, 38.742295 ], [ -123.244358, 38.742234 ], [ -123.243018, 38.739532 ], [ -123.244791, 38.73663 ], [ -123.246957, 38.737218 ], [ -123.246406, 38.735034 ], [ -123.247633, 38.734401 ], [ -123.249532, 38.734899 ], [ -123.249087, 38.733341 ], [ -123.25057, 38.733051 ], [ -123.250338, 38.732028 ], [ -123.251787, 38.730569 ], [ -123.255367, 38.731692 ], [ -123.25595, 38.730446 ], [ -123.254582, 38.730758 ], [ -123.249275, 38.729367 ], [ -123.24705, 38.726242 ], [ -123.246529, 38.723974 ], [ -123.243965, 38.72179 ], [ -123.241302, 38.72079 ], [ -123.241622, 38.717779 ], [ -123.238767, 38.716127 ], [ -123.233081, 38.717266 ], [ -123.229862, 38.715405 ], [ -123.227738, 38.71718 ], [ -123.226741, 38.715143 ], [ -123.225774, 38.715802 ], [ -123.222112, 38.713155 ], [ -123.217955, 38.713816 ], [ -123.215291, 38.715723 ], [ -123.208299, 38.712236 ], [ -123.201406, 38.71233 ], [ -123.193897, 38.70865 ], [ -123.189599, 38.70904 ], [ -123.182755, 38.711111 ], [ -123.177427, 38.710858 ], [ -123.16708, 38.704489 ], [ -123.162475, 38.700082 ], [ -123.159876, 38.694989 ], [ -123.156427, 38.694411 ], [ -123.153807, 38.692065 ], [ -123.155203, 38.689774 ], [ -123.154987, 38.691959 ], [ -123.156038, 38.69323 ], [ -123.160264, 38.692924 ], [ -123.160818, 38.691306 ], [ -123.159264, 38.6917 ], [ -123.157449, 38.690474 ], [ -123.157287, 38.68956 ], [ -123.159727, 38.685915 ], [ -123.161521, 38.685162 ], [ -123.157805, 38.683309 ], [ -123.156529, 38.684235 ], [ -123.154001, 38.683434 ], [ -123.150168, 38.685386 ], [ -123.146188, 38.685314 ], [ -123.139086, 38.679962 ], [ -123.14066, 38.679043 ], [ -123.139149, 38.676381 ], [ -123.140296, 38.673357 ], [ -123.146931, 38.675082 ], [ -123.149335, 38.674451 ], [ -123.149844, 38.673253 ], [ -123.154231, 38.673839 ], [ -123.157787, 38.672714 ], [ -123.160628, 38.674369 ], [ -123.162579, 38.673823 ], [ -123.166274, 38.675317 ], [ -123.169979, 38.674094 ], [ -123.171619, 38.671905 ], [ -123.17815, 38.671973 ], [ -123.180335, 38.67237 ], [ -123.182071, 38.673681 ], [ -123.183431, 38.672652 ], [ -123.189696, 38.671038 ], [ -123.192578, 38.67228 ], [ -123.195945, 38.672359 ], [ -123.190746, 38.669026 ], [ -123.188868, 38.666739 ], [ -123.189162, 38.664389 ], [ -123.174134, 38.66448 ], [ -123.176699, 38.657965 ], [ -123.177806, 38.656097 ], [ -123.183909, 38.655114 ], [ -123.185044, 38.65407 ], [ -123.191055, 38.652263 ], [ -123.192512, 38.650433 ], [ -123.195587, 38.649681 ], [ -123.198935, 38.645253 ], [ -123.202207, 38.648351 ], [ -123.205374, 38.648751 ], [ -123.206159, 38.649954 ], [ -123.208702, 38.649789 ], [ -123.209718, 38.650712 ], [ -123.209592, 38.65208 ], [ -123.210713, 38.652349 ], [ -123.211504, 38.651261 ], [ -123.214026, 38.650271 ], [ -123.213961, 38.645569 ], [ -123.214886, 38.6438 ], [ -123.213777, 38.639916 ], [ -123.214504, 38.639203 ], [ -123.214169, 38.64038 ], [ -123.215263, 38.641896 ], [ -123.215761, 38.645428 ], [ -123.214996, 38.645758 ], [ -123.214667, 38.649441 ], [ -123.21544, 38.650646 ], [ -123.21403, 38.652769 ], [ -123.218394, 38.657004 ], [ -123.218038, 38.658387 ], [ -123.219108, 38.657862 ], [ -123.22242, 38.659201 ], [ -123.220432, 38.659759 ], [ -123.223012, 38.661067 ], [ -123.224176, 38.660776 ], [ -123.224763, 38.659339 ], [ -123.226154, 38.661443 ], [ -123.228723, 38.662262 ], [ -123.230348, 38.659907 ], [ -123.232602, 38.65998 ], [ -123.234217, 38.662522 ], [ -123.233215, 38.671309 ], [ -123.23577, 38.674635 ], [ -123.242645, 38.677358 ], [ -123.245198, 38.675547 ], [ -123.245151, 38.669134 ], [ -123.247562, 38.668655 ], [ -123.252747, 38.663983 ], [ -123.257919, 38.661805 ], [ -123.258576, 38.659928 ], [ -123.262097, 38.659074 ], [ -123.262963, 38.657315 ], [ -123.262765, 38.655446 ], [ -123.265201, 38.653874 ], [ -123.266448, 38.653972 ], [ -123.26372, 38.651446 ], [ -123.264186, 38.650386 ], [ -123.263607, 38.648929 ], [ -123.261882, 38.647687 ], [ -123.262087, 38.645953 ], [ -123.254827, 38.641748 ], [ -123.251781, 38.638753 ], [ -123.250338, 38.636059 ], [ -123.251502, 38.634584 ], [ -123.250177, 38.63352 ], [ -123.250426, 38.63235 ], [ -123.263672, 38.631126 ], [ -123.276479, 38.631843 ], [ -123.280071, 38.634009 ], [ -123.284588, 38.63368 ], [ -123.286773, 38.635499 ], [ -123.289925, 38.634209 ], [ -123.2962, 38.6381 ], [ -123.300219, 38.643127 ], [ -123.304429, 38.643122 ], [ -123.306341, 38.644852 ], [ -123.306054, 38.647022 ], [ -123.309528, 38.647138 ], [ -123.310292, 38.650901 ], [ -123.313486, 38.651198 ], [ -123.313493, 38.652071 ], [ -123.315602, 38.652544 ], [ -123.315924, 38.654604 ], [ -123.318152, 38.654719 ], [ -123.317732, 38.656236 ], [ -123.318685, 38.656752 ], [ -123.320457, 38.66035 ], [ -123.321711, 38.661448 ], [ -123.325005, 38.662267 ], [ -123.32853, 38.666848 ], [ -123.329084, 38.669222 ], [ -123.33305, 38.669067 ], [ -123.335377, 38.669902 ], [ -123.338195, 38.673851 ], [ -123.344538, 38.676926 ], [ -123.34491, 38.677717 ], [ -123.343222, 38.679635 ], [ -123.344184, 38.683859 ], [ -123.345376, 38.684348 ], [ -123.34916, 38.683754 ], [ -123.351319, 38.684467 ], [ -123.354594, 38.687965 ], [ -123.357503, 38.68786 ], [ -123.357924, 38.689409 ], [ -123.360378, 38.689633 ], [ -123.36115, 38.690792 ], [ -123.360597, 38.692127 ], [ -123.358214, 38.692562 ], [ -123.358544, 38.694413 ], [ -123.365808, 38.696427 ], [ -123.369481, 38.695914 ], [ -123.371023, 38.696649 ], [ -123.372772, 38.700093 ], [ -123.374743, 38.70174 ], [ -123.377736, 38.700488 ], [ -123.387248, 38.701048 ], [ -123.390275, 38.703702 ], [ -123.38918, 38.706278 ], [ -123.389255, 38.709618 ], [ -123.388286, 38.711156 ], [ -123.389358, 38.71225 ], [ -123.391945, 38.711767 ], [ -123.395172, 38.709066 ], [ -123.39787, 38.711808 ], [ -123.401123, 38.711601 ], [ -123.407344, 38.708938 ], [ -123.407408, 38.705653 ], [ -123.4136, 38.699328 ], [ -123.41019, 38.699369 ], [ -123.407404, 38.696986 ], [ -123.404014, 38.697028 ], [ -123.401762, 38.697492 ], [ -123.402087, 38.698661 ], [ -123.398824, 38.6987 ], [ -123.396256, 38.697012 ], [ -123.394749, 38.691506 ], [ -123.393136, 38.691024 ], [ -123.385387, 38.682899 ], [ -123.377333, 38.680325 ], [ -123.374202, 38.68066 ], [ -123.37479, 38.682041 ], [ -123.37215, 38.682141 ], [ -123.371168, 38.6804 ], [ -123.371926, 38.678563 ], [ -123.367918, 38.677071 ], [ -123.367501, 38.676274 ], [ -123.36151, 38.675113 ], [ -123.355603, 38.669687 ], [ -123.354157, 38.666969 ], [ -123.355667, 38.66397 ], [ -123.35409, 38.660964 ], [ -123.350659, 38.66024 ], [ -123.348614, 38.658445 ], [ -123.34395, 38.657039 ], [ -123.345169, 38.655269 ], [ -123.347668, 38.655732 ], [ -123.353285, 38.653369 ], [ -123.353486, 38.654155 ], [ -123.355125, 38.653779 ], [ -123.356047, 38.654549 ], [ -123.357025, 38.653855 ], [ -123.358504, 38.655439 ], [ -123.361218, 38.655239 ], [ -123.367136, 38.650186 ], [ -123.368509, 38.650745 ], [ -123.36858, 38.65266 ], [ -123.370096, 38.653732 ], [ -123.367375, 38.653763 ], [ -123.366491, 38.654601 ], [ -123.367835, 38.65556 ], [ -123.37107, 38.654861 ], [ -123.372496, 38.655663 ], [ -123.371399, 38.656391 ], [ -123.37181, 38.659699 ], [ -123.374917, 38.661061 ], [ -123.374957, 38.662514 ], [ -123.375855, 38.663179 ], [ -123.377961, 38.662441 ], [ -123.379248, 38.66288 ], [ -123.380739, 38.667513 ], [ -123.384566, 38.669391 ], [ -123.389348, 38.673563 ], [ -123.389554, 38.674731 ], [ -123.395471, 38.67834 ], [ -123.401837, 38.686594 ], [ -123.404087, 38.687056 ], [ -123.405427, 38.689322 ], [ -123.409216, 38.690101 ], [ -123.410639, 38.691398 ], [ -123.410477, 38.693321 ], [ -123.411948, 38.695544 ], [ -123.415235, 38.697167 ], [ -123.416251, 38.698689 ], [ -123.415765, 38.700217 ], [ -123.417918, 38.702919 ], [ -123.422404, 38.704332 ], [ -123.426961, 38.709046 ], [ -123.429806, 38.713304 ], [ -123.435303, 38.716463 ], [ -123.43619, 38.719393 ], [ -123.437842, 38.720209 ], [ -123.44071, 38.724351 ], [ -123.443566, 38.725777 ], [ -123.44698, 38.730457 ], [ -123.452083, 38.733455 ], [ -123.453658, 38.737024 ], [ -123.45518, 38.738496 ], [ -123.45882, 38.740715 ], [ -123.469012, 38.749549 ], [ -123.472207, 38.751124 ], [ -123.478144, 38.758349 ], [ -123.479619, 38.763945 ], [ -123.48491, 38.766589 ], [ -123.487235, 38.769617 ], [ -123.491802, 38.772567 ], [ -123.496584, 38.777344 ], [ -123.499155, 38.778327 ] ] ] } },
{ "type": "Feature", "properties": { "zip": "94940" }, "geometry": { "type": "Polygon", "coordinates": [ [ [ -122.937912, 38.201372 ], [ -122.92222, 38.221978 ], [ -122.917466, 38.224172 ], [ -122.917457, 38.227464 ], [ -122.915189, 38.230251 ], [ -122.915172, 38.233029 ], [ -122.912817, 38.232749 ], [ -122.908053, 38.229374 ], [ -122.907795, 38.228122 ], [ -122.910352, 38.225782 ], [ -122.910381, 38.224738 ], [ -122.902561, 38.220681 ], [ -122.901105, 38.221862 ], [ -122.902156, 38.224214 ], [ -122.897073, 38.221718 ], [ -122.895812, 38.222882 ], [ -122.896255, 38.226223 ], [ -122.895586, 38.227892 ], [ -122.892967, 38.227732 ], [ -122.89232, 38.22593 ], [ -122.893032, 38.22498 ], [ -122.890547, 38.222254 ], [ -122.890626, 38.218798 ], [ -122.889059, 38.217863 ], [ -122.889813, 38.215644 ], [ -122.892216, 38.214046 ], [ -122.890636, 38.212886 ], [ -122.880344, 38.213019 ], [ -122.879718, 38.212497 ], [ -122.880269, 38.210811 ], [ -122.882422, 38.209498 ], [ -122.882137, 38.208493 ], [ -122.877348, 38.207243 ], [ -122.876104, 38.207677 ], [ -122.875395, 38.20904 ], [ -122.875913, 38.212501 ], [ -122.877294, 38.213018 ], [ -122.877356, 38.214583 ], [ -122.875463, 38.216275 ], [ -122.870657, 38.21497 ], [ -122.869252, 38.216399 ], [ -122.862704, 38.2146 ], [ -122.859883, 38.212206 ], [ -122.860395, 38.208244 ], [ -122.859169, 38.20636 ], [ -122.86008, 38.205168 ], [ -122.858749, 38.203614 ], [ -122.858672, 38.201954 ], [ -122.860473, 38.199245 ], [ -122.856825, 38.200016 ], [ -122.856458, 38.202202 ], [ -122.85487, 38.202258 ], [ -122.8545, 38.199138 ], [ -122.853454, 38.197781 ], [ -122.849673, 38.19615 ], [ -122.848392, 38.196777 ], [ -122.846282, 38.195382 ], [ -122.845899, 38.193811 ], [ -122.842919, 38.19235 ], [ -122.841638, 38.19284 ], [ -122.83911, 38.189884 ], [ -122.839169, 38.187944 ], [ -122.839756, 38.189621 ], [ -122.841564, 38.191151 ], [ -122.847066, 38.191681 ], [ -122.848477, 38.193302 ], [ -122.850171, 38.19344 ], [ -122.851307, 38.191021 ], [ -122.852489, 38.19027 ], [ -122.853382, 38.186958 ], [ -122.852893, 38.186249 ], [ -122.856923, 38.182564 ], [ -122.856891, 38.181305 ], [ -122.858974, 38.178543 ], [ -122.865103, 38.174884 ], [ -122.86807, 38.17099 ], [ -122.87013, 38.16618 ], [ -122.874165, 38.164768 ], [ -122.874133, 38.16407 ], [ -122.866801, 38.159123 ], [ -122.864243, 38.155929 ], [ -122.862353, 38.155808 ], [ -122.861336, 38.153558 ], [ -122.854567, 38.150192 ], [ -122.845413, 38.151742 ], [ -122.839754, 38.148678 ], [ -122.835624, 38.148307 ], [ -122.83219, 38.15017 ], [ -122.828886, 38.14958 ], [ -122.82655, 38.150246 ], [ -122.82246, 38.14934 ], [ -122.816759, 38.152565 ], [ -122.804414, 38.144922 ], [ -122.805033, 38.14037 ], [ -122.801718, 38.137377 ], [ -122.77805, 38.120562 ], [ -122.780315, 38.121464 ], [ -122.780551, 38.120682 ], [ -122.784498, 38.118618 ], [ -122.785005, 38.116752 ], [ -122.783153, 38.114854 ], [ -122.783458, 38.113415 ], [ -122.784778, 38.112595 ], [ -122.790043, 38.111992 ], [ -122.791005, 38.112502 ], [ -122.790891, 38.115685 ], [ -122.794338, 38.112896 ], [ -122.801605, 38.114037 ], [ -122.80682, 38.111282 ], [ -122.809101, 38.101538 ], [ -122.814824, 38.093914 ], [ -122.818162, 38.093035 ], [ -122.817153, 38.092415 ], [ -122.818777, 38.090733 ], [ -122.825634, 38.090354 ], [ -122.826325, 38.085008 ], [ -122.827377, 38.082742 ], [ -122.833173, 38.089717 ], [ -122.839973, 38.095956 ], [ -122.852047, 38.103766 ], [ -122.865861, 38.115149 ], [ -122.876105, 38.121959 ], [ -122.881154, 38.126921 ], [ -122.893512, 38.148576 ], [ -122.907214, 38.167637 ], [ -122.932002, 38.19792 ], [ -122.937912, 38.201372 ] ] ] } },
{ "type": "Feature", "properties": { "zip": "94132" }, "geometry": { "type": "Polygon", "coordinates": [ [ [ -122.508121548602006, 37.735439533220202 ], [ -122.502031, 37.735515 ], [ -122.497487, 37.733925 ], [ -122.491294, 37.734096 ], [ -122.49027, 37.735606 ], [ -122.491285, 37.737303 ], [ -122.490364, 37.73793 ], [ -122.488943, 37.736898 ], [ -122.486086, 37.73653 ], [ -122.483244, 37.737463 ], [ -122.47142, 37.737628 ], [ -122.473112, 37.721876 ], [ -122.464984, 37.721676 ], [ -122.463238, 37.723146 ], [ -122.462271, 37.723021 ], [ -122.462556, 37.711254 ], [ -122.460858, 37.710586 ], [ -122.465994, 37.710154 ], [ -122.468939, 37.708232 ], [ -122.498302, 37.708132 ], [ -122.498442, 37.714886 ], [ -122.503128, 37.725218 ], [ -122.507057485355006, 37.727836084742201 ], [ -122.508121548602006, 37.735439533220202 ] ] ] } },
{ "type": "Feature", "properties": { "zip": "95014" }, "geometry": { "type": "Polygon", "coordinates": [ [ [ -122.143537, 37.292109 ], [ -122.142598, 37.293976 ], [ -122.135167, 37.293655 ], [ -122.134982, 37.301642 ], [ -122.132738, 37.309531 ], [ -122.131679, 37.340123 ], [ -122.122243, 37.338511 ], [ -122.118506, 37.336646 ], [ -122.107153, 37.336646 ], [ -122.098262, 37.331416 ], [ -122.09339, 37.33361 ], [ -122.0926, 37.33577 ], [ -122.09098, 37.336116 ], [ -122.089656, 37.340627 ], [ -122.083166, 37.336886 ], [ -122.083371, 37.333864 ], [ -122.080826, 37.331947 ], [ -122.079695, 37.334094 ], [ -122.071637, 37.331325 ], [ -122.069709, 37.329723 ], [ -122.068883, 37.331397 ], [ -122.062256, 37.329849 ], [ -122.06229, 37.32871 ], [ -122.060292, 37.328539 ], [ -122.059654, 37.329347 ], [ -122.06082, 37.331096 ], [ -122.06383, 37.33349 ], [ -122.06833, 37.33419 ], [ -122.068029, 37.335452 ], [ -122.06382, 37.334151 ], [ -122.067559, 37.337473 ], [ -122.05948, 37.33753 ], [ -122.05573, 37.33257 ], [ -122.051028, 37.333498 ], [ -122.050534, 37.33754 ], [ -122.044867, 37.337544 ], [ -122.044828, 37.33438 ], [ -122.043695, 37.334204 ], [ -122.043708, 37.337554 ], [ -122.03673, 37.33757 ], [ -122.036755, 37.339426 ], [ -122.032393, 37.339446 ], [ -122.03239, 37.33761 ], [ -122.019621, 37.337704 ], [ -122.019991, 37.333354 ], [ -122.018638, 37.332929 ], [ -122.016455, 37.333143 ], [ -122.016433, 37.337726 ], [ -122.002386, 37.337801 ], [ -122.002424, 37.33408 ], [ -122.00457, 37.334073 ], [ -122.004672, 37.332294 ], [ -122.0058, 37.33228 ], [ -122.00649, 37.32295 ], [ -121.99986, 37.32294 ], [ -121.995842, 37.320498 ], [ -121.996058, 37.309586 ], [ -122.00771, 37.31068 ], [ -122.02111, 37.30954 ], [ -122.03157, 37.312299 ], [ -122.034323, 37.312316 ], [ -122.034318, 37.310072 ], [ -122.032939, 37.308244 ], [ -122.033363, 37.304934 ], [ -122.035143, 37.303787 ], [ -122.032393, 37.302057 ], [ -122.032264, 37.293965 ], [ -122.04743, 37.293748 ], [ -122.049487, 37.292967 ], [ -122.050619, 37.297407 ], [ -122.056326, 37.29737 ], [ -122.059558, 37.296184 ], [ -122.059571, 37.290099 ], [ -122.064078, 37.290086 ], [ -122.064038, 37.286351 ], [ -122.065972, 37.286342 ], [ -122.066472, 37.289342 ], [ -122.078101, 37.286131 ], [ -122.077343, 37.284447 ], [ -122.075281, 37.283823 ], [ -122.07398, 37.28111 ], [ -122.07267, 37.28034 ], [ -122.07537, 37.27634 ], [ -122.08087, 37.27264 ], [ -122.087774, 37.271441 ], [ -122.088039, 37.270456 ], [ -122.09155, 37.268237 ], [ -122.095108, 37.268684 ], [ -122.095276, 37.265834 ], [ -122.09655, 37.26546 ], [ -122.099629, 37.266633 ], [ -122.099648, 37.268161 ], [ -122.103897, 37.268467 ], [ -122.104046, 37.265906 ], [ -122.107463, 37.26593 ], [ -122.107511, 37.264594 ], [ -122.112813, 37.264508 ], [ -122.11293, 37.2719 ], [ -122.134343, 37.27168 ], [ -122.135817, 37.272397 ], [ -122.134828, 37.274342 ], [ -122.135565, 37.274831 ], [ -122.135337, 37.27632 ], [ -122.132362, 37.28256 ], [ -122.133035, 37.283517 ], [ -122.139958, 37.285811 ], [ -122.14268, 37.288241 ], [ -122.143537, 37.292109 ] ] ] } },
{ "type": "Feature", "properties": { "zip": "95436" }, "geometry": { "type": "Polygon", "coordinates": [ [ [ -122.973289, 38.485108 ], [ -122.971945, 38.48589 ], [ -122.966499, 38.486313 ], [ -122.959112, 38.485402 ], [ -122.959104, 38.486388 ], [ -122.956434, 38.486699 ], [ -122.956379, 38.487994 ], [ -122.949734, 38.487926 ], [ -122.949768, 38.494997 ], [ -122.945584, 38.494895 ], [ -122.945646, 38.498577 ], [ -122.943666, 38.503628 ], [ -122.945875, 38.503604 ], [ -122.946114, 38.504611 ], [ -122.961779, 38.50128 ], [ -122.961474, 38.505889 ], [ -122.946436, 38.506912 ], [ -122.944136, 38.506452 ], [ -122.942932, 38.5088 ], [ -122.942895, 38.512852 ], [ -122.944242, 38.514635 ], [ -122.946184, 38.51523 ], [ -122.946852, 38.517077 ], [ -122.954829, 38.517525 ], [ -122.954926, 38.533206 ], [ -122.954049, 38.536116 ], [ -122.954894, 38.535618 ], [ -122.95657, 38.537369 ], [ -122.955761, 38.537694 ], [ -122.958008, 38.539094 ], [ -122.957924, 38.540337 ], [ -122.960845, 38.539303 ], [ -122.963506, 38.540636 ], [ -122.962706, 38.541464 ], [ -122.963853, 38.541459 ], [ -122.963741, 38.544981 ], [ -122.947329, 38.544882 ], [ -122.946406, 38.538137 ], [ -122.942298, 38.538179 ], [ -122.938618, 38.536437 ], [ -122.937071, 38.536542 ], [ -122.936643, 38.535715 ], [ -122.928956, 38.537153 ], [ -122.927183, 38.535582 ], [ -122.927137, 38.524139 ], [ -122.918085, 38.525068 ], [ -122.917961, 38.51006 ], [ -122.912865, 38.510755 ], [ -122.905362, 38.50767 ], [ -122.903224, 38.505845 ], [ -122.901348, 38.505844 ], [ -122.899309, 38.502388 ], [ -122.895615, 38.501708 ], [ -122.892206, 38.501954 ], [ -122.888542, 38.503665 ], [ -122.886879, 38.505384 ], [ -122.886436, 38.508128 ], [ -122.88339, 38.507429 ], [ -122.884439, 38.505841 ], [ -122.88623, 38.497816 ], [ -122.890911, 38.493771 ], [ -122.893045, 38.493786 ], [ -122.889592, 38.49337 ], [ -122.888287, 38.49197 ], [ -122.885288, 38.491577 ], [ -122.881449, 38.494181 ], [ -122.879201, 38.493749 ], [ -122.878282, 38.49427 ], [ -122.877775, 38.496926 ], [ -122.869821, 38.496324 ], [ -122.866844, 38.497653 ], [ -122.865159, 38.501471 ], [ -122.861459, 38.502799 ], [ -122.881444, 38.50271 ], [ -122.882591, 38.505 ], [ -122.882455, 38.507278 ], [ -122.883848, 38.512002 ], [ -122.882658, 38.514209 ], [ -122.879731, 38.516269 ], [ -122.877371, 38.516747 ], [ -122.870391, 38.513609 ], [ -122.868801, 38.513402 ], [ -122.865829, 38.514774 ], [ -122.865429, 38.513787 ], [ -122.86226, 38.51278 ], [ -122.858178, 38.513051 ], [ -122.860367, 38.507805 ], [ -122.861023, 38.503229 ], [ -122.857605, 38.501964 ], [ -122.856898, 38.497751 ], [ -122.854155, 38.496112 ], [ -122.854222, 38.499031 ], [ -122.8488, 38.498441 ], [ -122.848821, 38.500949 ], [ -122.844465, 38.500899 ], [ -122.844256, 38.492297 ], [ -122.845001, 38.488798 ], [ -122.84165, 38.485264 ], [ -122.842484, 38.48443 ], [ -122.849386, 38.483589 ], [ -122.85224, 38.485383 ], [ -122.851614, 38.482013 ], [ -122.85966, 38.479404 ], [ -122.860695, 38.478755 ], [ -122.859495, 38.47671 ], [ -122.86128, 38.475782 ], [ -122.862143, 38.474249 ], [ -122.864803, 38.474623 ], [ -122.866792, 38.470674 ], [ -122.868983, 38.471238 ], [ -122.874024, 38.468275 ], [ -122.867474, 38.462065 ], [ -122.876317, 38.462039 ], [ -122.876917, 38.461123 ], [ -122.87851, 38.462674 ], [ -122.880072, 38.462653 ], [ -122.883931, 38.460991 ], [ -122.886818, 38.465688 ], [ -122.889195, 38.467549 ], [ -122.889883, 38.467343 ], [ -122.89353, 38.464457 ], [ -122.896696, 38.463381 ], [ -122.893809, 38.454606 ], [ -122.897499, 38.454045 ], [ -122.897475, 38.452794 ], [ -122.899116, 38.452512 ], [ -122.900413, 38.453033 ], [ -122.901913, 38.459362 ], [ -122.935054, 38.458728 ], [ -122.936055, 38.461105 ], [ -122.936103, 38.473297 ], [ -122.942232, 38.47328 ], [ -122.941975, 38.464378 ], [ -122.944797, 38.463536 ], [ -122.944991, 38.461444 ], [ -122.945841, 38.462594 ], [ -122.94809, 38.462983 ], [ -122.948441, 38.462401 ], [ -122.949264, 38.464378 ], [ -122.948922, 38.466667 ], [ -122.953234, 38.466245 ], [ -122.954178, 38.463634 ], [ -122.953762, 38.462445 ], [ -122.955004, 38.461454 ], [ -122.956569, 38.461625 ], [ -122.95636, 38.460247 ], [ -122.957293, 38.459894 ], [ -122.960818, 38.461347 ], [ -122.963473, 38.464502 ], [ -122.965113, 38.464795 ], [ -122.969281, 38.462804 ], [ -122.969963, 38.461583 ], [ -122.973017, 38.461417 ], [ -122.973289, 38.485108 ] ] ] } },
{ "type": "Feature", "properties": { "zip": "94588" }, "geometry": { "type": "MultiPolygon", "coordinates": [ [ [ [ -121.893526, 37.845682 ], [ -121.846844, 37.845847 ], [ -121.84327, 37.840374 ], [ -121.83914, 37.839627 ], [ -121.835573, 37.837639 ], [ -121.832513, 37.837923 ], [ -121.832454, 37.835913 ], [ -121.830146, 37.835732 ], [ -121.828764, 37.833809 ], [ -121.82733, 37.83331 ], [ -121.827613, 37.831991 ], [ -121.824687, 37.831041 ], [ -121.823216, 37.828203 ], [ -121.82306, 37.81755 ], [ -121.824349, 37.817511 ], [ -121.824349, 37.810161 ], [ -121.823021, 37.810157 ], [ -121.82304, 37.782835 ], [ -121.822136, 37.782816 ], [ -121.822251, 37.779891 ], [ -121.823271, 37.777833 ], [ -121.822175, 37.776678 ], [ -121.822995, 37.774567 ], [ -121.82306, 37.766894 ], [ -121.825869, 37.766927 ], [ -121.824537, 37.76544 ], [ -121.831929, 37.767039 ], [ -121.832416, 37.756059 ], [ -121.834604, 37.752193 ], [ -121.836695, 37.750267 ], [ -121.835125, 37.746392 ], [ -121.8381, 37.738841 ], [ -121.837315, 37.733675 ], [ -121.842715, 37.733317 ], [ -121.845063, 37.732258 ], [ -121.850608, 37.734061 ], [ -121.850727, 37.744942 ], [ -121.870733, 37.740086 ], [ -121.871624, 37.743172 ], [ -121.871569, 37.749456 ], [ -121.874921, 37.749589 ], [ -121.875798, 37.75154 ], [ -121.872984, 37.754316 ], [ -121.868081, 37.756638 ], [ -121.86633, 37.765415 ], [ -121.861702, 37.775838 ], [ -121.864188, 37.788418 ], [ -121.863785, 37.790962 ], [ -121.865054, 37.79496 ], [ -121.86393, 37.797426 ], [ -121.86186, 37.799344 ], [ -121.860151, 37.804137 ], [ -121.86042, 37.806046 ], [ -121.858757, 37.808319 ], [ -121.860624, 37.806331 ], [ -121.86056, 37.803554 ], [ -121.866661, 37.807209 ], [ -121.87647, 37.809811 ], [ -121.874979, 37.81108 ], [ -121.874803, 37.813137 ], [ -121.871855, 37.817187 ], [ -121.871678, 37.819764 ], [ -121.86875, 37.822051 ], [ -121.866077, 37.826095 ], [ -121.862967, 37.833625 ], [ -121.895966, 37.83823 ], [ -121.893526, 37.845682 ] ] ], [ [ [ -121.983491, 37.689006 ], [ -121.976844, 37.689668 ], [ -121.974691, 37.695346 ], [ -121.976002, 37.696124 ], [ -121.973317, 37.697033 ], [ -121.979666, 37.698032 ], [ -121.979372, 37.69883 ], [ -121.967972, 37.697374 ], [ -121.956222, 37.698612 ], [ -121.935665, 37.698469 ], [ -121.916445, 37.702018 ], [ -121.849501, 37.701354 ], [ -121.848357, 37.699727 ], [ -121.848166, 37.692686 ], [ -121.846715, 37.691697 ], [ -121.842865, 37.691276 ], [ -121.832208, 37.680588 ], [ -121.82683, 37.67632 ], [ -121.826775, 37.674345 ], [ -121.83758, 37.673169 ], [ -121.837544, 37.678859 ], [ -121.846801, 37.675772 ], [ -121.850431, 37.675856 ], [ -121.849999, 37.679548 ], [ -121.848774, 37.68076 ], [ -121.849132, 37.693695 ], [ -121.854239, 37.693764 ], [ -121.854244, 37.691236 ], [ -121.862578, 37.691309 ], [ -121.862652, 37.682004 ], [ -121.859979, 37.682024 ], [ -121.859998, 37.678299 ], [ -121.861304, 37.678966 ], [ -121.863888, 37.676593 ], [ -121.866718, 37.678665 ], [ -121.866408, 37.679792 ], [ -121.868921, 37.681919 ], [ -121.871213, 37.681916 ], [ -121.877311, 37.686155 ], [ -121.878146, 37.688893 ], [ -121.886835, 37.686248 ], [ -121.884179, 37.683506 ], [ -121.896277, 37.677703 ], [ -121.895828, 37.676721 ], [ -121.893416, 37.676759 ], [ -121.895305, 37.674929 ], [ -121.898383, 37.676847 ], [ -121.91101, 37.671534 ], [ -121.909075, 37.665929 ], [ -121.906473, 37.661597 ], [ -121.905112, 37.655368 ], [ -121.90416, 37.655787 ], [ -121.901234, 37.654568 ], [ -121.902047, 37.653564 ], [ -121.897738, 37.647588 ], [ -121.896853, 37.644525 ], [ -121.897814, 37.643911 ], [ -121.893279, 37.63973 ], [ -121.897135, 37.641796 ], [ -121.897142, 37.637444 ], [ -121.90568, 37.632434 ], [ -121.912314, 37.63267 ], [ -121.911612, 37.632478 ], [ -121.912794, 37.632491 ], [ -121.912963, 37.631656 ], [ -121.91481, 37.633934 ], [ -121.914831, 37.635091 ], [ -121.923269, 37.643332 ], [ -121.93061, 37.655895 ], [ -121.93179, 37.660558 ], [ -121.937484, 37.663591 ], [ -121.941684, 37.663376 ], [ -121.947639, 37.664955 ], [ -121.952768, 37.669006 ], [ -121.952791, 37.671855 ], [ -121.96134, 37.675015 ], [ -121.964067, 37.671479 ], [ -121.967597, 37.671429 ], [ -121.973332, 37.674138 ], [ -121.974831, 37.674045 ], [ -121.976811, 37.675482 ], [ -121.979823, 37.680226 ], [ -121.983491, 37.689006 ] ] ] ] } },
{ "type": "Feature", "properties": { "zip": "94556" }, "geometry": { "type": "Polygon", "coordinates": [ [ [ -122.156741, 37.843638 ], [ -122.148685, 37.839188 ], [ -122.14604, 37.838867 ], [ -122.143451, 37.84195 ], [ -122.142351, 37.841358 ], [ -122.140523, 37.844245 ], [ -122.142392, 37.84734 ], [ -122.139444, 37.849036 ], [ -122.140324, 37.851951 ], [ -122.142597, 37.852651 ], [ -122.142938, 37.863284 ], [ -122.144363, 37.862697 ], [ -122.144288, 37.865644 ], [ -122.14323, 37.86591 ], [ -122.142905, 37.867282 ], [ -122.144251, 37.868521 ], [ -122.141829, 37.8685 ], [ -122.141787, 37.872129 ], [ -122.136104, 37.872095 ], [ -122.136067, 37.875717 ], [ -122.13379, 37.875696 ], [ -122.133794, 37.874795 ], [ -122.128407, 37.874998 ], [ -122.128444, 37.873568 ], [ -122.126772, 37.87269 ], [ -122.116209, 37.873642 ], [ -122.115868, 37.874616 ], [ -122.112522, 37.874317 ], [ -122.112314, 37.873304 ], [ -122.105693, 37.871931 ], [ -122.107126, 37.86886 ], [ -122.106768, 37.867758 ], [ -122.108197, 37.867767 ], [ -122.109737, 37.866475 ], [ -122.109734, 37.864612 ], [ -122.106655, 37.862894 ], [ -122.106147, 37.857985 ], [ -122.10298, 37.85799 ], [ -122.107742, 37.850713 ], [ -122.087826, 37.850954 ], [ -122.088232, 37.849266 ], [ -122.079624, 37.849443 ], [ -122.079842, 37.851301 ], [ -122.077976, 37.852496 ], [ -122.079926, 37.8542 ], [ -122.079975, 37.856758 ], [ -122.077987, 37.856751 ], [ -122.078279, 37.855784 ], [ -122.075296, 37.853576 ], [ -122.071242, 37.852045 ], [ -122.061659, 37.845866 ], [ -122.061419, 37.835609 ], [ -122.070669, 37.835559 ], [ -122.070776, 37.828766 ], [ -122.06702, 37.828516 ], [ -122.063214, 37.825795 ], [ -122.061468, 37.823464 ], [ -122.054644, 37.821059 ], [ -122.044295, 37.812123 ], [ -122.047784, 37.812066 ], [ -122.050492, 37.809681 ], [ -122.047842, 37.805681 ], [ -122.046744, 37.805327 ], [ -122.046422, 37.80395 ], [ -122.042808, 37.801975 ], [ -122.044117, 37.800617 ], [ -122.043166, 37.799159 ], [ -122.043271, 37.796629 ], [ -122.045473, 37.798126 ], [ -122.138651, 37.804632 ], [ -122.139764, 37.807792 ], [ -122.146486, 37.818422 ], [ -122.143594, 37.822217 ], [ -122.145579, 37.825131 ], [ -122.149376, 37.828209 ], [ -122.155768, 37.831814 ], [ -122.156008, 37.837467 ], [ -122.158533, 37.8419 ], [ -122.156741, 37.843638 ] ], [ [ -122.114897, 37.842266 ], [ -122.114188, 37.839857 ], [ -122.109235, 37.838237 ], [ -122.105404, 37.843436 ], [ -122.108751, 37.847337 ], [ -122.110604, 37.844941 ], [ -122.115822, 37.842512 ], [ -122.114897, 37.842266 ] ] ] } },
{ "type": "Feature", "properties": { "zip": "94572" }, "geometry": { "type": "Polygon", "coordinates": [ [ [ -122.274655, 38.034811 ], [ -122.273418, 38.037582 ], [ -122.273948775050002, 38.038569051339699 ], [ -122.271889, 38.038553 ], [ -122.272201, 38.039389 ], [ -122.271625, 38.038696 ], [ -122.27086, 38.039064 ], [ -122.271088, 38.040806 ], [ -122.272552537614004, 38.039879216781898 ], [ -122.271421, 38.040941 ], [ -122.270678682617998, 38.040965749449498 ], [ -122.270381, 38.038525 ], [ -122.267602, 38.039046 ], [ -122.264719, 38.040051 ], [ -122.26459, 38.042201 ], [ -122.262835, 38.042582 ], [ -122.262162, 38.0509 ], [ -122.260577, 38.051652 ], [ -122.261693, 38.056168 ], [ -122.263881, 38.056191 ], [ -122.259614, 38.057063 ], [ -122.261199, 38.056262 ], [ -122.260091, 38.051783 ], [ -122.255568, 38.051303 ], [ -122.254435, 38.052627 ], [ -122.251836, 38.052878 ], [ -122.251161, 38.054405 ], [ -122.248227, 38.056618 ], [ -122.246186, 38.055697 ], [ -122.25031, 38.051656 ], [ -122.245934, 38.055517 ], [ -122.240952, 38.057908 ], [ -122.234383, 38.056951 ], [ -122.235611, 38.055084 ], [ -122.241317, 38.05533 ], [ -122.241582, 38.05186 ], [ -122.245504, 38.050474 ], [ -122.247814, 38.048767 ], [ -122.248536, 38.04955 ], [ -122.250753, 38.048217 ], [ -122.255319, 38.049756 ], [ -122.256582, 38.049007 ], [ -122.260209, 38.042684 ], [ -122.258864, 38.042289 ], [ -122.255412, 38.04322 ], [ -122.251883, 38.040928 ], [ -122.254321, 38.038884 ], [ -122.250557, 38.036796 ], [ -122.251603, 38.034281 ], [ -122.24764, 38.038456 ], [ -122.238234, 38.045168 ], [ -122.232531, 38.043552 ], [ -122.2264, 38.044617 ], [ -122.223573, 38.043352 ], [ -122.207329, 38.028878 ], [ -122.199771, 38.026022 ], [ -122.195971, 38.022971 ], [ -122.19495, 38.019968 ], [ -122.190888, 38.016953 ], [ -122.190383, 38.01566 ], [ -122.205052, 38.008888 ], [ -122.21071, 38.007682 ], [ -122.209656, 38.007606 ], [ -122.209618, 37.996169 ], [ -122.230209, 37.996378 ], [ -122.234892, 38.004489 ], [ -122.236505, 38.003733 ], [ -122.2391, 38.007218 ], [ -122.248065, 38.008679 ], [ -122.274655, 38.034811 ] ] ] } },
{ "type": "Feature", "properties": { "zip": "94015" }, "geometry": { "type": "Polygon", "coordinates": [ [ [ -122.502426880724002, 37.708132986105802 ], [ -122.468939, 37.708232 ], [ -122.471724, 37.705024 ], [ -122.471587, 37.698025 ], [ -122.470603, 37.693306 ], [ -122.471568, 37.678042 ], [ -122.466162, 37.669648 ], [ -122.464231, 37.670718 ], [ -122.460068, 37.666835 ], [ -122.461806, 37.665697 ], [ -122.460525, 37.664057 ], [ -122.463414, 37.662349 ], [ -122.463833, 37.661069 ], [ -122.457616, 37.656732 ], [ -122.456121, 37.653992 ], [ -122.453794, 37.655921 ], [ -122.450394, 37.648505 ], [ -122.455649, 37.650555 ], [ -122.458997, 37.64983 ], [ -122.469055, 37.650391 ], [ -122.471864, 37.64914 ], [ -122.471338, 37.653036 ], [ -122.476788, 37.661982 ], [ -122.481598, 37.666134 ], [ -122.484867, 37.666368 ], [ -122.485016, 37.664289 ], [ -122.485725, 37.664311 ], [ -122.484728, 37.662489 ], [ -122.485744, 37.6615 ], [ -122.490207, 37.661098 ], [ -122.493743, 37.664411 ], [ -122.495378215781997, 37.664349843544599 ], [ -122.496784, 37.686433 ], [ -122.502426880724002, 37.708132986105802 ] ] ] } },
{ "type": "Feature", "properties": { "zip": "94618" }, "geometry": { "type": "Polygon", "coordinates": [ [ [ -122.262361, 37.837314 ], [ -122.257923, 37.842606 ], [ -122.258584, 37.842397 ], [ -122.256319, 37.846106 ], [ -122.257251, 37.853176 ], [ -122.253346, 37.85383 ], [ -122.252503, 37.850826 ], [ -122.24738, 37.851648 ], [ -122.246356, 37.850307 ], [ -122.245739, 37.852241 ], [ -122.234191, 37.852544 ], [ -122.234305, 37.853607 ], [ -122.227052, 37.857199 ], [ -122.224595, 37.855367 ], [ -122.223955, 37.853603 ], [ -122.22354, 37.854923 ], [ -122.221609, 37.855291 ], [ -122.222621, 37.857711 ], [ -122.22108, 37.860114 ], [ -122.219391, 37.859546 ], [ -122.219349, 37.857728 ], [ -122.21784, 37.85726 ], [ -122.217893, 37.856628 ], [ -122.215561, 37.856181 ], [ -122.218889, 37.854762 ], [ -122.217427, 37.854371 ], [ -122.221153, 37.85292 ], [ -122.224327, 37.84861 ], [ -122.228003, 37.848244 ], [ -122.227559, 37.845474 ], [ -122.2171, 37.832758 ], [ -122.221884, 37.832504 ], [ -122.224456, 37.830256 ], [ -122.22629, 37.829707 ], [ -122.231385, 37.831458 ], [ -122.230793, 37.832716 ], [ -122.22701, 37.832664 ], [ -122.225609, 37.834845 ], [ -122.232077, 37.836586 ], [ -122.236315, 37.840035 ], [ -122.239708, 37.838586 ], [ -122.24412, 37.835163 ], [ -122.248986, 37.833092 ], [ -122.247952, 37.835008 ], [ -122.251618, 37.835615 ], [ -122.252304, 37.834482 ], [ -122.254012, 37.834209 ], [ -122.255087, 37.835058 ], [ -122.254283, 37.83546 ], [ -122.260012, 37.837011 ], [ -122.260542, 37.837942 ], [ -122.260872, 37.837124 ], [ -122.262361, 37.837314 ] ] ] } },
{ "type": "Feature", "properties": { "zip": "94118" }, "geometry": { "type": "Polygon", "coordinates": [ [ [ -122.484194, 37.772569 ], [ -122.475614, 37.772962 ], [ -122.475453, 37.77819 ], [ -122.476025, 37.778554 ], [ -122.476013, 37.785775 ], [ -122.476625, 37.786796 ], [ -122.470912, 37.787221 ], [ -122.449426, 37.791637 ], [ -122.44794, 37.792904 ], [ -122.446793, 37.787262 ], [ -122.44762, 37.785084 ], [ -122.446422, 37.78537 ], [ -122.445826, 37.782512 ], [ -122.444441, 37.782678 ], [ -122.446197, 37.780031 ], [ -122.44478, 37.776017 ], [ -122.446471, 37.775802 ], [ -122.446643, 37.776659 ], [ -122.449379, 37.776338 ], [ -122.449202, 37.775454 ], [ -122.458371, 37.774309 ], [ -122.455674, 37.772839 ], [ -122.456839, 37.770992 ], [ -122.459162, 37.771314 ], [ -122.459901, 37.770442 ], [ -122.464402, 37.769669 ], [ -122.467004, 37.768013 ], [ -122.469758, 37.769209 ], [ -122.472245, 37.76861 ], [ -122.472644, 37.767537 ], [ -122.472718, 37.768464 ], [ -122.471609, 37.76986 ], [ -122.473735, 37.769528 ], [ -122.476186, 37.770251 ], [ -122.476142, 37.770985 ], [ -122.473655, 37.771156 ], [ -122.475553, 37.771711 ], [ -122.479895, 37.770496 ], [ -122.484194, 37.772569 ] ] ] } },
{ "type": "Feature", "properties": { "zip": "95391" }, "geometry": { "type": "Polygon", "coordinates": [ [ [ -121.672512, 37.772452 ], [ -121.66859, 37.77963 ], [ -121.670073, 37.78217 ], [ -121.670372, 37.789014 ], [ -121.623307, 37.800119 ], [ -121.623299, 37.799131 ], [ -121.625965, 37.796505 ], [ -121.625988, 37.794032 ], [ -121.624943, 37.792079 ], [ -121.623258, 37.791082 ], [ -121.623243, 37.783188 ], [ -121.621536, 37.784161 ], [ -121.621618, 37.786481 ], [ -121.618782, 37.787509 ], [ -121.606159, 37.787484 ], [ -121.604901, 37.78984 ], [ -121.604908, 37.794861 ], [ -121.593131, 37.794824 ], [ -121.587444, 37.791885 ], [ -121.588893, 37.788177 ], [ -121.587016, 37.787238 ], [ -121.586955, 37.786041 ], [ -121.585491, 37.785857 ], [ -121.583827, 37.782401 ], [ -121.582439, 37.782401 ], [ -121.578258, 37.779885 ], [ -121.578684, 37.778726 ], [ -121.572872, 37.776535 ], [ -121.565028, 37.775887 ], [ -121.564539, 37.774735 ], [ -121.560999, 37.772965 ], [ -121.558451, 37.770645 ], [ -121.55697, 37.771395 ], [ -121.557038, 37.815988 ], [ -121.556936, 37.817218 ], [ -121.555073, 37.817442 ], [ -121.546195, 37.811436 ], [ -121.542609, 37.810543 ], [ -121.538488, 37.807321 ], [ -121.532959, 37.805224 ], [ -121.526116, 37.798737 ], [ -121.522918, 37.797827 ], [ -121.513377, 37.78898 ], [ -121.513317, 37.771635 ], [ -121.531537, 37.782625 ], [ -121.531681, 37.77285 ], [ -121.522415, 37.772835 ], [ -121.522885, 37.771193 ], [ -121.525024, 37.769162 ], [ -121.522386, 37.769195 ], [ -121.522357, 37.765563 ], [ -121.528062, 37.765492 ], [ -121.524128, 37.763044 ], [ -121.520889, 37.759517 ], [ -121.517326, 37.758433 ], [ -121.531536, 37.757961 ], [ -121.531347, 37.752691 ], [ -121.527499, 37.750947 ], [ -121.531497, 37.750969 ], [ -121.531573, 37.742588 ], [ -121.549674, 37.743693 ], [ -121.580178, 37.741433 ], [ -121.609066, 37.737844 ], [ -121.630632, 37.733698 ], [ -121.63218, 37.738695 ], [ -121.634873, 37.740348 ], [ -121.638226, 37.74064 ], [ -121.641189, 37.742767 ], [ -121.648432, 37.742734 ], [ -121.652857, 37.744445 ], [ -121.655396, 37.746444 ], [ -121.654209, 37.74641 ], [ -121.654599, 37.749695 ], [ -121.652951, 37.751343 ], [ -121.648602, 37.753151 ], [ -121.648312, 37.754267 ], [ -121.649973, 37.757466 ], [ -121.649421, 37.758547 ], [ -121.651978, 37.761532 ], [ -121.657826, 37.763688 ], [ -121.659317, 37.763707 ], [ -121.663592, 37.761617 ], [ -121.665895, 37.770771 ], [ -121.670944, 37.773266 ], [ -121.672512, 37.772452 ] ] ] } },
{ "type": "Feature", "properties": { "zip": "94131" }, "geometry": { "type": "Polygon", "coordinates": [ [ [ -122.46377, 37.754077 ], [ -122.461921, 37.755529 ], [ -122.463266, 37.758708 ], [ -122.459991, 37.759349 ], [ -122.460843, 37.762628 ], [ -122.455552, 37.764136 ], [ -122.455641, 37.760295 ], [ -122.453804, 37.761717 ], [ -122.452012, 37.760361 ], [ -122.452446, 37.758227 ], [ -122.453617, 37.756949 ], [ -122.444485, 37.756354 ], [ -122.444979, 37.757204 ], [ -122.443933, 37.756707 ], [ -122.443553, 37.75531 ], [ -122.442244, 37.756755 ], [ -122.440938, 37.756601 ], [ -122.440602, 37.755888 ], [ -122.442847, 37.752375 ], [ -122.444857, 37.747025 ], [ -122.443961, 37.746765 ], [ -122.441408, 37.74861 ], [ -122.43599, 37.747963 ], [ -122.425521, 37.748996 ], [ -122.424315, 37.742231 ], [ -122.424724, 37.738431 ], [ -122.429391, 37.734636 ], [ -122.444277, 37.728262 ], [ -122.44432, 37.733088 ], [ -122.445354, 37.734549 ], [ -122.445329, 37.737128 ], [ -122.442552, 37.738097 ], [ -122.442857, 37.739767 ], [ -122.445987, 37.74118 ], [ -122.44711, 37.74258 ], [ -122.449861, 37.743265 ], [ -122.451692, 37.745629 ], [ -122.449447, 37.74666 ], [ -122.452033, 37.748274 ], [ -122.452133, 37.751236 ], [ -122.452929, 37.751215 ], [ -122.45314, 37.74897 ], [ -122.454392, 37.751279 ], [ -122.46147, 37.751522 ], [ -122.46377, 37.754077 ] ] ] } },
{ "type": "Feature", "properties": { "zip": "94085" }, "geometry": { "type": "Polygon", "coordinates": [ [ [ -122.050123, 37.392496 ], [ -122.046541, 37.394933 ], [ -122.044979, 37.399822 ], [ -122.047403, 37.401552 ], [ -122.046872, 37.403006 ], [ -122.008674, 37.394657 ], [ -121.986976, 37.388448 ], [ -121.98697, 37.37778 ], [ -122.00161, 37.37744 ], [ -122.00735, 37.37649 ], [ -122.01758, 37.37972 ], [ -122.021098, 37.381789 ], [ -122.04359, 37.38671 ], [ -122.04657, 37.38644 ], [ -122.04743, 37.38803 ], [ -122.046597, 37.390507 ], [ -122.04806, 37.39035 ], [ -122.050123, 37.392496 ] ] ] } },
{ "type": "Feature", "properties": { "zip": "94060" }, "geometry": { "type": "Polygon", "coordinates": [ [ [ -122.419107193935005, 37.241531934291203 ], [ -122.418452, 37.248521 ], [ -122.411686, 37.265844 ], [ -122.406999950512997, 37.298024132370699 ], [ -122.402173, 37.301196 ], [ -122.399482, 37.304354 ], [ -122.397631, 37.305062 ], [ -122.39274, 37.305132 ], [ -122.389749, 37.303697 ], [ -122.389241, 37.302268 ], [ -122.386146, 37.301398 ], [ -122.383209, 37.30149 ], [ -122.379019, 37.303329 ], [ -122.377939, 37.302619 ], [ -122.373522, 37.303209 ], [ -122.369829, 37.304785 ], [ -122.358432, 37.30471 ], [ -122.355415, 37.304047 ], [ -122.352982, 37.304526 ], [ -122.346376, 37.303269 ], [ -122.341027, 37.300248 ], [ -122.338115, 37.299871 ], [ -122.328874, 37.292571 ], [ -122.32646, 37.292425 ], [ -122.320752, 37.289814 ], [ -122.316821, 37.29173 ], [ -122.315321, 37.291347 ], [ -122.312589, 37.288394 ], [ -122.315534, 37.285549 ], [ -122.314381, 37.286043 ], [ -122.309629, 37.284313 ], [ -122.309553, 37.283581 ], [ -122.305681, 37.283843 ], [ -122.305067, 37.282756 ], [ -122.30139, 37.281869 ], [ -122.302535, 37.282914 ], [ -122.298782, 37.282335 ], [ -122.295283, 37.280334 ], [ -122.294583, 37.278333 ], [ -122.297541, 37.275915 ], [ -122.298955, 37.276035 ], [ -122.301674, 37.274236 ], [ -122.306616, 37.273977 ], [ -122.309828, 37.2757 ], [ -122.309157, 37.27272 ], [ -122.310595, 37.270795 ], [ -122.311973, 37.270566 ], [ -122.314385, 37.26853 ], [ -122.313493, 37.265425 ], [ -122.313667, 37.262318 ], [ -122.31495, 37.259782 ], [ -122.312916, 37.257811 ], [ -122.305739, 37.254765 ], [ -122.299854, 37.257243 ], [ -122.293801, 37.255722 ], [ -122.289264, 37.255545 ], [ -122.282872, 37.257745 ], [ -122.280452, 37.257226 ], [ -122.277098, 37.253962 ], [ -122.271975, 37.252587 ], [ -122.269579, 37.253143 ], [ -122.266261, 37.251904 ], [ -122.26274, 37.249031 ], [ -122.256194, 37.24765 ], [ -122.250884, 37.245499 ], [ -122.246886, 37.242737 ], [ -122.243651, 37.242249 ], [ -122.241804, 37.240868 ], [ -122.24008, 37.238037 ], [ -122.237669, 37.237 ], [ -122.233122, 37.233032 ], [ -122.23155, 37.23336 ], [ -122.22914, 37.232247 ], [ -122.228728, 37.230545 ], [ -122.226805, 37.229112 ], [ -122.226378, 37.225137 ], [ -122.227888, 37.223039 ], [ -122.227003, 37.221543 ], [ -122.223692, 37.220452 ], [ -122.223494, 37.218225 ], [ -122.221358, 37.215417 ], [ -122.242573, 37.215134 ], [ -122.24266, 37.190035 ], [ -122.268881, 37.189843 ], [ -122.288581, 37.186745 ], [ -122.317682, 37.186945 ], [ -122.311782, 37.147545 ], [ -122.289382, 37.113472 ], [ -122.292973615833006, 37.107318288955597 ], [ -122.306139, 37.116383 ], [ -122.313907, 37.118161 ], [ -122.329473, 37.113045 ], [ -122.331663, 37.116578 ], [ -122.337071, 37.117382 ], [ -122.338856, 37.120854 ], [ -122.337085, 37.130795 ], [ -122.337833, 37.135936 ], [ -122.343242, 37.140605 ], [ -122.344029, 37.144099 ], [ -122.352236, 37.145855 ], [ -122.360943, 37.150182 ], [ -122.359791, 37.155574 ], [ -122.36179, 37.163593 ], [ -122.367085, 37.172817 ], [ -122.371883, 37.175256 ], [ -122.37927, 37.181128 ], [ -122.385103, 37.182955 ], [ -122.390599, 37.182988 ], [ -122.3948, 37.181514 ], [ -122.397543, 37.185088 ], [ -122.398578, 37.192802 ], [ -122.405073, 37.195791 ], [ -122.406692092140005, 37.203551766829001 ], [ -122.40485, 37.205453 ], [ -122.405475, 37.207536 ], [ -122.407607776394002, 37.207940900595901 ], [ -122.408914, 37.214202 ], [ -122.407181, 37.219465 ], [ -122.409596, 37.224604 ], [ -122.415822, 37.232839 ], [ -122.41579, 37.237167 ], [ -122.417774760594, 37.237960323819301 ], [ -122.419107193935005, 37.241531934291203 ] ] ] } },
{ "type": "Feature", "properties": { "zip": "94022" }, "geometry": { "type": "Polygon", "coordinates": [ [ [ -122.185458, 37.323737 ], [ -122.183235, 37.326235 ], [ -122.17928, 37.326195 ], [ -122.178546, 37.325158 ], [ -122.175075, 37.325741 ], [ -122.182723, 37.332857 ], [ -122.17419, 37.35834 ], [ -122.17558, 37.35889 ], [ -122.173381, 37.360804 ], [ -122.167824, 37.377503 ], [ -122.169917, 37.37925 ], [ -122.171862, 37.379746 ], [ -122.16817, 37.395338 ], [ -122.16296, 37.39199 ], [ -122.163532, 37.389857 ], [ -122.15421, 37.387178 ], [ -122.151641, 37.388189 ], [ -122.15063, 37.39147 ], [ -122.14975, 37.39215 ], [ -122.141532, 37.395386 ], [ -122.140171, 37.391062 ], [ -122.138818, 37.389662 ], [ -122.136351, 37.389591 ], [ -122.135322, 37.392128 ], [ -122.13215, 37.390942 ], [ -122.133069, 37.393725 ], [ -122.130335, 37.393692 ], [ -122.127108, 37.38876 ], [ -122.126604, 37.388977 ], [ -122.128339, 37.392209 ], [ -122.128415, 37.394864 ], [ -122.129654, 37.395115 ], [ -122.124828, 37.399206 ], [ -122.124471, 37.401268 ], [ -122.120053, 37.406258 ], [ -122.11354, 37.40113 ], [ -122.101116, 37.395307 ], [ -122.105825, 37.388621 ], [ -122.096002, 37.388637 ], [ -122.09598, 37.38553 ], [ -122.097197, 37.3842 ], [ -122.096571, 37.38248 ], [ -122.097889, 37.38138 ], [ -122.10053, 37.38146 ], [ -122.10978, 37.37165 ], [ -122.109251, 37.371181 ], [ -122.1097, 37.37005 ], [ -122.099379, 37.361888 ], [ -122.11069, 37.37062 ], [ -122.109589, 37.369604 ], [ -122.110769, 37.3686 ], [ -122.11201, 37.369267 ], [ -122.120229, 37.36112 ], [ -122.11796, 37.35771 ], [ -122.115758, 37.355966 ], [ -122.120332, 37.347359 ], [ -122.12342, 37.34868 ], [ -122.124112, 37.346858 ], [ -122.127808, 37.346798 ], [ -122.128852, 37.348897 ], [ -122.134162, 37.348882 ], [ -122.135846, 37.34624 ], [ -122.137222, 37.348957 ], [ -122.141628, 37.348914 ], [ -122.141535, 37.346076 ], [ -122.143549, 37.346045 ], [ -122.145704, 37.331047 ], [ -122.13222, 37.331102 ], [ -122.132738, 37.309531 ], [ -122.134982, 37.301642 ], [ -122.135083, 37.297268 ], [ -122.143261, 37.297641 ], [ -122.148189, 37.300413 ], [ -122.151791, 37.303914 ], [ -122.154301, 37.304789 ], [ -122.161047, 37.311362 ], [ -122.16481, 37.313656 ], [ -122.164842, 37.31657 ], [ -122.169318, 37.316419 ], [ -122.169338, 37.315884 ], [ -122.176138, 37.318123 ], [ -122.181127, 37.317703 ], [ -122.183658, 37.323637 ], [ -122.185458, 37.323737 ] ] ] } },
{ "type": "Feature", "properties": { "zip": "94040" }, "geometry": { "type": "Polygon", "coordinates": [ [ [ -122.1181, 37.40469 ], [ -122.117622, 37.404279 ], [ -122.113078, 37.407809 ], [ -122.117291, 37.410653 ], [ -122.115637, 37.412699 ], [ -122.1045, 37.40582 ], [ -122.091312, 37.400534 ], [ -122.092146, 37.396564 ], [ -122.09375, 37.39728 ], [ -122.09457, 37.39595 ], [ -122.092358, 37.395033 ], [ -122.095258, 37.394066 ], [ -122.09133, 37.38934 ], [ -122.07156, 37.37985 ], [ -122.068979, 37.382079 ], [ -122.069682, 37.379031 ], [ -122.06356, 37.37657 ], [ -122.06099, 37.37742 ], [ -122.059083, 37.379113 ], [ -122.060329, 37.375354 ], [ -122.058463, 37.374599 ], [ -122.063259, 37.366723 ], [ -122.061993, 37.364616 ], [ -122.061708, 37.360665 ], [ -122.062574, 37.358915 ], [ -122.060922, 37.357299 ], [ -122.061639, 37.355405 ], [ -122.060732, 37.354807 ], [ -122.061557, 37.354068 ], [ -122.063014, 37.35955 ], [ -122.065706, 37.359508 ], [ -122.06575, 37.35676 ], [ -122.06866, 37.35676 ], [ -122.068683, 37.357924 ], [ -122.070517, 37.359037 ], [ -122.07781, 37.35902 ], [ -122.077853, 37.366168 ], [ -122.082393, 37.366826 ], [ -122.089161, 37.365937 ], [ -122.089767, 37.366852 ], [ -122.09603, 37.366898 ], [ -122.095975, 37.3768 ], [ -122.0932, 37.37677 ], [ -122.09319, 37.379648 ], [ -122.095991, 37.379658 ], [ -122.09598, 37.38139 ], [ -122.088874, 37.381345 ], [ -122.090105, 37.382621 ], [ -122.089516, 37.384576 ], [ -122.09044, 37.38405 ], [ -122.09076, 37.384645 ], [ -122.095983, 37.384675 ], [ -122.096002, 37.388637 ], [ -122.105825, 37.388621 ], [ -122.101116, 37.395307 ], [ -122.11354, 37.40113 ], [ -122.11575, 37.40242 ], [ -122.1181, 37.40469 ] ] ] } },
{ "type": "Feature", "properties": { "zip": "94087" }, "geometry": { "type": "Polygon", "coordinates": [ [ [ -122.063638, 37.346968 ], [ -122.064696, 37.348951 ], [ -122.063079, 37.352054 ], [ -122.06061, 37.35204 ], [ -122.061557, 37.354068 ], [ -122.060732, 37.354807 ], [ -122.061639, 37.355405 ], [ -122.060922, 37.357299 ], [ -122.062574, 37.358915 ], [ -122.061708, 37.360665 ], [ -122.061993, 37.364616 ], [ -122.063259, 37.366723 ], [ -122.058463, 37.374599 ], [ -122.060276, 37.375516 ], [ -122.05222, 37.37279 ], [ -122.05161, 37.3743 ], [ -122.04825, 37.372559 ], [ -122.04056, 37.37117 ], [ -122.04088, 37.37016 ], [ -122.03308, 37.36826 ], [ -122.02808, 37.36445 ], [ -122.027082, 37.365023 ], [ -122.02395, 37.36465 ], [ -122.024748, 37.362129 ], [ -122.022031, 37.360759 ], [ -122.022363, 37.359734 ], [ -122.01883, 37.35928 ], [ -122.01707, 37.35778 ], [ -122.01774, 37.35591 ], [ -122.01403, 37.35317 ], [ -122.01403, 37.354847 ], [ -122.010544, 37.35399 ], [ -122.010562, 37.353359 ], [ -122.008, 37.35225 ], [ -122.008021, 37.35324 ], [ -122.001737, 37.353199 ], [ -122.001736, 37.352146 ], [ -122.000319, 37.352173 ], [ -122.000217, 37.345244 ], [ -122.003001, 37.345311 ], [ -122.00285, 37.34141 ], [ -121.99581, 37.341461 ], [ -121.99578, 37.33787 ], [ -122.016433, 37.337726 ], [ -122.016455, 37.333143 ], [ -122.018638, 37.332929 ], [ -122.019991, 37.333354 ], [ -122.019621, 37.337704 ], [ -122.03239, 37.33761 ], [ -122.032393, 37.339446 ], [ -122.036755, 37.339426 ], [ -122.03673, 37.33757 ], [ -122.043708, 37.337554 ], [ -122.043695, 37.334204 ], [ -122.044828, 37.33438 ], [ -122.044867, 37.337544 ], [ -122.050534, 37.33754 ], [ -122.051028, 37.333498 ], [ -122.05573, 37.33257 ], [ -122.05948, 37.33753 ], [ -122.0624, 37.33754 ], [ -122.062057, 37.338075 ], [ -122.065192, 37.34315 ], [ -122.063638, 37.346968 ] ] ] } },
{ "type": "Feature", "properties": { "zip": "94114" }, "geometry": { "type": "Polygon", "coordinates": [ [ [ -122.453769, 37.757468 ], [ -122.447157, 37.759661 ], [ -122.446783, 37.761781 ], [ -122.443385, 37.763481 ], [ -122.443347, 37.765333 ], [ -122.435624, 37.767328 ], [ -122.435794, 37.769058 ], [ -122.429128, 37.769456 ], [ -122.428426, 37.770452 ], [ -122.42822, 37.769441 ], [ -122.426402, 37.769596 ], [ -122.428657, 37.767735 ], [ -122.42724, 37.767833 ], [ -122.426293, 37.764651 ], [ -122.426792, 37.762996 ], [ -122.426137, 37.763036 ], [ -122.425532, 37.756636 ], [ -122.426149, 37.756599 ], [ -122.425521, 37.748996 ], [ -122.43599, 37.747963 ], [ -122.441408, 37.74861 ], [ -122.443961, 37.746765 ], [ -122.444857, 37.747025 ], [ -122.442847, 37.752375 ], [ -122.440602, 37.755888 ], [ -122.440938, 37.756601 ], [ -122.442244, 37.756755 ], [ -122.443553, 37.75531 ], [ -122.443933, 37.756707 ], [ -122.444979, 37.757204 ], [ -122.444485, 37.756354 ], [ -122.453769, 37.757468 ] ] ] } },
{ "type": "Feature", "properties": { "zip": "94123" }, "geometry": { "type": "Polygon", "coordinates": [ [ [ -122.448481951551003, 37.806023713434499 ], [ -122.426572291023007, 37.8079851640911 ], [ -122.425488, 37.80601 ], [ -122.424244, 37.796608 ], [ -122.446524, 37.793337 ], [ -122.44782, 37.801633 ], [ -122.44946, 37.802454 ], [ -122.448481951551003, 37.806023713434499 ] ] ] } },
{ "type": "Feature", "properties": { "zip": "94508" }, "geometry": { "type": "Polygon", "coordinates": [ [ [ -122.486079, 38.596036 ], [ -122.485258, 38.596877 ], [ -122.48508, 38.607413 ], [ -122.467508, 38.607568 ], [ -122.467422, 38.610918 ], [ -122.462685, 38.611296 ], [ -122.462789, 38.60773 ], [ -122.458951, 38.60773 ], [ -122.455767, 38.608593 ], [ -122.455298, 38.607972 ], [ -122.448217, 38.607932 ], [ -122.448113, 38.611499 ], [ -122.442875, 38.611539 ], [ -122.434009, 38.60852 ], [ -122.434113, 38.61164 ], [ -122.424032, 38.61153 ], [ -122.411001, 38.60626 ], [ -122.411599, 38.606465 ], [ -122.411579, 38.600233 ], [ -122.410867, 38.598427 ], [ -122.411935, 38.598433 ], [ -122.411496, 38.587296 ], [ -122.404089, 38.572522 ], [ -122.418334, 38.546385 ], [ -122.421301, 38.547416 ], [ -122.42145, 38.544965 ], [ -122.447841, 38.544586 ], [ -122.467623, 38.54548 ], [ -122.467578, 38.567007 ], [ -122.48527, 38.566086 ], [ -122.485319, 38.578695 ], [ -122.476493, 38.578581 ], [ -122.477541, 38.581094 ], [ -122.477263, 38.582283 ], [ -122.481944, 38.588555 ], [ -122.484608, 38.595152 ], [ -122.486079, 38.596036 ] ] ] } },
{ "type": "Feature", "properties": { "zip": "94515" }, "geometry": { "type": "Polygon", "coordinates": [ [ [ -122.771726, 38.699961 ], [ -122.770226, 38.701012 ], [ -122.767606, 38.70099 ], [ -122.765963, 38.700019 ], [ -122.762314, 38.703352 ], [ -122.762738, 38.706171 ], [ -122.76368, 38.706724 ], [ -122.762574, 38.707452 ], [ -122.759219, 38.707423 ], [ -122.75796, 38.721142 ], [ -122.697238, 38.721503 ], [ -122.696251, 38.720098 ], [ -122.697259, 38.718018 ], [ -122.695323, 38.714306 ], [ -122.695451, 38.71309 ], [ -122.693563, 38.712962 ], [ -122.691835, 38.710946 ], [ -122.683883, 38.70949 ], [ -122.682411, 38.707906 ], [ -122.676826, 38.707986 ], [ -122.674234, 38.706354 ], [ -122.67233, 38.706274 ], [ -122.669402, 38.70837 ], [ -122.66577, 38.706962 ], [ -122.664677, 38.707418 ], [ -122.66219, 38.70594 ], [ -122.654089, 38.70701 ], [ -122.646569, 38.706177 ], [ -122.643785, 38.698962 ], [ -122.640569, 38.69725 ], [ -122.639913, 38.694978 ], [ -122.637049, 38.69373 ], [ -122.638361, 38.692594 ], [ -122.639497, 38.689058 ], [ -122.633896, 38.685282 ], [ -122.633112, 38.682194 ], [ -122.631592, 38.680226 ], [ -122.629928, 38.679346 ], [ -122.625464, 38.674402 ], [ -122.627396, 38.667506 ], [ -122.521684, 38.692016 ], [ -122.520343, 38.691591 ], [ -122.520478, 38.69032 ], [ -122.519445, 38.689586 ], [ -122.520755, 38.68655 ], [ -122.519694, 38.686044 ], [ -122.519708, 38.684535 ], [ -122.523035, 38.681229 ], [ -122.524399, 38.677652 ], [ -122.534432, 38.674003 ], [ -122.536001, 38.672543 ], [ -122.539762, 38.67278 ], [ -122.538323, 38.671187 ], [ -122.537908, 38.668645 ], [ -122.535434, 38.668261 ], [ -122.535347, 38.664848 ], [ -122.535938, 38.664144 ], [ -122.534675, 38.662825 ], [ -122.53469, 38.661611 ], [ -122.535388, 38.658413 ], [ -122.540131, 38.65582 ], [ -122.540047, 38.651031 ], [ -122.558682, 38.650857 ], [ -122.558149, 38.621554 ], [ -122.53346, 38.622059 ], [ -122.534918, 38.618181 ], [ -122.533785, 38.614994 ], [ -122.52284, 38.617794 ], [ -122.503274, 38.609738 ], [ -122.502544, 38.60652 ], [ -122.48508, 38.607413 ], [ -122.485258, 38.596877 ], [ -122.486079, 38.596036 ], [ -122.484608, 38.595152 ], [ -122.481944, 38.588555 ], [ -122.477263, 38.582283 ], [ -122.477541, 38.581094 ], [ -122.476493, 38.578581 ], [ -122.485319, 38.578695 ], [ -122.48527, 38.566086 ], [ -122.494828, 38.566096 ], [ -122.494821, 38.556797 ], [ -122.500966, 38.549458 ], [ -122.500592, 38.548146 ], [ -122.503446, 38.550154 ], [ -122.518623, 38.543726 ], [ -122.516808, 38.541618 ], [ -122.523065, 38.541443 ], [ -122.523099, 38.534552 ], [ -122.541494, 38.534558 ], [ -122.54108, 38.544033 ], [ -122.541748, 38.543255 ], [ -122.551346, 38.541592 ], [ -122.564993, 38.536797 ], [ -122.565972, 38.535863 ], [ -122.56572, 38.531908 ], [ -122.569473, 38.529659 ], [ -122.569819, 38.533103 ], [ -122.573674, 38.538725 ], [ -122.609089, 38.538669 ], [ -122.609168, 38.542092 ], [ -122.624573, 38.542401 ], [ -122.624262, 38.544337 ], [ -122.625824, 38.545221 ], [ -122.626248, 38.546858 ], [ -122.627274, 38.547096 ], [ -122.627525, 38.549377 ], [ -122.632022, 38.549469 ], [ -122.63219, 38.552887 ], [ -122.64469, 38.549295 ], [ -122.644838, 38.553175 ], [ -122.650482, 38.551405 ], [ -122.656899, 38.55449 ], [ -122.661377, 38.553319 ], [ -122.663856, 38.555035 ], [ -122.666309, 38.554362 ], [ -122.665259, 38.560656 ], [ -122.670704, 38.560956 ], [ -122.671669, 38.567885 ], [ -122.671163, 38.569002 ], [ -122.675251, 38.569033 ], [ -122.680053, 38.570465 ], [ -122.681167, 38.571528 ], [ -122.681981, 38.576206 ], [ -122.687012, 38.576161 ], [ -122.687392, 38.592361 ], [ -122.704392, 38.593451 ], [ -122.707095, 38.599034 ], [ -122.716731, 38.607889 ], [ -122.721387, 38.621372 ], [ -122.728649, 38.626622 ], [ -122.732795, 38.627149 ], [ -122.733806, 38.633723 ], [ -122.743923, 38.633546 ], [ -122.742411, 38.634305 ], [ -122.742417, 38.637295 ], [ -122.752031, 38.637281 ], [ -122.752133, 38.642697 ], [ -122.745249, 38.641592 ], [ -122.744254, 38.642982 ], [ -122.744468, 38.645041 ], [ -122.740525, 38.648582 ], [ -122.736516, 38.650375 ], [ -122.73522, 38.653767 ], [ -122.735614, 38.655978 ], [ -122.737482, 38.657455 ], [ -122.73954, 38.667848 ], [ -122.742273, 38.673508 ], [ -122.735917, 38.676624 ], [ -122.743296, 38.673766 ], [ -122.741143, 38.670932 ], [ -122.741005, 38.669013 ], [ -122.745293, 38.670235 ], [ -122.744369, 38.670879 ], [ -122.746093, 38.672077 ], [ -122.744897, 38.672828 ], [ -122.748156, 38.676283 ], [ -122.750933, 38.677641 ], [ -122.749387, 38.678909 ], [ -122.750731, 38.679728 ], [ -122.749969, 38.680329 ], [ -122.752795, 38.682416 ], [ -122.759906, 38.683779 ], [ -122.760394, 38.685352 ], [ -122.762156, 38.686662 ], [ -122.761548, 38.687109 ], [ -122.763027, 38.688035 ], [ -122.764777, 38.687919 ], [ -122.765533, 38.689182 ], [ -122.76425, 38.68974 ], [ -122.763818, 38.691229 ], [ -122.765816, 38.691609 ], [ -122.76579, 38.69247 ], [ -122.767278, 38.693469 ], [ -122.766738, 38.694245 ], [ -122.769384, 38.697618 ], [ -122.771536, 38.698603 ], [ -122.771726, 38.699961 ] ] ] } },
{ "type": "Feature", "properties": { "zip": "95070" }, "geometry": { "type": "MultiPolygon", "coordinates": [ [ [ [ -121.987131, 37.295975 ], [ -121.982644, 37.299909 ], [ -121.981166, 37.29882 ], [ -121.979614, 37.30016 ], [ -121.981353, 37.298338 ], [ -121.980884, 37.296794 ], [ -121.983738, 37.298414 ], [ -121.983184, 37.298005 ], [ -121.98409, 37.297237 ], [ -121.981684, 37.295583 ], [ -121.983932, 37.293632 ], [ -121.987131, 37.295975 ] ] ], [ [ [ -121.989658, 37.283331 ], [ -121.986422, 37.283395 ], [ -121.986283, 37.280852 ], [ -121.987422, 37.28081 ], [ -121.987466, 37.281629 ], [ -121.989588, 37.281341 ], [ -121.989658, 37.283331 ] ] ], [ [ [ -122.137171, 37.269231 ], [ -122.135817, 37.272397 ], [ -122.134343, 37.27168 ], [ -122.11293, 37.2719 ], [ -122.112813, 37.264508 ], [ -122.107511, 37.264594 ], [ -122.107463, 37.26593 ], [ -122.104046, 37.265906 ], [ -122.103897, 37.268467 ], [ -122.099648, 37.268161 ], [ -122.099629, 37.266633 ], [ -122.09655, 37.26546 ], [ -122.095276, 37.265834 ], [ -122.095108, 37.268684 ], [ -122.09155, 37.268237 ], [ -122.088039, 37.270456 ], [ -122.087774, 37.271441 ], [ -122.08087, 37.27264 ], [ -122.07537, 37.27634 ], [ -122.07267, 37.28034 ], [ -122.07398, 37.28111 ], [ -122.075281, 37.283823 ], [ -122.077343, 37.284447 ], [ -122.078101, 37.286131 ], [ -122.066472, 37.289342 ], [ -122.065972, 37.286342 ], [ -122.064038, 37.286351 ], [ -122.064078, 37.290086 ], [ -122.059571, 37.290099 ], [ -122.059558, 37.296184 ], [ -122.056326, 37.29737 ], [ -122.050619, 37.297407 ], [ -122.049487, 37.292967 ], [ -122.04743, 37.293748 ], [ -122.031699, 37.294056 ], [ -122.007852, 37.293338 ], [ -122.00741, 37.296411 ], [ -122.003482, 37.296247 ], [ -122.001791, 37.295564 ], [ -122.003433, 37.293081 ], [ -121.993891, 37.291998 ], [ -121.995987, 37.291289 ], [ -121.994554, 37.289476 ], [ -121.994493, 37.285119 ], [ -121.992517, 37.285341 ], [ -121.992501, 37.284445 ], [ -121.994453, 37.284213 ], [ -121.994313, 37.280536 ], [ -121.989675, 37.280227 ], [ -121.989497, 37.276231 ], [ -121.992414, 37.276151 ], [ -121.992004, 37.273596 ], [ -121.992863, 37.271792 ], [ -121.993802, 37.271972 ], [ -121.990821, 37.269843 ], [ -121.990655, 37.266632 ], [ -121.991962, 37.263629 ], [ -121.992893, 37.253449 ], [ -121.995425, 37.250288 ], [ -121.995303, 37.246619 ], [ -121.997099, 37.243909 ], [ -122.002453, 37.241506 ], [ -122.000899, 37.241189 ], [ -122.000933, 37.239991 ], [ -122.003125, 37.238694 ], [ -122.004076, 37.240573 ], [ -122.00923, 37.24017 ], [ -122.013582, 37.242492 ], [ -122.013569, 37.243799 ], [ -122.021221, 37.243017 ], [ -122.021213, 37.242356 ], [ -122.02719, 37.239941 ], [ -122.02708, 37.235582 ], [ -122.021966, 37.235604 ], [ -122.022177, 37.234663 ], [ -122.020014, 37.235006 ], [ -122.018351, 37.233258 ], [ -122.018893, 37.223808 ], [ -122.030281, 37.223793 ], [ -122.029725, 37.217375 ], [ -122.0288, 37.217522 ], [ -122.02715, 37.21571 ], [ -122.025781, 37.215479 ], [ -122.02525, 37.21357 ], [ -122.029209, 37.213506 ], [ -122.030076, 37.20799 ], [ -122.035413, 37.210508 ], [ -122.038525, 37.210009 ], [ -122.042117, 37.212224 ], [ -122.046221, 37.212833 ], [ -122.044618, 37.213593 ], [ -122.048526, 37.216868 ], [ -122.0584, 37.217057 ], [ -122.058404, 37.213071 ], [ -122.060109, 37.212669 ], [ -122.062775, 37.210365 ], [ -122.065933, 37.210413 ], [ -122.07001, 37.216672 ], [ -122.076616, 37.220194 ], [ -122.078129, 37.222409 ], [ -122.08058, 37.22337 ], [ -122.08435, 37.22247 ], [ -122.08981, 37.22327 ], [ -122.092667, 37.22544 ], [ -122.093369, 37.22924 ], [ -122.10052, 37.23359 ], [ -122.10423, 37.23427 ], [ -122.10557, 37.24074 ], [ -122.11038, 37.24553 ], [ -122.11295, 37.24958 ], [ -122.11643, 37.25242 ], [ -122.118334, 37.255965 ], [ -122.12393, 37.25972 ], [ -122.12872, 37.25936 ], [ -122.13431, 37.26291 ], [ -122.13555, 37.26541 ], [ -122.139619, 37.268641 ], [ -122.137171, 37.269231 ] ] ] ] } },
{ "type": "Feature", "properties": { "zip": "94535" }, "geometry": { "type": "Polygon", "coordinates": [ [ [ -121.975408, 38.267369 ], [ -121.96496, 38.266844 ], [ -121.9668, 38.268086 ], [ -121.966747, 38.271236 ], [ -121.961256, 38.271569 ], [ -121.960699, 38.267947 ], [ -121.959452, 38.267773 ], [ -121.958996, 38.271812 ], [ -121.951264, 38.271803 ], [ -121.951217, 38.273878 ], [ -121.959718, 38.274085 ], [ -121.960603, 38.272366 ], [ -121.960508, 38.279373 ], [ -121.958929, 38.282988 ], [ -121.952329, 38.283017 ], [ -121.952344, 38.282292 ], [ -121.951152, 38.282277 ], [ -121.950882, 38.28676 ], [ -121.932995, 38.286723 ], [ -121.93385, 38.308456 ], [ -121.915511, 38.308247 ], [ -121.91465, 38.286456 ], [ -121.915006, 38.273403 ], [ -121.897422, 38.285746 ], [ -121.896304, 38.285752 ], [ -121.892185, 38.282198 ], [ -121.906103, 38.272303 ], [ -121.915377, 38.264643 ], [ -121.915457, 38.261371 ], [ -121.914838, 38.261035 ], [ -121.916305, 38.26144 ], [ -121.921717, 38.257561 ], [ -121.923925, 38.257469 ], [ -121.924087, 38.250241 ], [ -121.935299, 38.250281 ], [ -121.940106, 38.246711 ], [ -121.942409, 38.246709 ], [ -121.942449, 38.243017 ], [ -121.951743, 38.242677 ], [ -121.951735, 38.2398 ], [ -121.958215, 38.237533 ], [ -121.960876, 38.237398 ], [ -121.960831, 38.240622 ], [ -121.964033, 38.243211 ], [ -121.969948, 38.243305 ], [ -121.969878, 38.254144 ], [ -121.974489, 38.254185 ], [ -121.974469, 38.258046 ], [ -121.97562, 38.258045 ], [ -121.975408, 38.267369 ] ] ] } },
{ "type": "Feature", "properties": { "zip": "94579" }, "geometry": { "type": "Polygon", "coordinates": [ [ [ -122.184063819189006, 37.690976149866401 ], [ -122.166998, 37.691229 ], [ -122.162374, 37.689172 ], [ -122.163083, 37.692497 ], [ -122.162349, 37.692951 ], [ -122.162644, 37.695203 ], [ -122.1657, 37.700437 ], [ -122.158837, 37.702717 ], [ -122.159155, 37.705182 ], [ -122.137219, 37.690063 ], [ -122.130141, 37.690798 ], [ -122.130097, 37.686622 ], [ -122.131927, 37.686636 ], [ -122.129, 37.684386 ], [ -122.131033, 37.685069 ], [ -122.140724, 37.684094 ], [ -122.143805, 37.681719 ], [ -122.14498, 37.679724 ], [ -122.154719, 37.675163 ], [ -122.15434, 37.674744 ], [ -122.155564, 37.673996 ], [ -122.155061, 37.671141 ], [ -122.162047022153004, 37.667560942307702 ], [ -122.167587, 37.677178 ], [ -122.177669, 37.682841 ], [ -122.184063819189006, 37.690976149866401 ] ] ] } },
{ "type": "Feature", "properties": { "zip": "94925" }, "geometry": { "type": "Polygon", "coordinates": [ [ [ -122.546385, 37.925887 ], [ -122.544582, 37.926293 ], [ -122.541641, 37.924234 ], [ -122.53969, 37.923923 ], [ -122.539678, 37.925144 ], [ -122.536471, 37.923096 ], [ -122.535489, 37.923961 ], [ -122.535017, 37.926839 ], [ -122.531953, 37.927788 ], [ -122.531959, 37.92933 ], [ -122.527155, 37.929343 ], [ -122.524987, 37.93157 ], [ -122.527215, 37.932254 ], [ -122.527176, 37.93389 ], [ -122.520775, 37.934433 ], [ -122.521186, 37.938455 ], [ -122.515882, 37.940401 ], [ -122.516708, 37.936533 ], [ -122.516617, 37.935546 ], [ -122.515667, 37.935747 ], [ -122.512786, 37.938686 ], [ -122.512864, 37.94222 ], [ -122.509888, 37.941434 ], [ -122.50506, 37.941897022988499 ], [ -122.50506, 37.936414 ], [ -122.503064, 37.928753 ], [ -122.493574, 37.921881 ], [ -122.486375, 37.921881 ], [ -122.485215628215997, 37.920993732228098 ], [ -122.485882, 37.920123 ], [ -122.487916, 37.919845 ], [ -122.487186, 37.918749 ], [ -122.489084, 37.917925 ], [ -122.489184, 37.915325 ], [ -122.495713, 37.915626 ], [ -122.495936, 37.911727 ], [ -122.504885, 37.911925 ], [ -122.503385, 37.909325 ], [ -122.51076, 37.909232 ], [ -122.510585, 37.907825 ], [ -122.514025, 37.90856 ], [ -122.518349, 37.917758 ], [ -122.525771, 37.917115 ], [ -122.528498, 37.916159 ], [ -122.531704, 37.917947 ], [ -122.533243, 37.917821 ], [ -122.538919, 37.921916 ], [ -122.540841, 37.921998 ], [ -122.542991, 37.923707 ], [ -122.544672, 37.923697 ], [ -122.546463, 37.925062 ], [ -122.546385, 37.925887 ] ] ] } },
{ "type": "Feature", "properties": { "zip": "94595" }, "geometry": { "type": "Polygon", "coordinates": [ [ [ -122.091755, 37.885668 ], [ -122.086606, 37.885168 ], [ -122.08838, 37.886542 ], [ -122.085864, 37.890939 ], [ -122.083876, 37.89138 ], [ -122.082196, 37.892847 ], [ -122.082205, 37.896433 ], [ -122.083059, 37.897605 ], [ -122.075539, 37.895833 ], [ -122.070653, 37.896559 ], [ -122.06972, 37.895386 ], [ -122.057801, 37.889372 ], [ -122.050071, 37.880846 ], [ -122.051592, 37.881664 ], [ -122.05456, 37.880576 ], [ -122.054853, 37.876441 ], [ -122.052289, 37.876124 ], [ -122.051813, 37.874715 ], [ -122.05376, 37.873134 ], [ -122.055502, 37.873113 ], [ -122.052997, 37.865671 ], [ -122.054078, 37.864263 ], [ -122.05322, 37.863345 ], [ -122.052357, 37.842497 ], [ -122.061569, 37.842983 ], [ -122.061659, 37.845866 ], [ -122.078279, 37.855784 ], [ -122.078048, 37.857244 ], [ -122.083061, 37.868243 ], [ -122.089331, 37.875269 ], [ -122.089701, 37.881319 ], [ -122.08807, 37.881779 ], [ -122.091755, 37.885668 ] ] ] } },
{ "type": "Feature", "properties": { "zip": "94901" }, "geometry": { "type": "Polygon", "coordinates": [ [ [ -122.559514, 37.984475 ], [ -122.557517, 37.993723 ], [ -122.552483, 37.991726 ], [ -122.550278, 37.991714 ], [ -122.544106, 37.988986 ], [ -122.545127, 37.9881 ], [ -122.533282, 37.986715 ], [ -122.532372, 37.988556 ], [ -122.529077, 37.990601 ], [ -122.525741, 37.990508 ], [ -122.522278, 37.9926 ], [ -122.518159, 37.99135 ], [ -122.514667, 37.99338 ], [ -122.513301, 37.995734 ], [ -122.510011, 37.997076 ], [ -122.507962, 37.995931 ], [ -122.502133, 37.998605 ], [ -122.501338, 37.99683 ], [ -122.495879, 37.997609 ], [ -122.498623, 38.006074 ], [ -122.498524, 38.008492 ], [ -122.500317, 38.0113 ], [ -122.5017, 38.015926 ], [ -122.495735730180002, 38.016681793455497 ], [ -122.494556, 38.015148 ], [ -122.487472, 38.014355 ], [ -122.481466, 38.007621 ], [ -122.462812, 38.003367 ], [ -122.450699, 37.992231 ], [ -122.448413, 37.988313 ], [ -122.447304, 37.984387 ], [ -122.456098, 37.979891 ], [ -122.463709, 37.981483 ], [ -122.466556, 37.984762 ], [ -122.471975, 37.981768 ], [ -122.474637, 37.977643 ], [ -122.474637, 37.97502 ], [ -122.477251, 37.971648 ], [ -122.484416, 37.970547 ], [ -122.495553, 37.970523 ], [ -122.496503, 37.967713 ], [ -122.490302, 37.964751 ], [ -122.490302, 37.959188 ], [ -122.486521, 37.946911 ], [ -122.480484, 37.945443 ], [ -122.479634292848999, 37.942893004362602 ], [ -122.491778, 37.946014 ], [ -122.500192, 37.946903 ], [ -122.504983, 37.949697 ], [ -122.505805, 37.951175 ], [ -122.511771, 37.952555 ], [ -122.517462, 37.951859 ], [ -122.520334, 37.954116 ], [ -122.522556, 37.954176 ], [ -122.523277, 37.955479 ], [ -122.526639, 37.957719 ], [ -122.532533, 37.959968 ], [ -122.533816, 37.961776 ], [ -122.54323, 37.965193 ], [ -122.549023, 37.972467 ], [ -122.550913, 37.972188 ], [ -122.550926, 37.977492 ], [ -122.551983, 37.977411 ], [ -122.550942, 37.978239 ], [ -122.550398, 37.980802 ], [ -122.557249, 37.983507 ], [ -122.55643, 37.984452 ], [ -122.557598, 37.985006 ], [ -122.559514, 37.984475 ] ] ] } },
{ "type": "Feature", "properties": { "zip": "94924" }, "geometry": { "type": "Polygon", "coordinates": [ [ [ -122.812194, 37.988804 ], [ -122.811858, 37.986144 ], [ -122.811165, 37.987704 ], [ -122.805415, 37.986007 ], [ -122.797698, 37.985504 ], [ -122.792885, 37.984134 ], [ -122.790847, 37.98155 ], [ -122.787223, 37.984021 ], [ -122.785349, 37.983015 ], [ -122.774259, 37.983293 ], [ -122.774654, 37.996189 ], [ -122.763737, 37.996454 ], [ -122.762747, 37.994963 ], [ -122.760741, 37.996454 ], [ -122.759817, 37.994606 ], [ -122.758586, 37.995888 ], [ -122.754428, 37.995254 ], [ -122.754587, 37.996748 ], [ -122.744712, 37.998366 ], [ -122.729038, 38.005209 ], [ -122.716384, 37.991494 ], [ -122.713269, 37.983528 ], [ -122.710716, 37.983998 ], [ -122.705106, 37.980506 ], [ -122.703794, 37.977402 ], [ -122.696998, 37.97205 ], [ -122.694255, 37.968136 ], [ -122.688797, 37.965376 ], [ -122.686285, 37.962373 ], [ -122.68408, 37.96189 ], [ -122.682613, 37.959732 ], [ -122.683642, 37.958942 ], [ -122.680742, 37.955243 ], [ -122.676697, 37.953488 ], [ -122.675877, 37.951297 ], [ -122.674834, 37.952059 ], [ -122.673434, 37.951668 ], [ -122.672478, 37.950188 ], [ -122.668996, 37.948986 ], [ -122.668784, 37.947027 ], [ -122.663147, 37.945297 ], [ -122.659678, 37.941658 ], [ -122.661647, 37.939981 ], [ -122.661424, 37.94141 ], [ -122.662393, 37.942362 ], [ -122.663781, 37.942343 ], [ -122.66428, 37.943777 ], [ -122.66712, 37.941832 ], [ -122.668079, 37.942034 ], [ -122.667253, 37.943834 ], [ -122.67356, 37.941771 ], [ -122.675671, 37.942627 ], [ -122.675373, 37.943789 ], [ -122.676638, 37.94405 ], [ -122.67644, 37.946937 ], [ -122.680798, 37.940661 ], [ -122.685453, 37.936783 ], [ -122.688517, 37.931937 ], [ -122.696563, 37.934373 ], [ -122.698398, 37.9332 ], [ -122.696353, 37.930321 ], [ -122.695086, 37.926076 ], [ -122.692477, 37.922886 ], [ -122.689643, 37.922887 ], [ -122.689672, 37.921821 ], [ -122.687807, 37.921833 ], [ -122.688534, 37.920256 ], [ -122.687514, 37.918767 ], [ -122.688284, 37.915789 ], [ -122.684213, 37.910383 ], [ -122.682015, 37.909679 ], [ -122.681996624160007, 37.9056359136626 ], [ -122.693569, 37.901171 ], [ -122.699718, 37.897136 ], [ -122.700383, 37.894938 ], [ -122.70264, 37.89382 ], [ -122.710229, 37.896425 ], [ -122.714023, 37.900468 ], [ -122.718972, 37.902196 ], [ -122.721767, 37.901347 ], [ -122.725181, 37.902691 ], [ -122.727297, 37.904626 ], [ -122.732898, 37.920225 ], [ -122.736898, 37.925825 ], [ -122.748746, 37.931081 ], [ -122.754606, 37.935527 ], [ -122.766138, 37.938004 ], [ -122.768235, 37.941675 ], [ -122.771779, 37.944017 ], [ -122.776476, 37.943772 ], [ -122.776121, 37.946293 ], [ -122.779284, 37.948272 ], [ -122.78267, 37.948504 ], [ -122.783244, 37.951334 ], [ -122.791739, 37.969422 ], [ -122.797405, 37.976657 ], [ -122.808777, 37.985359 ], [ -122.811471, 37.985117 ], [ -122.813258913406997, 37.987212639423099 ], [ -122.812194, 37.988804 ] ] ] } },
{ "type": "Feature", "properties": { "zip": "94956" }, "geometry": { "type": "Polygon", "coordinates": [ [ [ -122.874349, 38.090003 ], [ -122.864631, 38.087355 ], [ -122.862683, 38.088533 ], [ -122.852765, 38.085793 ], [ -122.848598, 38.086425 ], [ -122.846637, 38.085287 ], [ -122.844582, 38.0862 ], [ -122.842423, 38.085257 ], [ -122.839279, 38.086106 ], [ -122.842847, 38.089095 ], [ -122.841793, 38.09021 ], [ -122.84545, 38.09155 ], [ -122.847175, 38.093615 ], [ -122.85045, 38.095504 ], [ -122.851515, 38.097773 ], [ -122.847326, 38.100813 ], [ -122.836578, 38.093034 ], [ -122.827377, 38.082742 ], [ -122.826325, 38.085008 ], [ -122.825634, 38.090354 ], [ -122.818777, 38.090733 ], [ -122.817153, 38.092415 ], [ -122.818162, 38.093035 ], [ -122.814824, 38.093914 ], [ -122.809101, 38.101538 ], [ -122.80682, 38.111282 ], [ -122.805248, 38.112327 ], [ -122.799573, 38.114192 ], [ -122.79765, 38.113174 ], [ -122.794338, 38.112896 ], [ -122.790891, 38.115685 ], [ -122.791005, 38.112502 ], [ -122.790043, 38.111992 ], [ -122.784778, 38.112595 ], [ -122.783458, 38.113415 ], [ -122.783153, 38.114854 ], [ -122.785005, 38.116752 ], [ -122.784498, 38.118618 ], [ -122.780551, 38.120682 ], [ -122.780315, 38.121464 ], [ -122.773754, 38.117477 ], [ -122.778977, 38.11306 ], [ -122.7759, 38.110547 ], [ -122.771842, 38.105384 ], [ -122.770729, 38.102076 ], [ -122.775268, 38.095792 ], [ -122.767664, 38.088984 ], [ -122.767446, 38.083809 ], [ -122.764946, 38.08101 ], [ -122.763568, 38.076967 ], [ -122.764932, 38.074656 ], [ -122.770462, 38.071147 ], [ -122.769707, 38.06897 ], [ -122.772296, 38.068381 ], [ -122.773096, 38.066294 ], [ -122.771069, 38.063448 ], [ -122.770784, 38.05923 ], [ -122.767809, 38.059647 ], [ -122.759314, 38.055972 ], [ -122.758574, 38.053934 ], [ -122.759598, 38.051597 ], [ -122.758947, 38.0499 ], [ -122.770799, 38.046196 ], [ -122.775153, 38.047374 ], [ -122.778886, 38.044528 ], [ -122.785098, 38.042905 ], [ -122.787966, 38.040587 ], [ -122.788906, 38.043685 ], [ -122.792386, 38.047532 ], [ -122.794608, 38.045862 ], [ -122.791864, 38.042598 ], [ -122.789794, 38.042015 ], [ -122.788273, 38.039504 ], [ -122.786044, 38.039048 ], [ -122.784058, 38.036904 ], [ -122.783635, 38.035305 ], [ -122.784177, 38.033333 ], [ -122.786019, 38.031246 ], [ -122.785866, 38.03023 ], [ -122.783894, 38.028899 ], [ -122.782513, 38.025789 ], [ -122.781444, 38.025514 ], [ -122.781202, 38.023525 ], [ -122.776827, 38.021453 ], [ -122.770039, 38.013407 ], [ -122.768747, 38.013379 ], [ -122.768172, 38.011774 ], [ -122.766908, 38.011213 ], [ -122.766639, 38.009373 ], [ -122.764931, 38.00819 ], [ -122.760679, 38.001826 ], [ -122.758792, 38.000216 ], [ -122.756297, 37.999896 ], [ -122.755475, 37.998433 ], [ -122.756657, 37.996501 ], [ -122.759196, 37.996481 ], [ -122.758586, 37.995888 ], [ -122.759817, 37.994606 ], [ -122.760741, 37.996454 ], [ -122.762747, 37.994963 ], [ -122.763737, 37.996454 ], [ -122.774654, 37.996189 ], [ -122.774259, 37.983293 ], [ -122.785349, 37.983015 ], [ -122.787223, 37.984021 ], [ -122.790847, 37.98155 ], [ -122.792885, 37.984134 ], [ -122.797698, 37.985504 ], [ -122.805415, 37.986007 ], [ -122.811165, 37.987704 ], [ -122.811858, 37.986144 ], [ -122.812194, 37.988804 ], [ -122.813258913406997, 37.987212639423099 ], [ -122.821383, 37.996735 ], [ -122.856641397659004, 38.016739912586601 ], [ -122.855127, 38.018354 ], [ -122.85508, 38.019584 ], [ -122.856682, 38.017849 ], [ -122.870906, 38.022844 ], [ -122.869658, 38.023632 ], [ -122.872818, 38.02543 ], [ -122.872417, 38.030576 ], [ -122.869156, 38.036853 ], [ -122.865317, 38.040514 ], [ -122.864416, 38.043266 ], [ -122.867094, 38.045587 ], [ -122.865405, 38.045555 ], [ -122.863608, 38.047628 ], [ -122.858246, 38.048947 ], [ -122.853738, 38.052774 ], [ -122.851959, 38.055509 ], [ -122.851475, 38.05891 ], [ -122.848408, 38.058858 ], [ -122.846005, 38.060085 ], [ -122.84439, 38.058605 ], [ -122.842408, 38.059547 ], [ -122.848765, 38.063505 ], [ -122.84958, 38.065303 ], [ -122.851295, 38.066333 ], [ -122.851302, 38.070194 ], [ -122.850025, 38.071278 ], [ -122.848377, 38.071053 ], [ -122.848683, 38.072776 ], [ -122.84706, 38.072703 ], [ -122.846263, 38.071788 ], [ -122.84567, 38.073225 ], [ -122.850724, 38.074038 ], [ -122.851915, 38.075515 ], [ -122.851963, 38.076971 ], [ -122.856305, 38.078771 ], [ -122.862285, 38.07978 ], [ -122.86444, 38.082128 ], [ -122.863855, 38.084945 ], [ -122.866357, 38.084364 ], [ -122.874349, 38.090003 ] ] ] } },
{ "type": "Feature", "properties": { "zip": "95124" }, "geometry": { "type": "Polygon", "coordinates": [ [ [ -121.95247, 37.25321 ], [ -121.9334, 37.275233 ], [ -121.93097, 37.275474 ], [ -121.931873, 37.276109 ], [ -121.930238, 37.277588 ], [ -121.931834, 37.278841 ], [ -121.931642, 37.280181 ], [ -121.92705, 37.281482 ], [ -121.923512, 37.280962 ], [ -121.920372, 37.285189 ], [ -121.918273, 37.285012 ], [ -121.917515, 37.286199 ], [ -121.913469, 37.287157 ], [ -121.912319, 37.280338 ], [ -121.905209, 37.270609 ], [ -121.902168, 37.262567 ], [ -121.901255, 37.262813 ], [ -121.901197, 37.26019 ], [ -121.899493, 37.256948 ], [ -121.89855, 37.257759 ], [ -121.896858, 37.25615 ], [ -121.90268, 37.253193 ], [ -121.908454, 37.25167 ], [ -121.909303, 37.252951 ], [ -121.910899, 37.251305 ], [ -121.910337, 37.250444 ], [ -121.908383, 37.250446 ], [ -121.90675, 37.248324 ], [ -121.907816, 37.247829 ], [ -121.906747, 37.246202 ], [ -121.907788, 37.245708 ], [ -121.906576, 37.244 ], [ -121.904769, 37.243665 ], [ -121.903438, 37.241355 ], [ -121.901641, 37.241115 ], [ -121.903796, 37.240136 ], [ -121.901984, 37.237186 ], [ -121.903557, 37.236911 ], [ -121.903468, 37.234168 ], [ -121.899942, 37.234327 ], [ -121.899271, 37.23311 ], [ -121.901738, 37.232291 ], [ -121.903581, 37.229561 ], [ -121.90304, 37.226341 ], [ -121.906213, 37.225487 ], [ -121.906795, 37.226453 ], [ -121.910516, 37.225031 ], [ -121.912855, 37.225321 ], [ -121.912871, 37.22669 ], [ -121.909732, 37.227555 ], [ -121.911221, 37.23631 ], [ -121.925111, 37.236147 ], [ -121.925109, 37.240095 ], [ -121.923326, 37.239834 ], [ -121.922654, 37.243488 ], [ -121.925161, 37.243474 ], [ -121.925493, 37.241154 ], [ -121.927543, 37.24114 ], [ -121.927624, 37.243451 ], [ -121.933807, 37.243417 ], [ -121.934756, 37.236159 ], [ -121.940263, 37.236836 ], [ -121.940332, 37.243395 ], [ -121.94623, 37.243588 ], [ -121.948142, 37.247878 ], [ -121.950034, 37.246505 ], [ -121.95247, 37.25321 ] ], [ [ -121.922169, 37.243473 ], [ -121.920598, 37.243484 ], [ -121.920678, 37.246778 ], [ -121.922048, 37.246681 ], [ -121.922169, 37.243473 ] ], [ [ -121.918789, 37.243516 ], [ -121.917151, 37.243529 ], [ -121.917022, 37.246904 ], [ -121.917461, 37.245781 ], [ -121.918792, 37.245723 ], [ -121.918789, 37.243516 ] ] ] } }
]
}
